reportingrailroadcode,accidentnumber,date,time,accidenttype,hazmatreleasedcars,station,stateabbr,temperature,visibility_code,visibility,weathercondition,tracktype,equipmenttype,trainspeed,equipmentdamagecost,trackdamagecost,totaldamagecost,primaryaccidentcausecode,latitude,longitude,prior_temp,actual_temp,following_temp,before_temp_change,after_temp_change,across_temp_change,temp_category,accident_category
UP,0819GL030,2019-08-19,1:43 AM,Derailment,0,BLAIR,NE,66,4.0,Dark,Clear,Main,Freight Train,34,21875,20736,42611,M503,41.545408,-96.137051,72.4,75.5,82.8,3.0999999999999943,7.299999999999997,10.399999999999991,hot,Other
BNSF,MT0322101,2022-03-11,6:09 AM,Other (describe in narrative),0,BLAISDELL,ND,-13,1.0,Dawn,Clear,Siding,Cut of cars,3,0,49455,49455,H020,48.337904,-102.089326,1.9,-6.1,20.6,-8.0,26.700000000000003,18.700000000000003,cold,Other
UP,0222MA026,2022-02-15,9:05 AM,Derailment,0,BLOOMFIELD,MO,54,2.0,Day,Clear,Main,Freight Train,35,24851,656554,681405,T318,36.949995,-89.868969,34.1,46.5,57.8,12.399999999999999,11.299999999999997,23.699999999999996,hot,Track-related
PGR,06022021,2021-06-02,12:40 PM,Derailment,0,BLOOMINGTON,MN,74,2.0,Day,Clear,Main,Freight Train,9,19440,5000,24440,T110,44.833159,-93.308808,67.3,70.1,78.3,2.799999999999997,8.200000000000003,11.0,hot,Track-related
NIRC,RII053,2015-09-13,10:50 AM,Derailment,0,BLUE ISLAND,IL,60,2.0,Day,Clear,Main,Commuter Train - Pulling,8,6418,7153,13571,M507,41.498299,-87.9077,57.3,59.6,66.9,2.3000000000000043,7.300000000000004,9.600000000000009,hot,Other
NIRC,2019071296,2019-03-07,6:00 PM,Other impacts,0,BLUE ISLAND,IL,26,3.0,Dusk,Clear,Yard,EMU,6,13373,14167,27540,H307,41.656139,-87.675853,20.7,23.5,30.7,2.8000000000000007,7.199999999999999,10.0,moderate,Other
CRL,CRL161393,2016-01-21,9:50 AM,Derailment,0,BLUE ISLAND,IL,28,2.0,Day,Clear,Yard,Freight Train,0,0,28000,166250,T314,41.672232,-87.668621,17.6,20.4,27.6,2.799999999999997,7.200000000000003,10.0,moderate,Track-related
NIRC,RII010,2015-02-23,8:38 PM,Derailment,0,BLUE ISLAND,IL,5,4.0,Dark,Cloudy,Yard,Yard/switching,6,1010,12551,13561,T399,41.655933,-87.675996,19.8,6.0,17.7,-13.8,11.7,-2.1000000000000014,cold,Track-related
IAIS,2016005,2016-01-21,9:50 AM,Derailment,0,BLUE ISLAND,IL,28,2.0,Day,Clear,Yard,Yard/switching,1,95000,0,166250,T314,41.672232,-87.668621,17.6,20.4,27.6,2.799999999999997,7.200000000000003,10.0,moderate,Track-related
IAIS,2016005,2016-01-21,9:50 AM,Derailment,0,BLUE ISLAND,IL,28,2.0,Day,Clear,Yard,Freight Train,7,43250,0,166250,T314,41.672232,-87.668621,17.6,20.4,27.6,2.799999999999997,7.200000000000003,10.0,moderate,Track-related
TIBR,181128003,2018-11-28,10:00 AM,Derailment,0,BON WEIR,TX,65,2.0,Day,Clear,Main,Freight Train,8,24000,3500,27500,T221,30.442496,-93.652544,42.7,51.6,66.0,8.899999999999999,14.399999999999999,23.299999999999997,hot,Other
UP,0418DV010,2018-04-10,7:18 AM,Derailment,0,BOND,CO,45,2.0,Day,Cloudy,Main,Freight Train,12,253708,8744,262452,M101,39.907539,-106.689454,39.4,43.4,52.4,4.0,9.0,13.0,hot,Other
CSX,000187050,2019-12-09,5:25 PM,Hwy-rail crossing,0,BONNEAU,SC,65,3.0,Dusk,Cloudy,Main,Freight Train,36,47435,19614,67049,M304,33.401567,-79.923892,47.1,56.5,67.2,9.399999999999999,10.700000000000003,20.1,hot,Other
UP,0215CB011,2015-02-28,11:00 PM,Other (describe in narrative),0,BOONE,IA,20,4.0,Dark,Cloudy,Yard,Yard/switching,3,13757,0,13757,M507,42.05843,-93.844893,0.2,8.9,22.7,8.700000000000001,13.799999999999999,22.5,cold,Other
UP,0517CB012,2017-05-21,12:23 AM,Derailment,0,BOONE,IA,47,4.0,Dark,Cloudy,Yard,Yard/switching,2,17600,300,17900,H602,42.061708,-93.860512,51.4,48.5,59.0,-2.8999999999999986,10.5,7.600000000000001,hot,Other
UP,1222GL029,2022-12-27,2:00 PM,Other (describe in narrative),0,BOONE,IA,28,2.0,Day,Clear,Yard,Cut of cars,0,42653,0,42653,M501,42.060976,-93.859231,7.7,18.6,36.6,10.900000000000002,18.0,28.900000000000002,moderate,Other
NS,155035,2023-12-11,8:00 PM,Derailment,0,BOONVILLE,IN,30,4.0,Dark,Clear,Main,Freight Train,24,514773,28166,542939,T207,37.982872,-87.3084,37.0,32.5,40.1,-4.5,7.600000000000001,3.1000000000000014,hot,Track-related
PNR,PNR182019,2018-03-02,12:30 PM,Derailment,0,BORGER,TX,68,2.0,Day,Clear,Yard,Yard/switching,6,151326,6622,157948,H522,35.66795,-101.3904,44.5,54.0,61.8,9.5,7.799999999999997,17.299999999999997,hot,Other
ATK,136606,2015-03-10,9:40 AM,Derailment,0,BOSTON,MA,40,2.0,Day,Clear,Yard,Yard/switching,0,0,93210,243210,H799,42.332868,-71.060107,37.6,38.4,46.9,0.7999999999999972,8.5,9.299999999999997,hot,Other
MBTA,1985,2015-03-10,9:40 AM,Derailment,0,BOSTON,MA,46,2.0,Day,Clear,Yard,Passenger Train - Pushing,4,150000,0,243210,H799,42.332868,-71.060107,37.6,38.4,46.9,0.7999999999999972,8.5,9.299999999999997,hot,Other
ATK,165845,2020-10-31,2:56 AM,Derailment,0,BOSTON,MA,31,4.0,Dark,Rain,Yard,Yard/switching,0,0,85000,162560,H702,42.33602,-71.060078,34.2,33.9,44.3,-0.30000000000000426,10.399999999999999,10.099999999999994,hot,Other
ATK,136159,2015-02-03,8:25 AM,Derailment,0,BOSTON,MA,18,2.0,Day,Snow,Yard,Yard/switching,5,29000,0,29000,H303,42.333058,-71.059999,18.4,14.1,27.1,-4.299999999999999,13.000000000000002,8.700000000000003,cold,Other
MBTA,1955,2015-01-29,2:03 PM,Side collision,0,BOSTON,MA,28,2.0,Day,Clear,Yard,Passenger Train - Pulling,2,7203,0,16391,H999,42.240128,-71.130362,17.9,22.6,30.3,4.700000000000003,7.699999999999999,12.400000000000002,moderate,Other
MBTA,YR2020127,2020-10-31,2:56 AM,Derailment,0,BOSTON,MA,31,4.0,Dark,Cloudy,Yard,Passenger Train - Pulling,6,77560,0,162560,H702,42.33602,-71.060078,34.2,33.9,44.3,-0.30000000000000426,10.399999999999999,10.099999999999994,hot,Other
MBTA,19269,2019-12-26,3:40 PM,Derailment,0,BOSTON,MA,35,2.0,Day,Cloudy,Main,Passenger Train - Pushing,9,37647,15512,53159,H702,42.349769,-71.109525,36.0,36.5,44.3,0.5,7.799999999999997,8.299999999999997,hot,Other
MBTA,1955,2015-01-29,2:03 PM,Side collision,0,BOSTON,MA,28,2.0,Day,Clear,Yard,Yard/switching,2,9188,0,16391,H999,42.240128,-71.130362,17.9,22.6,30.3,4.700000000000003,7.699999999999999,12.400000000000002,moderate,Other
ATK,141335,2016-02-23,9:00 AM,Derailment,0,BOSTON,MA,33,2.0,Day,Clear,Yard,Yard/switching,5,27000,0,27000,T113,42.331587,-71.059673,37.2,33.2,41.1,-4.0,7.899999999999999,3.8999999999999986,hot,Track-related
ATK,146444,2017-02-21,6:14 PM,Derailment,0,BOSTON,MA,38,3.0,Dusk,Clear,Yard,Yard/switching,5,42648,5000,47648,T113,42.331991,-71.059712,41.3,35.5,43.2,-5.799999999999997,7.700000000000003,1.9000000000000057,hot,Track-related
KRR,KRR079022,2022-12-28,7:00 AM,Derailment,0,BOSWELL,OK,33,1.0,Dawn,Clear,Main,Freight Train,25,60000,240373,300373,T204,34.012982,-95.950079,31.2,49.6,63.4,18.400000000000002,13.799999999999997,32.2,hot,Track-related
UP,0121LA011,2021-01-13,9:00 PM,Fire/violent rupture,0,BOWIE,AZ,36,4.0,Dark,Cloudy,Main,Freight Train,70,13831,0,13831,E74L,32.352547,-109.610495,40.1,38.4,47.2,-1.7000000000000028,8.800000000000004,7.100000000000001,hot,Other
URR,4319,2014-11-22,3:05 PM,Derailment,0,BRADDOCK,PA,50,2.0,Day,Clear,Industry,Yard/switching,4,15000,2400,17400,H704,40.392723,-79.846647,22.1,32.9,53.9,10.799999999999997,21.0,31.799999999999997,hot,Other
UP,0123MA037,2023-01-10,7:07 AM,Hwy-rail crossing,0,BRADFORD,AR,44,2.0,Day,Clear,Main,Freight Train,20,17779,264,18043,M302,35.549985,-91.363701,41.5,48.3,62.2,6.799999999999997,13.900000000000006,20.700000000000003,hot,Other
MNA,MNA705315D,2015-03-06,9:58 AM,Derailment,0,BRANSON,MO,45,2.0,Day,Clear,Main,Freight Train,10,15000,4737,19737,M204,36.640717,-93.214188,24.4,34.6,49.1,10.200000000000003,14.5,24.700000000000003,hot,Other
LI,GR20170103,2017-01-09,8:03 PM,Hwy-rail crossing,0,BRENTWOOD,NY,9,4.0,Dark,Clear,Main,EMU,75,215077,0,215077,M303,40.779878,-73.2478,19.6,15.6,25.5,-4.000000000000002,9.9,5.899999999999999,moderate,Other
MNCW,20016,2018-04-11,9:55 PM,Other impacts,0,BREWSTER,NY,46,4.0,Dark,Clear,Yard,EMU,2,51232,0,51232,H310,41.40716,-73.62136,38.1,37.4,45.6,-0.7000000000000028,8.200000000000003,7.5,hot,Other
WE,190112,2019-12-07,4:05 PM,Derailment,0,BREWSTER,OH,35,2.0,Day,Clear,Yard,Yard/switching,6,55000,0,55000,H318,40.714603,-81.606931,37.2,28.8,38.7,-8.400000000000002,9.900000000000002,1.5,hot,Other
BNSF,PR0418115,2018-04-21,8:25 AM,Rear end collision,0,BRIDGEPORT,NE,40,1.0,Dawn,Rain,Main,Freight Train,0,23000,0,25000,H601,41.7122,-103.152842,39.3,37.6,45.6,-1.6999999999999957,8.0,6.300000000000004,hot,Other
BNSF,PR0418115,2018-04-21,8:25 AM,Rear end collision,0,BRIDGEPORT,NE,40,1.0,Dawn,Rain,Main,Light loco(s),12,2000,0,25000,H601,41.7122,-103.152842,39.3,37.6,45.6,-1.6999999999999957,8.0,6.300000000000004,hot,Other
BNSF,MT1119103,2019-11-14,8:50 PM,Derailment,0,BROADVIEW,MT,38,3.0,Dusk,Clear,Siding,Freight Train,0,2000,0,126000,H504,46.054552,-108.846495,40.0,39.4,46.8,-0.6000000000000014,7.399999999999999,6.799999999999997,hot,Other
BNSF,MT1119103,2019-11-14,8:50 PM,Derailment,0,BROADVIEW,MT,38,3.0,Dusk,Clear,Siding,Freight Train,10,120000,4000,126000,H504,46.054552,-108.846495,40.0,39.4,46.8,-0.6000000000000014,7.399999999999999,6.799999999999997,hot,Other
ATK,146423,2017-02-10,2:59 AM,Other (describe in narrative),0,BRONX,NY,19,4.0,Dark,Snow,Main,Passenger Train - Pulling,39,141,50000,50141,S099,40.830912,-73.88306,30.0,25.9,39.3,-4.100000000000001,13.399999999999999,9.299999999999997,moderate,Other
NS,141479,2021-05-07,7:45 AM,Derailment,0,BROOKLYN,MO,58,1.0,Dawn,Clear,Main,Freight Train,5,1500,0,18182,H503,38.654377,-90.187217,57.5,54.8,69.3,-2.700000000000003,14.5,11.799999999999997,hot,Other
NS,136192,2019-11-12,2:30 AM,Derailment,0,BROOKLYN,IL,12,4.0,Dark,Snow,Main,Freight Train,5,1732,0,24732,E64C,38.657783,-90.160589,32.0,15.6,24.0,-16.4,8.4,-8.0,moderate,Other
CP,1000331403,2016-01-13,8:47 AM,Hwy-rail crossing,0,BROOTEN,MN,12,2.0,Day,Clear,Main,Freight Train,52,85916,340,86256,M302,45.507561,-95.13146,-7.1,11.2,19.6,18.299999999999997,8.400000000000002,26.700000000000003,cold,Other
UP,0315SL008,2015-03-20,1:10 PM,Other (describe in narrative),0,BROWNSTOWN,IL,45,2.0,Day,Cloudy,Main,Freight Train,0,0,0,51000,E39L,39.00797,-88.848063,45.1,45.2,51.9,0.10000000000000142,6.699999999999996,6.799999999999997,hot,Other
CSX,000154639,2015-11-24,6:30 PM,Hwy-rail crossing,0,BROWNSVILLE,TN,62,4.0,Dark,Cloudy,Main,Freight Train,45,9542,6050,15592,M302,35.542084,-89.286124,38.6,45.9,54.6,7.299999999999997,8.700000000000003,16.0,hot,Other
BNSF,RD1020121,2020-10-28,6:50 PM,Derailment,0,BROWNWOOD,TX,40,3.0,Dusk,Cloudy,Yard,Freight Train,7,19500,1243,20743,H307,31.713614,-98.966952,32.9,39.9,48.7,7.0,8.800000000000004,15.800000000000004,hot,Other
BNSF,RD1122121,2022-11-20,2:20 PM,Derailment,0,BROWNWOOD,TX,37,2.0,Day,Rain,Yard,Freight Train,4,43888,31175,75063,H703,31.714494,-98.968169,36.7,37.1,43.7,0.3999999999999986,6.600000000000001,7.0,hot,Other
BNSF,RD0119103,2019-01-04,12:05 AM,Derailment,0,BROWNWOOD,TX,32,4.0,Dark,Cloudy,Yard,Freight Train,0,0,8946,11445,T110,31.713995,-98.967609,35.5,45.8,52.9,10.299999999999997,7.100000000000001,17.4,hot,Track-related
BNSF,GC1214106,2014-12-28,9:20 AM,Derailment,0,BROWNWOOD,TX,34,2.0,Day,Cloudy,Yard,Freight Train,6,8074,5500,13574,T202,31.713162,-98.990199,39.4,39.2,46.5,-0.19999999999999574,7.299999999999997,7.100000000000001,hot,Track-related
BNSF,RD0123104,2023-01-09,12:18 AM,Derailment,0,BROWNWOOD,TX,40,4.0,Dark,Clear,Yard,Freight Train,4,55350,150000,205350,T317,31.701227,-98.949894,49.9,55.6,65.8,5.700000000000003,10.199999999999996,15.899999999999999,hot,Track-related
BNSF,GC1114104,2014-11-14,10:00 AM,Derailment,0,BROWNWOOD,TX,48,2.0,Day,Clear,Yard,Freight Train,7,20278,1000,21278,T207,31.714015,-98.986881,30.1,34.1,44.6,4.0,10.5,14.5,hot,Track-related
TXR,TXR190104,2019-01-04,12:05 AM,Derailment,0,BROWNWOOD,TX,32,4.0,Dark,Cloudy,Yard,Freight Train,5,2499,0,11445,T110,31.713995,-98.967609,35.5,45.8,52.9,10.299999999999997,7.100000000000001,17.4,hot,Track-related
NS,154476,2023-10-11,8:25 AM,Other (describe in narrative),0,BUECHEL,KY,61,2.0,Day,Clear,Yard,Yard/switching,5,15050,4036,19086,H702,38.193357,-85.648433,53.9,55.0,64.9,1.1000000000000014,9.900000000000006,11.000000000000007,hot,Other
CSX,000181142,2019-02-03,6:18 AM,Side collision,0,BUFFALO,NY,42,1.0,Dawn,Cloudy,Yard,Yard/switching,7,46310,0,111091,H305,42.901973,-78.773441,23.2,42.3,50.9,19.099999999999998,8.600000000000001,27.7,hot,Other
CSX,000181142,2019-02-03,6:18 AM,Side collision,0,BUFFALO,NY,42,1.0,Dawn,Cloudy,Yard,Light loco(s),0,48711,16070,111091,H305,42.901973,-78.773441,23.2,42.3,50.9,19.099999999999998,8.600000000000001,27.7,hot,Other
CSX,000174429,2018-01-31,5:15 PM,Derailment,0,BUFFALO,NY,25,3.0,Dusk,Clear,Yard,Yard/switching,2,13000,126,13126,E71L,42.901973,-78.773441,16.2,23.3,34.2,7.100000000000001,10.900000000000002,18.000000000000004,moderate,Other
CSX,000202453,2022-01-16,5:39 PM,Derailment,0,BUFFALO,NY,29,3.0,Dusk,Cloudy,Yard,Freight Train,7,136458,9976,146434,S011,42.901926,-78.773366,7.8,18.1,26.9,10.3,8.799999999999997,19.099999999999998,moderate,Other
AWRR,221204001,2022-12-04,1:45 PM,Derailment,0,BURNET,TX,60,2.0,Day,Clear,Industry,Yard/switching,3,12000,2000,14000,T319,30.655122,-98.252971,57.8,52.1,63.8,-5.699999999999996,11.699999999999996,6.0,hot,Track-related
KJRY,KJ191018O,2019-10-18,4:25 PM,Other (describe in narrative),0,BURNSIDE,IL,52,2.0,Day,Clear,Main,Freight Train,10,17000,0,17000,E79L,40.5027,-91.1064,46.6,48.9,56.6,2.299999999999997,7.700000000000003,10.0,hot,Other
UP,0315PR017,2015-03-12,8:08 PM,Derailment,0,BUTLER,WI,48,4.0,Dark,Cloudy,Yard,Freight Train,6,6127,14542,20669,H503,43.092793,-88.064467,41.9,39.0,47.0,-2.8999999999999986,8.0,5.100000000000001,hot,Other
BNSF,TC1219205,2019-12-18,11:11 AM,Hwy-rail crossing,0,BUXTON,ND,15,2.0,Day,Clear,Main,Freight Train,48,25000,0,25000,M302,47.57064,-97.09117,1.8,3.6,11.8,1.8,8.200000000000001,10.0,cold,Other
CSX,000159610,2016-05-05,5:07 PM,Derailment,0,CABIN CREEK,WV,65,3.0,Dusk,Cloudy,Main,Freight Train,10,149730,49184,198914,T207,38.171994,-81.447314,55.1,47.8,56.6,-7.300000000000004,8.800000000000004,1.5,hot,Track-related
BNSF,SF0216110,2016-02-18,1:00 AM,Other (describe in narrative),0,CABOOL,MO,50,4.0,Dark,Clear,Main,Freight Train,30,27550,0,27550,E33C,37.120746,-92.103791,42.4,51.4,60.6,9.0,9.200000000000003,18.200000000000003,hot,Other
WE,220009,2022-02-06,11:45 PM,Other (describe in narrative),0,CADIZ,OH,32,4.0,Dark,Clear,Siding,Light loco(s),10,36549,0,36549,H299,40.25905,-81.02874,16.3,20.7,31.1,4.399999999999999,10.400000000000002,14.8,moderate,Other
IC,845106,2015-03-29,12:45 PM,Derailment,0,CAIRO,IL,50,2.0,Day,Clear,Yard,Freight Train,6,13771,3300,17071,H704,37.009782,-89.173465,36.3,46.2,55.6,9.900000000000006,9.399999999999999,19.300000000000004,hot,Other
IC,841316,2015-02-19,10:00 AM,Derailment,0,CAIRO,IL,8,2.0,Day,Clear,Yard,Freight Train,10,158127,25005,183132,E41C,37.038195,-89.197652,21.6,9.4,23.2,-12.200000000000001,13.799999999999999,1.5999999999999979,cold,Other
IC,1056419,2020-12-10,12:10 AM,Side collision,0,CAIRO,IL,60,4.0,Dark,Clear,Yard,Cut of cars,0,59456,0,114582,H306,37.021711,-89.184162,43.9,46.8,54.2,2.8999999999999986,7.400000000000006,10.300000000000004,hot,Other
IC,1056419,2020-12-10,12:10 AM,Side collision,0,CAIRO,IL,60,4.0,Dark,Clear,Yard,Yard/switching,9,55126,0,114582,H306,37.021711,-89.184162,43.9,46.8,54.2,2.8999999999999986,7.400000000000006,10.300000000000004,hot,Other
NS,144244,2022-02-02,6:04 AM,Derailment,0,CALHOUN,TN,55,1.0,Dawn,Cloudy,Main,Freight Train,47,12000,47166,59166,E44C,35.303446,-84.746118,39.7,47.1,56.3,7.399999999999999,9.199999999999996,16.599999999999994,hot,Other
NS,122385,2016-10-11,6:45 PM,Derailment,0,CALIFORNIA,PA,65,3.0,Dusk,Clear,Yard,Freight Train,5,11890,1589,13479,T314,40.048557,-79.893377,48.3,50.8,57.7,2.5,6.900000000000006,9.400000000000006,hot,Track-related
CSX,000179452,2018-10-22,8:05 AM,Derailment,0,CALLAGHAN,VA,32,1.0,Dawn,Clear,Main,Freight Train,30,776620,125804,902424,T207,37.8119,-80.0744,36.0,41.8,49.6,5.799999999999997,7.800000000000004,13.600000000000001,hot,Track-related
UP,0618TC033,2018-06-28,2:45 AM,Derailment,0,CALLENDER,IA,67,4.0,Dark,Cloudy,Siding,Freight Train,4,31492,2427,33919,H702,42.38419,-94.29092,71.8,75.2,82.6,3.4000000000000057,7.3999999999999915,10.799999999999997,hot,Other
UP,1116TC007,2016-11-16,9:29 AM,Derailment,0,CALLENDER,IA,66,2.0,Day,Clear,Main,Freight Train,25,92708,13088,105796,T204,42.3834,-94.290999,45.3,49.3,57.2,4.0,7.900000000000006,11.900000000000006,hot,Track-related
CRSH,143712,2021-12-10,5:05 AM,Hwy-rail crossing,0,CAMDEN,NJ,38,1.0,Dawn,Clear,Yard,Freight Train,8,13209,0,13209,M308,39.945124,-75.103439,37.0,42.5,57.1,5.5,14.600000000000001,20.1,hot,Other
BNSF,RD0221204,2021-02-23,6:44 AM,Hwy-rail crossing,5,CAMERON,TX,61,1.0,Dawn,Clear,Main,Freight Train,31,656132,505000,1161132,M302,30.830491,-96.930277,56.6,61.1,68.8,4.5,7.699999999999996,12.199999999999996,hot,Other
BNSF,KS1119202,2019-11-28,4:45 AM,Hwy-rail crossing,0,CAMPO,CO,31,1.0,Dawn,Cloudy,Main,Freight Train,47,16182,2925,19107,M308,37.116807,-102.582422,27.1,31.8,41.1,4.699999999999999,9.3,14.0,hot,Other
WE,170022,2017-02-27,9:00 AM,Derailment,0,CANTON,OH,37,2.0,Day,Cloudy,Yard,Light loco(s),6,1053,24794,25847,H702,40.767823,-81.417757,31.6,39.6,47.9,8.0,8.299999999999997,16.299999999999997,hot,Other
WE,220089,2022-12-27,8:00 AM,Derailment,0,CANTON,OH,24,2.0,Day,Snow,Yard,Yard/switching,5,1764,17811,19575,T309,40.868467,-81.251883,14.8,25.5,35.6,10.7,10.100000000000001,20.8,moderate,Track-related
BLU,201209001,2020-12-09,2:25 PM,Derailment,0,CANTON,NC,50,2.0,Day,Clear,Industry,Freight Train,5,0,50000,50000,T110,35.532109,-82.84428,30.9,38.2,45.8,7.300000000000004,7.599999999999994,14.899999999999999,hot,Track-related
RCPE,RCP198122D,2022-09-22,4:00 AM,Derailment,0,CAPA,SD,43,4.0,Dark,Cloudy,Main,Freight Train,7,40000,5000,45000,T207,44.104561,-100.996753,57.1,54.0,61.3,-3.1000000000000014,7.299999999999997,4.199999999999996,hot,Track-related
WE,210083,2021-12-23,8:00 PM,Other (describe in narrative),0,CARNEGIE,PA,35,4.0,Dark,Clear,Yard,Yard/switching,8,3303,22755,26058,M507,40.416135,-80.061734,31.0,29.2,52.3,-1.8000000000000007,23.099999999999998,21.299999999999997,hot,Other
WE,170047,2017-04-08,11:20 PM,Derailment,0,CARROLLTON,OH,30,4.0,Dark,Clear,Main,Light loco(s),6,493,15124,15617,T110,40.464307,-81.18765,36.4,42.7,55.3,6.300000000000004,12.599999999999994,18.9,hot,Track-related
CSX,000167263,2017-03-04,4:36 AM,Derailment,0,CARTERSVILLE,GA,68,4.0,Dark,Clear,Industry,Freight Train,2,121865,12100,133965,H702,34.125834,-84.903072,41.2,43.0,50.9,1.7999999999999972,7.899999999999999,9.699999999999996,hot,Other
BNSF,PR1120110,2020-11-29,4:01 AM,Derailment,0,CASPER,WY,19,1.0,Dawn,Clear,Yard,Cut of cars,0,110265,0,194461,H599,42.854142,-106.324305,35.5,25.0,36.9,-10.5,11.899999999999999,1.3999999999999986,moderate,Other
BNSF,PR1120110,2020-11-29,4:01 AM,Derailment,0,CASPER,WY,19,1.0,Dawn,Clear,Yard,Yard/switching,7,68833,15363,194461,H599,42.854142,-106.324305,35.5,25.0,36.9,-10.5,11.899999999999999,1.3999999999999986,moderate,Other
CIC,D202299,2022-09-19,2:20 PM,Other impacts,0,CEDAR RAPIDS,IA,42,2.0,Day,Clear,Yard,Spec. MoW Equip.,0,26423,0,52846,H607,41.93418,-91.702346,73.3,71.2,80.8,-2.0999999999999943,9.599999999999994,7.5,hot,Other
CIC,D202299,2022-09-19,2:20 PM,Other impacts,0,CEDAR RAPIDS,IA,82,2.0,Day,Clear,Yard,Spec. MoW Equip.,3,26423,0,52846,H607,41.93418,-91.702346,73.3,71.2,80.8,-2.0999999999999943,9.599999999999994,7.5,hot,Other
NS,122906,2016-11-27,8:30 PM,Derailment,0,CENTRALIA,MO,42,4.0,Dark,Clear,Main,Freight Train,22,64605,914,65519,H601,39.212474,-92.135134,38.3,45.0,51.7,6.700000000000003,6.700000000000003,13.400000000000006,hot,Other
IC,981375,2018-12-10,6:39 PM,Hwy-rail crossing,0,CHAMPAIGN,IL,24,4.0,Dark,Fog,Main,Passenger Train - Pulling,0,0,2144,28662,M304,40.12728,-88.23599,22.8,19.0,30.0,-3.8000000000000007,11.0,7.199999999999999,moderate,Other
IC,951244,2018-02-26,10:58 PM,Derailment,0,CHAMPAIGN,IL,37,4.0,Dark,Clear,Yard,Freight Train,3,10100,10356,20456,E79L,40.143059,-88.229399,39.2,41.3,48.6,2.0999999999999943,7.300000000000004,9.399999999999999,hot,Other
ATK,156672,2018-12-10,6:39 PM,Hwy-rail crossing,0,CHAMPAIGN,IL,24,4.0,Dark,Fog,Main,Passenger Train - Pulling,51,26518,0,28662,M304,40.12728,-88.23599,22.8,19.0,30.0,-3.8000000000000007,11.0,7.199999999999999,moderate,Other
UP,0716TC008,2016-07-10,6:20 PM,Derailment,0,CHAPIN,IA,85,2.0,Day,Clear,Industry,Freight Train,8,250,64250,64500,T110,42.840142,-93.222538,69.7,68.5,78.5,-1.2000000000000028,10.0,8.799999999999997,hot,Track-related
GRS,20170227W1,2017-02-27,7:00 AM,Derailment,0,CHARLEMONT,MA,40,1.0,Dawn,Clear,Main,Freight Train,20,152000,40004,192004,T203,42.622916,-72.87425,31.0,35.1,44.1,4.100000000000001,9.0,13.100000000000001,hot,Track-related
NECR,NEC934319A,2019-02-03,5:30 PM,Obstruction,0,CHARLESTOWN,NH,29,4.0,Dark,Snow,Main,Passenger Train - Pulling,0,0,0,19907,M402,43.139005,-72.447317,10.2,26.3,35.9,16.1,9.599999999999998,25.7,moderate,Other
ATK,157439,2019-02-03,5:30 PM,Obstruction,0,CHARLESTOWN,NH,29,4.0,Dark,Snow,Main,Passenger Train - Pulling,79,19907,0,19907,M402,43.182045,-72.439568,10.2,26.3,35.9,16.1,9.599999999999998,25.7,moderate,Other
NS,151829,2022-12-24,2:45 AM,Derailment,0,CHARLOTTE,NC,25,4.0,Dark,Clear,Yard,Yard/switching,8,1700,11246,12946,T207,35.228064,-80.852619,31.8,18.3,26.2,-13.5,7.899999999999999,-5.600000000000001,moderate,Track-related
NS,143888,2021-12-31,7:00 AM,Derailment,0,CHATTANOOGA,TN,68,1.0,Dawn,Cloudy,Yard,Light loco(s),5,39170,24520,63690,H017,35.082989,-85.244258,62.3,60.3,71.4,-2.0,11.100000000000009,9.100000000000009,hot,Other
CSX,000210394,2023-03-20,8:53 PM,Side collision,0,CHATTANOOGA,TN,54,4.0,Dark,Clear,Yard,Freight Train,3,2000,0,20000,H210,35.012679,-85.371499,34.3,38.7,47.5,4.400000000000006,8.799999999999997,13.200000000000003,hot,Other
CSX,000210394,2023-03-20,8:53 PM,Side collision,0,CHATTANOOGA,TN,54,4.0,Dark,Clear,Yard,Freight Train,3,18000,0,20000,H210,35.012679,-85.371499,34.3,38.7,47.5,4.400000000000006,8.799999999999997,13.200000000000003,hot,Other
NPB,AR20167,2016-11-23,1:06 AM,Derailment,0,CHESAPEAKE,VA,34,4.0,Dark,Clear,Yard,Yard/switching,4,31025,5000,36025,H506,36.822786,-76.280974,41.6,42.8,51.5,1.1999999999999957,8.700000000000003,9.899999999999999,hot,Other