reportingrailroadcode,accidentnumber,date,time,accidenttype,hazmatreleasedcars,station,stateabbr,temperature,visibility_code,visibility,weathercondition,tracktype,equipmenttype,trainspeed,equipmentdamagecost,trackdamagecost,totaldamagecost,primaryaccidentcausecode,latitude,longitude,prior_temp,actual_temp,following_temp,before_temp_change,after_temp_change,across_temp_change,temp_category,accident_category
PTRA,2018000021,2018-04-16,6:00 PM,Derailment,0,DEER PARK,TX,70,3.0,Dusk,Clear,Main,Freight Train,5,8000,7000,15000,E46C,29.720776,-95.115726,57.8,63.2,69.9,5.400000000000006,6.700000000000003,12.100000000000009,hot,Other
ATK,169752,2022-02-10,6:45 PM,Obstruction,0,DEERFIELD,IL,30,4.0,Dark,Clear,Main,Passenger Train - Pulling,0,11450,0,11450,M402,42.147923,-87.838683,37.3,30.5,37.7,-6.799999999999997,7.200000000000003,0.4000000000000057,hot,Other
NIRC,9419000694,2022-02-10,6:45 PM,Obstruction,0,DEERFIELD,IL,30,4.0,Dark,Clear,Main,Passenger Train - Pulling,0,0,0,11450,M402,42.147923,-87.838683,37.3,30.5,37.7,-6.799999999999997,7.200000000000003,0.4000000000000057,hot,Other
BLF,20180064,2018-03-10,8:05 PM,Hwy-rail crossing,0,DEERFIELD BEACH,FL,75,4.0,Dark,Rain,Main,Passenger Train - Pulling,77,20812,0,21012,M303,26.304833,-80.105029,61.1,68.2,77.9,7.100000000000001,9.700000000000003,16.800000000000004,hot,Other
FEC,X10031018,2018-03-10,8:05 PM,Hwy-rail crossing,0,DEERFIELD BEACH,FL,75,4.0,Dark,Rain,Main,Freight Train,0,0,200,21012,M303,26.304833,-80.105029,61.1,68.2,77.9,7.100000000000001,9.700000000000003,16.800000000000004,hot,Other
NS,152128,2023-01-27,10:52 AM,Derailment,0,DELAWARE,OH,37,2.0,Day,Clear,Main,Freight Train,4,1188629,96685,1285314,H503,40.262518,-83.035287,30.7,28.2,37.0,-2.5,8.8,6.300000000000001,hot,Other
CFE,CFE319723O,2023-02-03,7:45 AM,Derailment,0,DELPHOS,OH,14,1.0,Dawn,Clear,Siding,Cut of cars,3,20000,2965,22965,M504,40.842456,-84.351233,28.0,16.6,26.8,-11.399999999999999,10.2,-1.1999999999999993,moderate,Other
KYLE,KYL640923D,2023-12-18,7:55 PM,Derailment,0,DELPHOS,KS,32,4.0,Dark,Clear,Main,Freight Train,10,10000,15000,25000,E40C,39.269135,-97.769294,39.9,34.5,41.9,-5.399999999999999,7.399999999999999,2.0,hot,Other
FEC,D73123116,2016-12-31,3:23 AM,Obstruction,0,DELRAY BEACH,FL,70,4.0,Dark,Clear,Main,Freight Train,52,3673,15564,19237,M402,26.439439,-80.073854,62.0,65.5,75.7,3.5,10.200000000000003,13.700000000000003,hot,Other
UP,0624RM006,2024-06-05,9:45 PM,Derailment,0,DELTA,UT,83,4.0,Dark,Clear,Industry,Yard/switching,5,223989,0,223989,T299,39.511811,-112.592098,66.3,71.1,78.5,4.799999999999997,7.400000000000006,12.200000000000003,hot,Track-related
UP,0223TO016,2023-02-11,1:45 AM,Derailment,0,DENISON,TX,34,4.0,Dark,Cloudy,Main,Freight Train,8,155117,26355,181472,E27C,33.772085,-96.56365,39.7,40.4,47.6,0.6999999999999957,7.200000000000003,7.899999999999999,hot,Other
UP,0116FW023,2016-01-23,12:40 PM,Hwy-rail crossing,0,DENTON,TX,48,2.0,Day,Clear,Main,Freight Train,43,15188,576,15764,M304,33.138878,-97.175228,37.1,36.2,48.3,-0.8999999999999986,12.099999999999994,11.199999999999996,hot,Other
BNSF,PR0324107,2024-03-25,7:00 AM,Derailment,0,DENVER,CO,39,1.0,Dawn,Snow,Main,Light loco(s),7,154,20000,20154,H305,39.766,-104.992295,38.3,21.3,28.9,-16.999999999999996,7.599999999999998,-9.399999999999999,moderate,Other
BNSF,PR1117108,2017-11-12,8:00 AM,Side collision,0,DENVER,CO,40,1.0,Dawn,Clear,Yard,Light loco(s),0,15300,0,56100,H307,39.765969,-104.99239,42.2,41.4,52.8,-0.8000000000000043,11.399999999999999,10.599999999999994,hot,Other
BNSF,PR1117108,2017-11-12,8:00 AM,Side collision,0,DENVER,CO,40,1.0,Dawn,Clear,Yard,Light loco(s),6,40800,0,56100,H307,39.765969,-104.99239,42.2,41.4,52.8,-0.8000000000000043,11.399999999999999,10.599999999999994,hot,Other
UP,1017DV010,2017-10-10,10:30 AM,Derailment,0,DENVER,CO,50,2.0,Day,Clear,Yard,Yard/switching,4,6883,4584,11467,E07C,39.785699,-104.998485,31.9,39.9,52.3,8.0,12.399999999999999,20.4,hot,Other
BNSF,PR0222108,2022-02-12,7:22 AM,Derailment,0,DENVER,CO,16,1.0,Dawn,Cloudy,Yard,Freight Train,4,170343,148350,318693,H505,39.762362,-104.996187,31.8,25.1,38.3,-6.699999999999999,13.199999999999996,6.4999999999999964,moderate,Other
BNSF,PR0119103,2019-01-02,8:45 PM,Derailment,0,DENVER,CO,24,3.0,Dusk,Clear,Yard,Yard/switching,6,64520,5000,69520,H503,39.76233,-104.995541,4.3,21.8,34.4,17.5,12.599999999999998,30.099999999999998,moderate,Other
BNSF,PR1123109,2023-11-21,1:36 AM,Other (describe in narrative),0,DENVER,CO,30,4.0,Dark,Clear,Yard,Yard/switching,4,12388,0,12388,H302,39.768756,-104.991322,39.2,39.3,50.1,0.09999999999999432,10.800000000000004,10.899999999999999,hot,Other
BNSF,PR0222115,2022-02-18,5:30 PM,Side collision,0,DENVER,CO,27,3.0,Dusk,Clear,Yard,Yard/switching,4,11705,0,73251,H307,39.764033,-104.993076,20.2,32.9,40.9,12.7,8.0,20.7,hot,Other
BNSF,PR0222115,2022-02-18,5:30 PM,Side collision,0,DENVER,CO,27,3.0,Dusk,Clear,Yard,Freight Train,10,20046,41500,73251,H307,39.764033,-104.993076,20.2,32.9,40.9,12.7,8.0,20.7,hot,Other
RTDC,30066,2016-12-03,5:53 PM,Derailment,0,DENVER,CO,31,4.0,Dark,Clear,Yard,EMU,3,26755,200,26955,H607,39.794911,-104.999134,25.4,27.3,34.0,1.9000000000000021,6.699999999999999,8.600000000000001,hot,Other
BNSF,PR0417103,2017-04-06,7:24 PM,Derailment,0,DENVER,CO,54,3.0,Dusk,Cloudy,Yard,Light loco(s),0,0,8207,52895,H307,39.763887,-104.99286,38.0,48.6,61.1,10.600000000000001,12.5,23.1,hot,Other
ATK,146968,2017-04-06,7:24 PM,Derailment,0,DENVER,CO,59,3.0,Dusk,Cloudy,Yard,Passenger Train - Pulling,5,44688,0,52895,H702,39.759021,-104.992486,38.0,48.6,61.1,10.600000000000001,12.5,23.1,hot,Other
UP,0416DV001,2016-04-01,1:00 AM,Derailment,0,DENVER,CO,30,4.0,Dark,Cloudy,Yard,Freight Train,7,12712,3644,16356,S103,39.771368,-104.973377,31.6,35.4,47.4,3.799999999999997,12.0,15.799999999999997,hot,Other
UP,0315DV023,2015-03-25,6:30 PM,Derailment,0,DENVER,CO,39,3.0,Dusk,Clear,Yard,Freight Train,4,10030,31062,41092,T110,39.768382,-104.85856,49.5,37.1,44.6,-12.399999999999999,7.5,-4.899999999999999,hot,Track-related
BNSF,PR0222114,2022-02-18,4:35 AM,Derailment,0,DENVER,CO,15,1.0,Dawn,Snow,Yard,Yard/switching,3,21002,9200,30202,T113,39.774799,-104.982132,20.2,32.9,40.9,12.7,8.0,20.7,hot,Track-related
BNSF,PR0819111,2019-08-27,7:00 AM,Derailment,0,DENVER,CO,65,1.0,Dawn,Clear,Yard,Yard/switching,7,5619,35000,40619,T101,39.769082,-104.989572,70.1,65.7,72.6,-4.3999999999999915,6.8999999999999915,2.5,hot,Track-related
NS,124554,2017-04-01,3:53 AM,Rear end collision,0,DEPAUW,IN,42,4.0,Dark,Cloudy,Main,Freight Train,11,30,7943,67973,H222,38.336355,-86.243072,53.6,47.7,55.2,-5.899999999999999,7.5,1.6000000000000014,hot,Other
NS,124554,2017-04-01,3:53 AM,Rear end collision,0,DEPAUW,IN,42,4.0,Dark,Cloudy,Main,Freight Train,0,60000,0,67973,H222,38.336355,-86.243072,53.6,47.7,55.2,-5.899999999999999,7.5,1.6000000000000014,hot,Other
NS,137947,2020-05-14,2:25 AM,Derailment,0,DEPEW,NY,40,4.0,Dark,Clear,Yard,Yard/switching,4,8901,4000,12901,H506,42.904361,-78.725306,42.7,53.3,60.7,10.599999999999994,7.400000000000006,18.0,hot,Other
BNSF,MT0223106,2023-02-24,3:36 AM,Derailment,0,DES LACS,ND,-24,4.0,Dark,Clear,Main,Freight Train,48,807826,243814,1051640,H019,48.248124,-101.494031,-10.3,-11.2,2.8,-0.8999999999999986,14.0,13.100000000000001,cold,Other
IAIS,2020022,2020-07-16,10:45 AM,Hwy-rail crossing,0,DES MOINES,IA,75,2.0,Day,Clear,Main,Freight Train,23,20000,0,20000,M302,41.572601,-93.66547,69.8,72.8,80.3,3.0,7.5,10.5,hot,Other
UP,0315TC011,2015-03-31,6:32 AM,Derailment,0,DES MOINES,IA,45,1.0,Dawn,Clear,Yard,Freight Train,5,25788,5687,31475,H704,41.618299,-93.582751,55.6,60.1,66.8,4.5,6.699999999999996,11.199999999999996,hot,Other
UP,0124GL025,2024-01-16,3:37 PM,Other impacts,0,DES MOINES,IA,2,2.0,Day,Cloudy,Yard,Yard/switching,5,1701,0,1801,M599,41.588827,-93.559448,-7.2,-1.7,13.4,5.5,15.1,20.6,cold,Other
UP,0124GL025,2024-01-16,3:37 PM,Other impacts,0,DES MOINES,IA,2,2.0,Day,Cloudy,Yard,Single Car,5,100,0,1801,M599,41.588827,-93.559448,-7.2,-1.7,13.4,5.5,15.1,20.6,cold,Other
UP,0419GL027,2019-04-15,3:00 AM,Derailment,0,DES MOINES,IA,30,4.0,Dark,Cloudy,Yard,Yard/switching,4,5848,5266,11114,E69C,41.590136,-93.57435,41.0,54.3,64.0,13.299999999999997,9.700000000000003,23.0,hot,Other
UP,0421GL021,2021-04-30,7:15 PM,Derailment,0,DES MOINES,IA,72,3.0,Dusk,Cloudy,Industry,Yard/switching,1,17758,150,17908,S012,41.590803,-93.554447,62.3,62.0,73.4,-0.29999999999999716,11.400000000000006,11.100000000000009,hot,Other
UP,1018TC011,2018-10-15,7:25 PM,Derailment,0,DES MOINES,IA,40,3.0,Dusk,Cloudy,Main,Freight Train,9,407265,76012,483277,T001,41.56621,-93.573189,39.0,38.4,46.8,-0.6000000000000014,8.399999999999999,7.799999999999997,hot,Track-related
GTW,1152289,2024-07-02,3:57 AM,Derailment,0,DETROIT,MI,60,4.0,Dark,Clear,Main,Freight Train,8,8300,0,8300,M507,42.336388,-83.09983,65.2,70.5,79.4,5.299999999999997,8.900000000000006,14.200000000000003,hot,Other
CRSH,146883,2024-07-02,3:57 AM,Derailment,0,DETROIT,MI,60,4.0,Dark,Clear,Main,Freight Train,0,0,41123,41123,E46C,42.336388,-83.09983,65.2,70.5,79.4,5.299999999999997,8.900000000000006,14.200000000000003,hot,Other
GTW,1021157,2019-12-12,9:38 AM,Derailment,0,DETROIT,MI,38,2.0,Day,Clear,Main,Freight Train,10,207823,0,273194,E00C,42.326713,-83.098053,21.3,25.7,33.5,4.399999999999999,7.800000000000001,12.2,moderate,Other
CRSH,131495,2018-10-30,9:40 AM,Raking collision,0,DETROIT,MI,49,2.0,Day,Cloudy,Yard,Yard/switching,2,53957,0,57544,H702,42.383796,-82.974525,45.0,45.6,53.3,0.6000000000000014,7.699999999999996,8.299999999999997,hot,Other
CRSH,131495,2018-10-30,9:40 AM,Raking collision,0,DETROIT,MI,49,2.0,Day,Cloudy,Yard,Yard/switching,5,3387,200,57544,H702,42.383796,-82.974525,45.0,45.6,53.3,0.6000000000000014,7.699999999999996,8.299999999999997,hot,Other
NS,156676,2024-05-12,2:30 AM,Side collision,0,DETROIT,MI,60,4.0,Dark,Clear,Yard,Freight Train,3,26000,0,57530,H702,42.282906,-83.154444,54.7,57.5,70.6,2.799999999999997,13.099999999999994,15.899999999999991,hot,Other
CRSH,140879,2021-03-09,9:25 PM,Derailment,0,DETROIT,MI,45,4.0,Dark,Clear,Yard,Light loco(s),3,0,23000,23000,H704,42.316197,-83.113799,46.8,45.6,54.3,-1.1999999999999957,8.699999999999996,7.5,hot,Other
NS,156676,2024-05-12,2:30 AM,Side collision,0,DETROIT,MI,60,4.0,Dark,Clear,Yard,Freight Train,4,1500,30030,57530,H702,42.282906,-83.154444,54.7,57.5,70.6,2.799999999999997,13.099999999999994,15.899999999999991,hot,Other
NS,132323,2019-01-07,1:30 AM,Derailment,0,DETROIT,MI,33,4.0,Dark,Cloudy,Yard,Cut of cars,9,13675,20313,33988,E49C,42.28279,-83.154903,36.7,38.1,45.1,1.3999999999999986,7.0,8.399999999999999,hot,Other
CRSH,136482,2019-12-12,9:38 AM,Derailment,0,DETROIT,MI,38,2.0,Day,Clear,Main,Freight Train,0,0,65371,273194,E00C,42.326713,-83.098053,21.3,25.7,33.5,4.399999999999999,7.800000000000001,12.2,moderate,Other
CSX,000213265,2023-09-02,1:45 PM,Derailment,0,DETROIT,MI,90,2.0,Day,Clear,Industry,Freight Train,8,1896,580,15810,T110,42.295128,-83.127267,66.0,71.3,78.0,5.299999999999997,6.700000000000003,12.0,hot,Track-related
NS,154100,2023-09-02,1:40 PM,Derailment,0,DETROIT,MI,80,2.0,Day,Clear,Yard,Freight Train,0,0,13334,15810,T110,42.295628,-83.127446,66.0,71.3,78.0,5.299999999999997,6.700000000000003,12.0,hot,Track-related
UP,1220SX013,2020-12-10,3:37 AM,Fire/violent rupture,0,DEVINE,TX,40,4.0,Dark,Clear,Main,Freight Train,50,326281,0,326281,M406,29.124367,-98.914776,57.2,58.0,65.6,0.7999999999999972,7.599999999999994,8.399999999999991,hot,Other
DL,171001,2017-10-27,3:57 PM,Derailment,0,DICKSON CITY,PA,65,2.0,Day,Clear,Main,Freight Train,10,273256,169685,442941,T110,41.446597,-75.642556,45.9,47.9,57.4,2.0,9.5,11.5,hot,Track-related
BNSF,TC0818111,2018-08-29,4:09 AM,Derailment,0,DILWORTH,MN,53,1.0,Dawn,Clear,Yard,Yard/switching,3,11048,0,11048,H018,46.874217,-96.681122,55.2,58.8,67.0,3.5999999999999943,8.200000000000003,11.799999999999997,hot,Other
NS,144830,2022-03-29,8:10 PM,Derailment,0,DISPUTANTA,VA,43,4.0,Dark,Clear,Industry,Freight Train,10,25428,0,25428,T207,37.084726,-77.168717,38.6,35.7,51.1,-2.8999999999999986,15.399999999999999,12.5,hot,Track-related
BNSF,KS0418107,2018-04-10,8:00 PM,Derailment,0,DODGE CITY,KS,55,3.0,Dusk,Clear,Yard,Freight Train,0,0,12500,13300,E67L,37.751642,-100.006814,46.4,53.8,66.2,7.399999999999999,12.400000000000006,19.800000000000004,hot,Other
BNSF,KS0422104,2022-04-19,5:18 PM,Derailment,0,DODGE CITY,KS,58,3.0,Dusk,Clear,Yard,Freight Train,6,34769,2500,37269,M501,37.751202,-100.003097,47.1,51.2,63.7,4.100000000000001,12.5,16.6,hot,Other
CVR,CVR041018D,2018-04-10,8:00 PM,Derailment,0,DODGE CITY,KS,50,4.0,Dark,Clear,Yard,Freight Train,5,800,0,13300,T314,37.751642,-100.006814,46.4,53.8,66.2,7.399999999999999,12.400000000000006,19.800000000000004,hot,Track-related
UP,0122PR001,2022-01-03,12:20 PM,Derailment,0,DOLTON,IL,18,2.0,Day,Clear,Yard,Yard/switching,6,714,28748,29462,T201,41.620494,-87.612087,24.8,15.3,28.2,-9.5,12.899999999999999,3.3999999999999986,cold,Track-related
UP,0220GC027,2020-02-23,11:45 PM,Derailment,0,DONALDSONVILLE,LA,56,4.0,Dark,Cloudy,Yard,Yard/switching,6,15470,66,15536,H306,30.09091,-90.990479,48.7,57.9,65.3,9.199999999999996,7.399999999999999,16.599999999999994,hot,Other
UP,1216DV013,2016-12-18,5:55 AM,Derailment,0,DORRANCE,KS,-16,1.0,Dawn,Cloudy,Main,Freight Train,36,1871040,195218,2066258,T221,38.836756,-98.540421,7.9,0.4,15.2,-7.5,14.799999999999999,7.299999999999999,cold,Other
BB,2020D0521,2020-05-21,4:30 PM,Derailment,0,DOSWELL,VA,62,2.0,Day,Rain,Main,Freight Train,10,17000,2500,19500,M101,37.888579,-77.514855,54.6,60.4,70.8,5.799999999999997,10.399999999999999,16.199999999999996,hot,Other
UP,0218NP011,2018-02-07,10:30 AM,Derailment,0,DOUGLAS,WY,44,2.0,Day,Clear,Main,Freight Train,13,27567,0,235317,E53C,43.025421,-105.264582,23.6,31.5,40.5,7.899999999999999,9.0,16.9,hot,Other
NJTR,202406284,2024-05-05,9:42 PM,Obstruction,0,DOVER,NJ,50,4.0,Dark,Rain,Yard,Light loco(s),9,15425,0,15425,H607,40.883518,-74.54952,53.4,50.5,60.4,-2.8999999999999986,9.899999999999999,7.0,hot,Other
GRS,20141205P1,2014-12-05,8:01 PM,Hwy-rail crossing,0,DOVER,NH,32,4.0,Dark,Clear,Main,Passenger Train - Pulling,0,0,17687,77358,M302,43.199286,-70.874804,32.5,24.2,32.8,-8.3,8.599999999999998,0.29999999999999716,moderate,Other
ATK,135475,2014-12-05,8:01 PM,Hwy-rail crossing,0,DOVER,NH,32,4.0,Dark,Clear,Main,Passenger Train - Pulling,10,59671,0,77358,M302,43.199286,-70.874804,32.5,24.2,32.8,-8.3,8.599999999999998,0.29999999999999716,moderate,Other
ATK,158574,2019-04-21,6:55 PM,Fire/violent rupture,0,DOWAGIAC,MI,0,3.0,Dusk,Clear,Main,Passenger Train - Pulling,0,14665,0,14665,M406,41.98083,-86.10889,45.6,53.7,64.6,8.100000000000001,10.899999999999991,18.999999999999993,hot,Other
UP,0715SL003,2015-07-10,5:07 AM,Fire/violent rupture,0,DRESDEN,MO,70,4.0,Dark,Cloudy,Main,Freight Train,35,51240,0,51240,E79L,38.725099,-93.281683,67.6,73.9,81.9,6.300000000000011,8.0,14.300000000000011,hot,Other
UP,1218RM028,2018-12-14,1:00 PM,Derailment,0,DUBOIS,ID,22,2.0,Day,Cloudy,Main,Freight Train,9,36934,13092,50026,H702,44.179079,-112.227561,17.1,13.4,25.5,-3.700000000000001,12.1,8.399999999999999,cold,Other
CP,1000508666,2017-02-05,5:22 AM,Derailment,0,DUBUQUE,IA,26,4.0,Dark,Cloudy,Main,Freight Train,34,816281,12388,828669,T220,42.458719,-90.581507,21.8,26.6,33.7,4.800000000000001,7.100000000000001,11.900000000000002,moderate,Other
CP,1001783636,2022-10-21,10:10 PM,Derailment,0,DUBUQUE,IA,47,4.0,Dark,Clear,Siding,Freight Train,10,249135,2074,251209,T210,42.493811,-90.662004,44.2,55.4,64.4,11.199999999999996,9.000000000000007,20.200000000000003,hot,Track-related
UP,0118SL001,2018-01-09,3:45 AM,Other (describe in narrative),0,DUPO,IL,34,4.0,Dark,Clear,Yard,Freight Train,6,0,11792,11792,H702,38.539345,-90.201775,35.6,34.3,49.2,-1.3000000000000043,14.900000000000006,13.600000000000001,hot,Other
URR,20101,2020-01-23,11:02 PM,Derailment,0,DUQUESNE,PA,39,4.0,Dark,Cloudy,Yard,Yard/switching,5,3006,11361,14367,M203,40.377061,-79.853531,24.0,34.3,41.6,10.299999999999997,7.300000000000004,17.6,hot,Other
NS,128055,2018-01-08,8:15 PM,Hwy-rail crossing,0,DURHAM,NC,41,4.0,Dark,Clear,Main,Freight Train,0,0,25268,25268,M399,35.901563,-78.85252,16.4,31.1,45.6,14.700000000000003,14.5,29.200000000000003,hot,Other
ATK,151371,2018-01-08,8:15 PM,Hwy-rail crossing,0,DURHAM,NC,41,4.0,Dark,Clear,Main,Passenger Train - Pulling,66,0,0,25268,M302,35.901563,-78.85252,16.4,31.1,45.6,14.700000000000003,14.5,29.200000000000003,hot,Other
CSX,000217094,2024-03-28,10:50 PM,Fire/violent rupture,0,DWALE,KY,50,4.0,Dark,Cloudy,Main,Freight Train,23,75000,0,75000,H515,37.629164,-82.724025,53.8,45.2,54.8,-8.599999999999994,9.599999999999994,1.0,hot,Other
UP,0418SA024,2018-04-20,10:30 AM,Derailment,0,EAGLE PASS,TX,62,2.0,Day,Rain,Main,Yard/switching,8,56547,5621,62168,H706,28.73704,-100.491399,67.4,68.1,74.7,0.6999999999999886,6.6000000000000085,7.299999999999997,hot,Other
EBSR,032015,2015-03-20,7:05 PM,Derailment,0,EAST BROOKFIELD,MA,25,3.0,Dusk,Clear,Yard,Light loco(s),7,20000,5000,25000,H303,42.225697,-72.032013,22.4,23.6,32.2,1.2000000000000028,8.600000000000001,9.800000000000004,moderate,Other
NS,144953,2022-04-12,8:55 AM,Other (describe in narrative),0,EAST CANTON,OH,65,2.0,Day,Clear,Yard,Yard/switching,8,127495,10284,137779,H702,40.818929,-81.313846,50.5,58.5,66.2,8.0,7.700000000000003,15.700000000000003,hot,Other
IHB,2573,2020-01-08,10:40 AM,Derailment,0,EAST CHICAGO,IN,31,2.0,Day,Clear,Yard,Yard/switching,6,22500,3500,26000,T220,41.654155,-87.442514,32.9,22.3,39.0,-10.599999999999998,16.7,6.100000000000001,moderate,Other
NICD,N2200001,2022-01-03,6:27 AM,Other (describe in narrative),0,EAST CHICAGO,IN,20,4.0,Dark,Snow,Main,Commuter Train - Pulling,50,12363,5640,18003,T404,41.610858,-87.477112,24.8,14.7,27.7,-10.100000000000001,13.0,2.8999999999999986,cold,Track-related
TPW,TPW694315R,2015-02-15,2:55 PM,Derailment,0,EAST PEORIA,IL,12,2.0,Day,Clear,Siding,Yard/switching,5,30000,4000,34000,M101,40.666149,-89.580097,18.4,9.4,16.4,-8.999999999999998,6.999999999999998,-2.0,cold,Other
TPW,TPW180317D,2017-01-06,1:59 PM,Derailment,1,EAST PEORIA,IL,9,2.0,Day,Clear,Main,Freight Train,9,40000,50000,90000,T314,40.670626,-89.539145,10.5,3.4,10.8,-7.1,7.4,0.3000000000000007,cold,Track-related
NS,152597,2023-03-21,7:40 AM,Other (describe in narrative),0,EAST POINT,GA,40,1.0,Dawn,Clear,Yard,Yard/switching,3,37500,1417,38917,H702,33.679041,-84.439508,41.0,49.2,56.7,8.200000000000003,7.5,15.700000000000003,hot,Other
CSX,000164388,2016-11-16,3:45 AM,Derailment,0,EAST SAINT LOUIS,IL,45,4.0,Dark,Clear,Yard,Freight Train,5,33474,435,33909,E41C,38.642253,-90.098853,50.7,54.7,65.4,4.0,10.700000000000003,14.700000000000003,hot,Other
ALS,20180124,2018-01-24,6:00 PM,Derailment,0,EAST ST LOUIS,IL,43,3.0,Dusk,Cloudy,Yard,Light loco(s),4,11352,1915,13267,S011,38.597013,-9.148466,35.9,33.2,44.4,-2.6999999999999957,11.199999999999996,8.5,hot,Other
ALS,20181211,2018-12-11,9:15 PM,Raking collision,0,EAST ST LOUIS,IL,42,4.0,Dark,Clear,Yard,Yard/switching,4,9200,2023,11223,S006,38.588483,-90.140672,26.0,35.9,45.1,9.899999999999999,9.200000000000003,19.1,hot,Other
ALS,0324AS019,2024-03-29,2:20 AM,Derailment,0,EAST ST LOUIS,IL,46,4.0,Dark,Clear,Yard,Yard/switching,4,119301,33,119334,M405,38.596774,-90.146889,48.5,60.7,69.5,12.200000000000003,8.799999999999997,21.0,hot,Other
ALS,0323AS003,2023-03-05,4:15 PM,Other impacts,0,EAST ST LOUIS,IL,31,2.0,Day,Clear,Yard,Yard/switching,4,47500,50,147312,H307,38.395821,-90.146091,44.5,50.1,58.9,5.600000000000001,8.799999999999997,14.399999999999999,hot,Other
ALS,20220304,2022-03-04,8:15 PM,Derailment,0,EAST ST LOUIS,IL,54,4.0,Dark,Clear,Yard,Yard/switching,4,4000,62300,66300,S099,38.589002,-90.137388,45.6,46.6,61.8,1.0,15.199999999999996,16.199999999999996,hot,Other
ALS,20210123,2021-01-23,6:15 AM,Derailment,0,EAST ST LOUIS,IL,19,4.0,Dark,Clear,Yard,Yard/switching,4,7314,14200,21514,M599,38.588833,-90.136453,31.5,28.8,37.1,-2.6999999999999993,8.3,5.600000000000001,hot,Other
TRRA,21016OR,2021-02-26,12:40 PM,Derailment,0,EAST ST LOUIS,IL,49,2.0,Day,Cloudy,Main,Freight Train,0,0,19087,19087,H523,38.595744,-90.156341,39.3,40.5,47.4,1.2000000000000028,6.899999999999999,8.100000000000001,hot,Other
KCS,22012901,2022-01-29,7:30 PM,Derailment,0,EAST ST LOUIS,IL,19,4.0,Dark,Clear,Yard,Yard/switching,7,33764,17587,51351,E33C,38.58862,-90.147863,25.4,24.3,31.2,-1.0999999999999979,6.899999999999999,5.800000000000001,moderate,Other
UP,0117SL006,2017-01-01,2:20 AM,Derailment,0,EAST ST LOUIS,IL,29,4.0,Dark,Cloudy,Yard,Freight Train,7,24096,0,72695,M405,38.586939,-90.130196,45.6,32.8,45.6,-12.800000000000004,12.800000000000004,0.0,hot,Other
ALS,20170101,2017-01-01,2:20 AM,Derailment,0,EAST ST LOUIS,IL,29,4.0,Dark,Cloudy,Yard,Freight Train,0,0,48599,72695,M405,38.586939,-90.130196,45.6,32.8,45.6,-12.800000000000004,12.800000000000004,0.0,hot,Other
UP,0221MA053,2021-02-26,12:40 PM,Derailment,0,EAST ST LOUIS,IL,49,2.0,Day,Cloudy,Main,Freight Train,0,0,0,19087,H523,38.566948,-90.178067,39.3,40.5,47.4,1.2000000000000028,6.899999999999999,8.100000000000001,hot,Other
ALS,0323AS003,2023-03-05,4:15 PM,Other impacts,0,EAST ST LOUIS,IL,62,2.0,Day,Clear,Yard,Cut of cars,7,80700,19062,147312,M407,38.594466,-90.146386,44.5,50.1,58.9,5.600000000000001,8.799999999999997,14.399999999999999,hot,Other
ALS,20150202,2015-02-02,11:00 PM,Raking collision,0,EAST ST LOUIS,IL,30,4.0,Dark,Clear,Yard,Cut of cars,4,18300,58,18358,M408,38.596145,-90.147392,37.2,23.0,33.4,-14.200000000000003,10.399999999999999,-3.8000000000000043,moderate,Other
ALS,20210226,2021-02-26,12:40 PM,Derailment,0,EAST ST LOUIS,IL,49,2.0,Day,Clear,Yard,Freight Train,4,8500,1035,9535,T316,38.595744,-90.156341,39.3,40.5,47.4,1.2000000000000028,6.899999999999999,8.100000000000001,hot,Track-related
UP,0121MA007,2021-01-11,3:00 PM,Derailment,0,EAST ST LOUIS,IL,35,2.0,Day,Clear,Yard,Freight Train,3,6592,0,40497,T403,38.582962,-90.135788,28.7,28.9,36.0,0.1999999999999993,7.100000000000001,7.300000000000001,hot,Track-related
ALS,20210122,2021-01-11,2:45 AM,Derailment,0,EAST ST LOUIS,IL,32,4.0,Dark,Clear,Yard,Freight Train,0,0,33905,40497,T403,38.582962,-90.135788,28.7,28.9,36.0,0.1999999999999993,7.100000000000001,7.300000000000001,hot,Track-related