reportingrailroadcode,accidentnumber,date,time,accidenttype,hazmatreleasedcars,station,stateabbr,temperature,visibility_code,visibility,weathercondition,tracktype,equipmenttype,trainspeed,equipmentdamagecost,trackdamagecost,totaldamagecost,primaryaccidentcausecode,latitude,longitude,prior_temp,actual_temp,following_temp,before_temp_change,after_temp_change,across_temp_change,temp_category,accident_category
UP,1121MA024,2021-11-15,4:59 AM,Derailment,0,EAST ST LOUIS,IL,30,1.0,Dawn,Cloudy,Yard,Freight Train,9,19571,0,21686,T204,38.583182,-90.135585,41.4,43.9,53.8,2.5,9.899999999999999,12.399999999999999,hot,Track-related
ALS,0324AS013,2024-03-23,5:00 PM,Derailment,0,EAST ST LOUIS,IL,51,2.0,Day,Clear,Yard,Yard/switching,4,10193,4248,14441,T403,38.586539,-90.139612,48.3,43.1,51.1,-5.199999999999996,8.0,2.8000000000000043,hot,Track-related
ALS,20211119,2021-11-19,6:30 AM,Derailment,0,EAST ST LOUIS,IL,37,1.0,Dawn,Clear,Yard,Yard/switching,4,8550,23000,31550,T403,38.590024,-90.139155,41.3,35.1,48.4,-6.199999999999996,13.299999999999997,7.100000000000001,hot,Track-related
ALS,20211115,2021-11-15,4:59 AM,Derailment,0,EAST ST LOUIS,IL,38,1.0,Dawn,Clear,Yard,Freight Train,0,0,2115,21686,T204,38.583182,-90.135585,41.4,43.9,53.8,2.5,9.899999999999999,12.399999999999999,hot,Track-related
CSX,000143818,2015-03-28,2:58 AM,Side collision,0,EAST SYRACUSE,NY,20,4.0,Dark,Clear,Yard,Light loco(s),5,17517,2628,35284,H307,43.073848,-76.172717,33.1,21.5,28.7,-11.600000000000001,7.199999999999999,-4.400000000000002,moderate,Other
CSX,000143818,2015-03-28,2:58 AM,Side collision,0,EAST SYRACUSE,NY,20,4.0,Dark,Clear,Yard,Freight Train,5,15139,0,35284,H307,43.073848,-76.172717,33.1,21.5,28.7,-11.600000000000001,7.199999999999999,-4.400000000000002,moderate,Other
VTR,1482,2019-01-26,9:20 AM,Hwy-rail crossing,0,EAST WALLINGFORD,VT,20,2.0,Day,Cloudy,Main,Freight Train,20,100000,0,100000,M302,43.449579,-72.877539,26.6,16.7,23.3,-9.900000000000002,6.600000000000001,-3.3000000000000007,moderate,Other
BNSF,PR0115106,2015-01-09,5:05 PM,Rear end collision,0,EDGEMONT,SD,18,3.0,Dusk,Clear,Yard,Light loco(s),0,30000,500,60500,H018,43.298756,-103.823242,25.4,6.3,27.6,-19.099999999999998,21.3,2.200000000000003,cold,Other
BNSF,PR0115106,2015-01-09,5:05 PM,Rear end collision,0,EDGEMONT,SD,18,3.0,Dusk,Clear,Yard,Yard/switching,10,30000,0,60500,H018,43.298756,-103.823242,25.4,6.3,27.6,-19.099999999999998,21.3,2.200000000000003,cold,Other
NS,128133,2018-01-15,8:25 AM,Derailment,0,EGGLESTON,VA,35,2.0,Day,Clear,Main,Freight Train,25,88338,32033,120371,E06C,37.275157,-80.612331,17.9,22.2,30.5,4.300000000000001,8.3,12.600000000000001,moderate,Other
UP,0422HL011,2022-04-19,9:59 AM,Other impacts,0,EL DORADO,KS,52,2.0,Day,Cloudy,Yard,Single Car,5,5138,0,39150,H020,37.820601,-96.841276,46.3,50.3,63.7,4.0,13.400000000000006,17.400000000000006,hot,Other
UP,0422HL011,2022-04-19,9:59 AM,Other impacts,0,EL DORADO,KS,52,2.0,Day,Cloudy,Yard,Yard/switching,1,34012,0,39150,H020,37.820601,-96.841276,46.3,50.3,63.7,4.0,13.400000000000006,17.400000000000006,hot,Other
UP,1019ST025,2019-10-25,7:16 AM,Derailment,0,EL PASO,TX,37,2.0,Day,Clear,Main,Freight Train,4,4202,26784,30986,H508,31.771124,-106.473036,55.2,45.9,53.0,-9.300000000000004,7.100000000000001,-2.200000000000003,hot,Other
BNSF,SW1019107,2019-10-12,11:44 AM,Derailment,0,EL PASO,TX,75,2.0,Day,Clear,Yard,Light loco(s),2,1000,10141,11141,H307,31.752032,-106.490858,57.6,58.4,66.4,0.7999999999999972,8.000000000000007,8.800000000000004,hot,Other
UP,0216WH009,2016-02-26,7:34 AM,Fire/violent rupture,0,EL RENO,OK,52,2.0,Day,Clear,Yard,Light loco(s),0,26246,0,26246,E74L,35.525875,-97.955988,39.1,42.2,52.7,3.1000000000000014,10.5,13.600000000000001,hot,Other
UP,1114DV014,2014-11-13,5:25 AM,Derailment,0,ELBERT,CO,-10,4.0,Dark,Cloudy,Main,Freight Train,10,47136,108763,155899,T202,39.334752,-103.841167,-2.9,0.6,30.3,3.5,29.7,33.2,cold,Track-related
NS,141120,2021-04-03,3:45 PM,Other impacts,0,ELKHART,IN,65,2.0,Day,Clear,Yard,Single Car,0,761,0,31792,M411,41.677391,-85.978436,32.8,49.2,57.0,16.400000000000006,7.799999999999997,24.200000000000003,hot,Other
NS,113874,2015-01-16,12:50 PM,Derailment,0,ELKHART,IN,30,2.0,Day,Cloudy,Yard,Yard/switching,2,35756,80343,116099,H020,41.677391,-85.978436,18.5,27.9,34.7,9.399999999999999,6.800000000000004,16.200000000000003,hot,Other
NS,141120,2021-04-03,3:45 PM,Other impacts,0,ELKHART,IN,65,2.0,Day,Clear,Yard,Yard/switching,5,21235,9796,31792,M411,41.677391,-85.978436,32.8,49.2,57.0,16.400000000000006,7.799999999999997,24.200000000000003,hot,Other
NS,115026,2015-03-28,6:10 PM,Derailment,0,ELKHART,IN,27,3.0,Dusk,Clear,Yard,Yard/switching,4,41000,0,51400,H316,41.677391,-85.978436,26.8,24.3,33.4,-2.5,9.099999999999998,6.599999999999998,moderate,Other
NS,156316,2024-04-07,5:53 PM,Side collision,0,ELKHART,IN,44,3.0,Dusk,Clear,Yard,Yard/switching,4,0,0,20444,S007,41.677392,-85.978437,42.1,45.8,57.6,3.6999999999999957,11.800000000000004,15.5,hot,Other
NS,117824,2015-10-18,8:00 AM,Derailment,0,ELKHART,IN,39,2.0,Day,Clear,Yard,Yard/switching,5,12876,2000,14876,M101,41.677391,-85.978436,41.4,40.5,52.1,-0.8999999999999986,11.600000000000001,10.700000000000003,hot,Other
NS,156316,2024-04-07,5:53 PM,Side collision,0,ELKHART,IN,44,3.0,Dusk,Clear,Yard,Yard/switching,3,20444,0,20444,S007,41.677392,-85.978437,42.1,45.8,57.6,3.6999999999999957,11.800000000000004,15.5,hot,Other
NS,118348,2015-11-24,8:00 AM,Derailment,0,ELKHART,IN,31,2.0,Day,Cloudy,Yard,Light loco(s),2,12816,0,12816,E61L,41.677391,-85.978436,28.3,29.6,42.9,1.3000000000000007,13.299999999999997,14.599999999999998,hot,Other
NS,115026,2015-03-28,6:10 PM,Derailment,0,ELKHART,IN,27,3.0,Dusk,Clear,Yard,Yard/switching,2,8900,1500,51400,H316,41.677391,-85.978436,26.8,24.3,33.4,-2.5,9.099999999999998,6.599999999999998,moderate,Other
NS,156488,2024-04-26,2:33 PM,Derailment,0,ELKHART,IN,55,2.0,Day,Clear,Yard,Yard/switching,5,2400,25089,27489,M101,41.671249,-85.995315,43.1,49.7,67.2,6.600000000000001,17.5,24.1,hot,Other
UP,0118HO025,2018-01-17,6:10 PM,Derailment,0,ELKHART,TX,22,4.0,Dark,Cloudy,Main,Freight Train,23,6789,15555,22344,E53C,31.579768,-95.507827,22.1,21.5,30.4,-0.6000000000000014,8.899999999999999,8.299999999999997,moderate,Other
NS,124717,2017-04-14,4:19 PM,Derailment,0,ELKHART,IN,70,3.0,Dusk,Clear,Siding,Freight Train,15,13328,103968,117296,S011,41.680904,-85.970584,49.0,54.2,67.4,5.200000000000003,13.200000000000003,18.400000000000006,hot,Other
NS,143386,2021-11-06,6:20 PM,Other impacts,0,ELKHART,IN,55,3.0,Dusk,Clear,Yard,Single Car,3,5429,24060,32790,S006,41.677391,-85.978436,38.9,41.5,49.1,2.6000000000000014,7.600000000000001,10.200000000000003,hot,Other
NS,143386,2021-11-06,6:20 PM,Other impacts,0,ELKHART,IN,55,3.0,Dusk,Clear,Yard,Single Car,3,3301,0,32790,S006,41.677391,-85.978436,38.9,41.5,49.1,2.6000000000000014,7.600000000000001,10.200000000000003,hot,Other
UP,1220GL020,2020-12-25,6:00 AM,Derailment,1,ELKHART,IA,3,1.0,Dawn,Clear,Main,Freight Train,38,2033193,139232,2172425,T207,41.748778,-93.526985,7.8,14.9,26.5,7.1000000000000005,11.6,18.7,cold,Track-related
NS,156002,2024-03-10,9:27 PM,Derailment,0,ELKHART,IN,31,4.0,Dark,Clear,Yard,Yard/switching,4,10950,13000,23950,T207,41.677392,-85.978437,38.7,33.1,41.5,-5.600000000000001,8.399999999999999,2.799999999999997,hot,Track-related
NS,123381,2016-12-30,11:50 PM,Derailment,0,ELKHART,IN,32,4.0,Dark,Clear,Yard,Yard/switching,8,16722,7484,24206,T110,41.67736,-85.978495,33.2,28.3,36.1,-4.900000000000002,7.800000000000001,2.8999999999999986,hot,Track-related
RCPE,RCP507523G,2023-08-18,7:15 PM,Hwy-rail crossing,0,ELKTON,SD,75,3.0,Dusk,Clear,Main,Freight Train,32,505000,300000,805000,M301,44.239994,-96.489221,63.8,68.3,76.7,4.5,8.400000000000006,12.900000000000006,hot,Other
BPRR,BPR876521G,2021-09-11,7:20 PM,Hwy-rail crossing,0,ELLWOOD CITY,PA,65,3.0,Dusk,Clear,Main,Freight Train,25,7500,150000,157500,M304,40.848177,-80.275236,59.6,62.8,71.9,3.1999999999999957,9.100000000000009,12.300000000000004,hot,Other
UP,0220TO012,2020-02-08,10:26 PM,Fire/violent rupture,0,ELM MOTT,TX,56,4.0,Dark,Clear,Main,Freight Train,40,38128,0,38128,E73L,31.776035,-97.100046,46.8,51.1,64.5,4.300000000000004,13.399999999999999,17.700000000000003,hot,Other
UP,0221PR037,2021-02-22,11:50 PM,Fire/violent rupture,0,ELMHURST,IL,37,4.0,Dark,Cloudy,Main,Freight Train,0,18665,99,18764,E01L,41.899829,-87.942397,28.2,33.7,41.1,5.5000000000000036,7.399999999999999,12.900000000000002,hot,Other
UP,1015PR017,2015-10-18,6:21 AM,Hwy-rail crossing,0,ELWOOD,IL,32,1.0,Dawn,Clear,Main,Freight Train,62,14851,0,43251,M309,41.325185,-88.237438,41.2,43.6,59.0,2.3999999999999986,15.399999999999999,17.799999999999997,hot,Other
BNSF,CH1015202,2015-10-18,6:21 AM,Hwy-rail crossing,0,ELWOOD,IL,32,1.0,Dawn,Clear,Main,Freight Train,0,0,28400,43251,M302,41.325185,-88.237438,41.2,43.6,59.0,2.3999999999999986,15.399999999999999,17.799999999999997,hot,Other
BNSF,CH1117110,2017-11-22,12:23 PM,Derailment,0,ELWOOD,IL,33,2.0,Day,Clear,Yard,Yard/switching,3,330719,23000,353719,H504,41.378952,-88.1542,37.8,28.5,36.9,-9.299999999999997,8.399999999999999,-0.8999999999999986,hot,Other
CSX,000174533,2018-02-06,2:49 AM,Derailment,0,EMPORIA,VA,42,4.0,Dark,Clear,Main,Freight Train,40,41569,29337,70906,E53C,36.721279,-77.515604,37.6,40.6,48.7,3.0,8.100000000000001,11.100000000000001,hot,Other
WNYP,W2019005,2019-02-06,11:40 AM,Derailment,0,EMPORIUM,PA,20,2.0,Day,Cloudy,Siding,Freight Train,7,3542,11470,15012,E64C,41.50852,-78.222767,43.1,38.1,45.6,-5.0,7.5,2.5,hot,Other
UP,0219SX017,2019-02-13,8:10 AM,Hwy-rail crossing,0,ENCINAL,TX,42,2.0,Day,Clear,Main,Freight Train,56,39878,464,40342,M308,28.24046,-99.296944,56.8,54.0,61.7,-2.799999999999997,7.700000000000003,4.900000000000006,hot,Other
ATK,174381,2023-04-10,11:00 AM,Derailment,0,ENFIELD,CT,67,2.0,Day,Clear,Yard,Spec. MoW Equip.,3,43845,0,43845,H599,41.943459,-72.611199,42.2,49.0,57.7,6.799999999999997,8.700000000000003,15.5,hot,Other
ATK,152506,2018-03-28,11:34 PM,Derailment,0,ENFIELD,NC,62,4.0,Dark,Clear,Main,Passenger Train - Pulling,70,63944,0,64332,T207,36.162475,-77.68723,38.7,57.2,66.9,18.5,9.700000000000003,28.200000000000003,hot,Track-related
CSX,000175545,2018-03-28,11:34 PM,Derailment,0,ENFIELD,NC,62,4.0,Dark,Cloudy,Main,Freight Train,0,0,388,64332,T207,36.166566,-77.682567,38.7,57.2,66.9,18.5,9.700000000000003,28.200000000000003,hot,Track-related
UP,0215DV014,2015-02-23,3:30 PM,Derailment,0,ENGLEWOOD,CO,15,2.0,Day,Cloudy,Industry,Freight Train,10,1360,190951,192311,M501,39.635419,-105.007345,10.1,12.1,25.2,2.0,13.1,15.1,cold,Other
BNSF,RD0417122,2017-04-27,5:49 PM,Derailment,0,ENID,OK,70,3.0,Dusk,Clear,Yard,Freight Train,8,37814,125136,162950,M204,36.412237,-97.858512,49.3,53.5,63.8,4.200000000000003,10.299999999999997,14.5,hot,Other
UP,0818KC026,2018-08-29,1:06 AM,Derailment,0,ENID,OK,65,4.0,Dark,Cloudy,Main,Freight Train,13,47009,73032,120041,E45C,36.408226,-97.871033,86.9,76.2,83.6,-10.700000000000003,7.3999999999999915,-3.3000000000000114,hot,Other
NS,143768,2021-12-15,2:59 PM,Other impacts,0,ENOLA,PA,53,2.0,Day,Clear,Yard,Yard/switching,6,177793,63909,241702,E30C,40.299197,-76.924148,41.7,41.3,54.5,-0.4000000000000057,13.200000000000003,12.799999999999997,hot,Other
NS,132206,2018-12-27,2:20 PM,Other (describe in narrative),0,ENOLA,PA,44,2.0,Day,Clear,Yard,Freight Train,4,586,39002,39588,H702,40.313539,-76.917349,35.0,37.3,44.3,2.299999999999997,7.0,9.299999999999997,hot,Other
BNSF,CH0217110,2017-02-16,4:03 AM,Derailment,0,EOLA,IL,30,1.0,Dawn,Clear,Yard,Light loco(s),5,8500,33238,41738,H607,41.775414,-88.240212,31.7,36.2,46.5,4.5000000000000036,10.299999999999997,14.8,hot,Other
BNSF,CH1122119,2022-11-28,2:30 AM,Derailment,0,EOLA,IL,27,4.0,Dark,Clear,Industry,Yard/switching,8,581,17754,18335,H307,41.777677,-88.2185,40.7,35.5,46.6,-5.200000000000003,11.100000000000001,5.899999999999999,hot,Other
BNSF,CH1118111,2018-11-28,12:55 PM,Derailment,0,EOLA,IL,32,2.0,Day,Clear,Yard,Freight Train,8,75000,77600,152600,T111,41.774711,-88.246162,20.2,22.7,30.3,2.5,7.600000000000001,10.100000000000001,moderate,Track-related
BNSF,CH0218107,2018-02-13,12:44 AM,Derailment,0,EOLA,IL,70,4.0,Dark,Clear,Yard,Freight Train,6,151400,115000,266400,T207,41.772326,-88.262502,9.1,18.9,29.6,9.799999999999999,10.700000000000003,20.5,moderate,Track-related
EEC,151,2015-10-23,5:00 PM,Other (describe in narrative),0,ERIE,PA,53,2.0,Day,Clear,Industry,Yard/switching,3,2000,15000,17000,H399,42.14189,-80.03161,61.3,49.0,57.9,-12.299999999999997,8.899999999999999,-3.3999999999999986,hot,Other
CSX,000165759,2017-01-09,3:00 AM,Obstruction,0,ERIE,PA,15,4.0,Dark,Snow,Main,Freight Train,49,1772,16646,18418,M402,42.132259,-80.048984,16.7,18.5,36.3,1.8000000000000007,17.799999999999997,19.599999999999998,moderate,Other
NECR,NEC420520D,2020-05-13,10:00 PM,Derailment,0,ESSEX,VT,35,4.0,Dark,Clear,Main,Freight Train,22,78038,70404,148442,E4BC,44.4812,-73.1016,42.0,46.8,53.7,4.799999999999997,6.900000000000006,11.700000000000003,hot,Other
CSX,000156627,2016-01-30,7:15 AM,Derailment,0,ETOWAH,TN,65,4.0,Dark,Clear,Yard,Freight Train,4,47852,8540,56392,M204,35.328132,-84.521392,34.9,42.0,56.0,7.100000000000001,14.0,21.1,hot,Other
BNSF,HL0415100,2015-04-04,5:10 PM,Other (describe in narrative),0,EUREKA,MO,54,3.0,Dusk,Clear,Main,Freight Train,25,42467,5000,47467,E29C,38.502572,-90.623339,52.1,46.1,54.0,-6.0,7.899999999999999,1.8999999999999986,hot,Other
SRN,SRN112015,2015-11-24,3:00 AM,Derailment,0,EVADALE,TX,42,4.0,Dark,Clear,Industry,Light loco(s),0,33000,7000,85000,H702,30.355697,-94.045876,45.8,55.6,63.8,9.800000000000004,8.199999999999996,18.0,hot,Other
XTGS,F0122015,2015-11-24,3:00 AM,Derailment,0,EVADALE,TX,42,4.0,Dark,Clear,Siding,Yard/switching,4,45000,0,85000,H702,30.355697,-94.045876,45.8,55.6,63.8,9.800000000000004,8.199999999999996,18.0,hot,Other
CSX,000203869,2022-03-28,6:18 AM,Derailment,0,EVANSVILLE,IN,32,1.0,Dawn,Clear,Yard,Freight Train,8,212573,41033,253606,E49C,37.962312,-87.609227,37.2,38.7,47.2,1.5,8.5,10.0,hot,Other
CSX,000153435,2015-10-18,3:50 AM,Derailment,0,EVANSVILLE,IN,31,1.0,Dawn,Clear,Main,Freight Train,6,35015,11994,47009,T207,37.943015,-87.627508,47.4,45.8,52.7,-1.6000000000000014,6.900000000000006,5.300000000000004,hot,Track-related
UP,0224PR021,2024-02-29,6:50 AM,Derailment,0,EVANSVILLE,WI,29,1.0,Dawn,Cloudy,Main,Freight Train,10,10000,3184,13184,T201,42.734513,-89.154302,21.9,29.5,38.3,7.600000000000001,8.799999999999997,16.4,hot,Track-related
NS,135644,2019-09-27,10:00 AM,Other impacts,0,EVENDALE,OH,85,2.0,Day,Clear,Main,Freight Train,0,6211,0,11004,H306,39.264559,-84.433217,69.8,67.8,79.2,-2.0,11.400000000000006,9.400000000000006,hot,Other
NS,135644,2019-09-27,10:00 AM,Other impacts,0,EVENDALE,OH,85,2.0,Day,Clear,Main,Freight Train,16,4793,0,11004,H306,39.264559,-84.433217,69.8,67.8,79.2,-2.0,11.400000000000006,9.400000000000006,hot,Other
NS,152711,2023-04-03,11:50 AM,Hwy-rail crossing,0,FAIRFIELD,SC,53,2.0,Day,Cloudy,Main,Freight Train,31,28,19000,19028,M303,34.956698,-82.009983,60.6,57.9,66.7,-2.700000000000003,8.800000000000004,6.100000000000001,hot,Other
NS,123485,2017-01-09,12:15 PM,Derailment,0,FAIRLAWN,VA,10,2.0,Day,Clear,Main,Freight Train,3,1875,20132,22007,H306,37.141691,-80.553356,12.6,17.3,30.1,4.700000000000001,12.8,17.5,moderate,Other
BNSF,PR0917108,2017-09-17,2:27 PM,Derailment,0,FAIRMONT,NE,75,2.0,Day,Clear,Yard,Freight Train,6,50323,5600,55923,T110,40.637141,-97.589489,63.4,57.4,66.6,-6.0,9.199999999999996,3.1999999999999957,hot,Track-related
NJTR,201811525,2018-11-12,4:36 AM,Other (describe in narrative),0,FAR HILLS,NJ,33,4.0,Dark,Clear,Main,EMU,50,14832,0,14832,T404,40.688467,-74.642756,34.0,35.9,44.3,1.8999999999999986,8.399999999999999,10.299999999999997,hot,Track-related
CSX,000210353,2023-03-16,5:00 AM,Other impacts,0,FAYETTEVILLE,NC,35,1.0,Dawn,Clear,Siding,Cut of cars,3,27950,0,72921,M501,35.091058,-78.838252,42.5,48.6,60.9,6.100000000000001,12.299999999999997,18.4,hot,Other
CSX,000210353,2023-03-16,5:00 AM,Other impacts,0,FAYETTEVILLE,NC,35,1.0,Dawn,Clear,Siding,Freight Train,6,44971,0,72921,M501,35.091058,-78.838252,42.5,48.6,60.9,6.100000000000001,12.299999999999997,18.4,hot,Other
GTW,833882,2014-11-28,9:45 PM,Derailment,0,FERNDALE,MI,30,4.0,Dark,Snow,Yard,Freight Train,4,10661,3009,13670,H704,42.450704,-83.117128,31.3,24.7,39.4,-6.600000000000001,14.7,8.099999999999998,moderate,Other
CSX,000179887,2018-11-16,5:45 AM,Derailment,0,FITZGERALD,GA,32,1.0,Dawn,Clear,Yard,Freight Train,9,21252,760,22012,T210,31.72352,-83.27109,47.4,44.3,51.2,-3.1000000000000014,6.900000000000006,3.8000000000000043,hot,Track-related
NS,144013,2022-01-12,10:44 PM,Derailment,0,FLEETWOOD,PA,25,4.0,Dark,Clear,Main,Freight Train,37,17747,0,17747,E33C,40.440947,-75.87464,18.4,25.9,34.1,7.5,8.200000000000003,15.700000000000003,moderate,Other
LSRC,D240616,2024-06-16,7:04 AM,Derailment,0,FLINT,MI,65,1.0,Dawn,Cloudy,Yard,Yard/switching,7,9206,56025,65231,H306,43.080992,-83.676983,65.3,71.5,79.7,6.200000000000003,8.200000000000003,14.400000000000006,hot,Other
CSX,000188951,2020-03-07,4:45 AM,Derailment,0,FLOMATON,AL,38,1.0,Dawn,Clear,Main,Freight Train,5,20421,36260,56681,E23C,30.999537,-87.256825,57.5,51.4,58.4,-6.100000000000001,7.0,0.8999999999999986,hot,Other
CSX,000173700,2017-12-29,11:00 PM,Side collision,0,FLORENCE,SC,35,4.0,Dark,Cloudy,Yard,Yard/switching,5,1500,114,11780,H021,34.198275,-79.762502,32.6,33.5,40.9,0.8999999999999986,7.399999999999999,8.299999999999997,hot,Other
CSX,000173700,2017-12-29,11:00 PM,Side collision,0,FLORENCE,SC,35,4.0,Dark,Cloudy,Yard,Cut of cars,10,10166,0,11780,H021,34.198275,-79.762502,32.6,33.5,40.9,0.8999999999999986,7.399999999999999,8.299999999999997,hot,Other
WC,915085,2017-03-03,11:00 AM,Derailment,0,FOND DU LAC,WI,22,2.0,Day,Clear,Yard,Freight Train,5,38446,3068,41514,T207,43.802197,-88.471363,22.2,15.7,26.8,-6.5,11.100000000000001,4.600000000000001,moderate,Track-related
LI,76602,2022-02-22,6:55 AM,Other (describe in narrative),0,FOREST HILLS,NY,37,1.0,Dawn,Clear,Main,EMU,55,30706,0,30706,M509,40.719601,-73.844824,40.7,44.8,55.3,4.099999999999994,10.5,14.599999999999994,hot,Other
MNR,310830,2020-04-23,8:05 AM,Derailment,0,FORT KENT,ME,23,2.0,Day,Clear,Main,Freight Train,10,8000,60000,68000,H522,47.230403,-68.571568,27.7,27.3,35.7,-0.3999999999999986,8.400000000000002,8.000000000000004,hot,Other
BNSF,PR0222113,2022-02-17,2:35 AM,Other impacts,0,FORT LARAMIE,WY,20,4.0,Dark,Clear,Yard,Freight Train,4,14638,0,14638,H307,42.208775,-104.509425,26.7,25.3,38.0,-1.3999999999999986,12.7,11.3,moderate,Other
UP,0521GP009,2021-05-12,12:25 PM,Derailment,0,FORT LUPTON,CO,49,2.0,Day,Cloudy,Industry,Freight Train,4,25686,5280,30966,T001,40.091415,-104.810991,38.7,49.2,58.2,10.5,9.0,19.5,hot,Track-related
BNSF,CH1222119,2022-12-27,9:54 AM,Derailment,0,FORT MADISON,IA,19,2.0,Day,Clear,Yard,Freight Train,5,35988,700,36688,M101,40.623427,-91.333269,14.8,15.9,40.8,1.0999999999999996,24.9,25.999999999999996,moderate,Other
TXPF,12192016,2016-12-19,6:05 PM,Derailment,0,FORT STOCKTON,TX,37,3.0,Dusk,Clear,Yard,Freight Train,5,138938,8929,147867,T110,30.902822,-102.869027,23.3,29.3,44.2,6.0,14.900000000000002,20.900000000000002,hot,Track-related
NS,124392,2017-03-20,1:00 AM,Derailment,0,FORT VALLEY,GA,40,4.0,Dark,Clear,Main,Freight Train,5,1200,24135,25335,E0HC,32.558556,-83.877813,59.1,58.1,72.7,-1.0,14.600000000000001,13.600000000000001,hot,Other
BNSF,RD0418123,2018-04-23,7:40 PM,Derailment,0,FORT WORTH,TX,65,3.0,Dusk,Clear,Yard,Freight Train,7,11324,1500,12824,M409,32.828623,-97.335547,59.3,63.9,70.7,4.600000000000001,6.800000000000004,11.400000000000006,hot,Other
UP,0217FW006,2017-02-05,5:00 AM,Other impacts,0,FORT WORTH,TX,52,4.0,Dark,Clear,Yard,Cut of cars,1,2667,0,13764,M408,32.728093,-97.366263,49.7,61.7,72.1,12.0,10.399999999999991,22.39999999999999,hot,Other
UP,0217FW047,2017-02-16,2:35 PM,Other impacts,0,FORT WORTH,TX,68,2.0,Day,Clear,Yard,Single Car,10,9301,0,41001,M407,32.728093,-97.366263,48.7,52.7,59.5,4.0,6.799999999999997,10.799999999999997,hot,Other
UP,0120TO021,2020-01-13,11:00 AM,Derailment,0,FORT WORTH,TX,50,2.0,Day,Cloudy,Main,Freight Train,8,41508,4669,46177,H503,32.745098,-97.322771,45.2,54.0,63.6,8.799999999999997,9.600000000000001,18.4,hot,Other
FWWR,20021402,2020-02-14,8:10 PM,Side collision,0,FORT WORTH,TX,41,4.0,Dark,Clear,Main,Freight Train,1,43118,0,43118,H306,32.761111,-97.347222,40.5,38.7,52.6,-1.7999999999999972,13.899999999999999,12.100000000000001,hot,Other
UP,0221TO030,2021-02-26,3:25 AM,Derailment,0,FORT WORTH,TX,46,4.0,Dark,Rain,Yard,Yard/switching,6,5090,301774,306864,S014,32.727442,-97.366758,47.7,50.1,59.2,2.3999999999999986,9.100000000000001,11.5,hot,Other
UP,0322TO008,2022-03-12,1:24 AM,Other impacts,0,FORT WORTH,TX,29,4.0,Dark,Clear,Yard,Single Car,5,1458,0,35064,M411,32.721698,-97.379665,35.0,41.0,51.5,6.0,10.5,16.5,hot,Other
FWWR,19122301,2019-12-23,10:15 AM,Other impacts,0,FORT WORTH,TX,43,2.0,Day,Clear,Main,Single Car,10,41733,0,41733,E09C,32.69087,-97.36435,44.8,46.9,54.3,2.1000000000000014,7.399999999999999,9.5,hot,Other
FWWR,20021402,2020-02-14,8:10 PM,Side collision,0,FORT WORTH,TX,41,4.0,Dark,Clear,Main,Cut of cars,0,0,0,43118,H306,32.761111,-97.347222,40.5,38.7,52.6,-1.7999999999999972,13.899999999999999,12.100000000000001,hot,Other
UP,0421TO012,2021-04-21,9:16 PM,Derailment,0,FORT WORTH,TX,59,4.0,Dark,Cloudy,Yard,Freight Train,5,23453,35695,59148,H518,32.729757,-97.364621,53.3,49.6,57.6,-3.6999999999999957,8.0,4.300000000000004,hot,Other
UP,0322TO008,2022-03-12,1:24 AM,Other impacts,0,FORT WORTH,TX,29,4.0,Dark,Clear,Yard,Yard/switching,4,30946,2660,35064,M411,32.721698,-97.379665,35.0,41.0,51.5,6.0,10.5,16.5,hot,Other
FWWR,23032301,2023-03-20,5:40 AM,Derailment,0,FORT WORTH,TX,36,4.0,Dark,Cloudy,Yard,Yard/switching,4,6940,28912,35852,T222,32.787465,-97.337902,42.7,47.0,58.6,4.299999999999997,11.600000000000001,15.899999999999999,hot,Other
UP,0423TO024,2023-04-18,1:05 AM,Derailment,0,FORT WORTH,TX,66,4.0,Dark,Clear,Yard,Freight Train,5,3743,37495,41238,H511,32.725949,-97.37479,64.7,67.3,74.6,2.5999999999999943,7.299999999999997,9.899999999999991,hot,Other
FWWR,19122302,2019-12-23,10:15 AM,Hwy-rail crossing,0,FORT WORTH,TX,43,2.0,Day,Clear,Main,Yard/switching,18,518,93042,93560,M304,32.704158,-97.350077,44.8,46.9,54.3,2.1000000000000014,7.399999999999999,9.5,hot,Other