reportingrailroadcode,accidentnumber,date,time,accidenttype,hazmatreleasedcars,station,stateabbr,temperature,visibility_code,visibility,weathercondition,tracktype,equipmenttype,trainspeed,equipmentdamagecost,trackdamagecost,totaldamagecost,primaryaccidentcausecode,latitude,longitude,prior_temp,actual_temp,following_temp,before_temp_change,after_temp_change,across_temp_change,temp_category,accident_category
UP,0823TO030,2023-08-16,6:34 PM,Derailment,0,FORT WORTH,TX,96,3.0,Dusk,Clear,Main,Freight Train,7,67418,118510,185928,H502,32.745111,-97.325121,84.6,84.6,92.1,0.0,7.5,7.5,hot,Other
UP,0418FW036,2018-04-23,5:10 PM,Derailment,0,FORT WORTH,TX,76,2.0,Day,Clear,Yard,Yard/switching,7,10788,300,11088,H522,32.72486,-97.371261,59.3,63.9,70.7,4.600000000000001,6.800000000000004,11.400000000000006,hot,Other
UP,0215FW019,2015-02-24,2:30 AM,Derailment,0,FORT WORTH,TX,26,4.0,Dark,Cloudy,Yard,Yard/switching,3,6638,10028,16666,H701,32.717515,-97.324699,27.6,31.9,41.6,4.299999999999997,9.700000000000003,14.0,hot,Other
UP,0217FW006,2017-02-05,5:00 AM,Other impacts,0,FORT WORTH,TX,52,4.0,Dark,Clear,Yard,Freight Train,1,8805,2292,13764,M408,32.728093,-97.366263,49.7,61.7,72.1,12.0,10.399999999999991,22.39999999999999,hot,Other
UP,1117FW039,2017-11-16,9:58 PM,Other (describe in narrative),0,FORT WORTH,TX,60,2.0,Day,Clear,Yard,Freight Train,0,78695,33,78728,M507,32.719347,-97.385975,70.8,67.4,75.5,-3.3999999999999915,8.099999999999994,4.700000000000003,hot,Other
UP,0217FW047,2017-02-16,2:35 PM,Other impacts,0,FORT WORTH,TX,68,2.0,Day,Clear,Yard,Yard/switching,4,13144,18556,41001,M407,32.728093,-97.366263,48.7,52.7,59.5,4.0,6.799999999999997,10.799999999999997,hot,Other
UP,0420TO006,2020-04-04,4:40 PM,Derailment,0,FORT WORTH,TX,47,2.0,Day,Cloudy,Yard,Yard/switching,7,13516,88791,102307,T111,32.726008,-97.369473,51.8,42.9,53.3,-8.899999999999999,10.399999999999999,1.5,hot,Track-related
CSX,000156748,2016-02-02,11:20 PM,Derailment,0,FOSTORIA,OH,29,4.0,Dark,Clear,Industry,Freight Train,6,22003,15000,37003,T205,41.152943,-83.414598,39.7,38.2,49.1,-1.5,10.899999999999999,9.399999999999999,hot,Track-related
NS,113218,2014-11-30,12:12 AM,Derailment,0,FOUNTAIN HILL,PA,30,4.0,Dark,Clear,Yard,Yard/switching,8,19000,1500,20500,H018,40.611937,-75.426702,26.1,35.5,42.6,9.399999999999999,7.100000000000001,16.5,hot,Other
MBTA,7018,2016-06-05,9:00 AM,Other (describe in narrative),0,FRAMINGHAM,MA,65,2.0,Day,Clear,Main,Spec. MoW Equip.,5,0,24167,24167,H999,42.275071,-71.425558,69.4,64.8,72.7,-4.6000000000000085,7.900000000000006,3.299999999999997,hot,Other
CSX,000156883,2016-02-06,12:36 AM,Derailment,0,FRAMINGHAM,MA,20,4.0,Dark,Clear,Yard,Freight Train,4,27300,628,27928,H702,42.277021,-71.416601,32.1,25.1,32.0,-7.0,6.899999999999999,-0.10000000000000142,moderate,Other
MBTA,YR202130,2021-04-22,8:35 PM,Derailment,0,FRAMINGHAM,MA,42,3.0,Dusk,Clear,Yard,Freight Train,0,0,47344,50094,T314,42.278197,-71.411043,54.8,39.4,48.4,-15.399999999999999,9.0,-6.399999999999999,hot,Track-related
CSX,000197196,2021-04-22,8:35 PM,Derailment,0,FRAMINGHAM,MA,42,3.0,Dusk,Clear,Yard,Yard/switching,2,2500,250,50094,T314,42.278197,-71.411043,54.8,39.4,48.4,-15.399999999999999,9.0,-6.399999999999999,hot,Track-related
CSX,000182099,2019-04-01,12:25 PM,Hwy-rail crossing,0,FRANKLIN,IN,45,2.0,Day,Clear,Main,Freight Train,40,16465,0,19465,M304,39.5207,-86.0665,31.4,34.9,44.7,3.5,9.800000000000004,13.300000000000004,hot,Other
NS,136917,2020-01-23,9:50 AM,Derailment,0,FRANKLIN,PA,20,2.0,Day,Clear,Main,Freight Train,27,34284,5736,40020,E29C,40.377584,-78.848974,19.8,28.4,36.7,8.599999999999998,8.300000000000004,16.900000000000002,hot,Other
LIRC,0401201901,2019-04-01,12:25 PM,Hwy-rail crossing,0,FRANKLIN,IN,45,2.0,Day,Clear,Main,Freight Train,0,0,3000,19465,M304,39.5207,-86.0665,31.4,34.9,44.7,3.5,9.800000000000004,13.300000000000004,hot,Other
CSX,000161996,2016-08-09,9:05 AM,Derailment,0,FRANKLIN  CP,VA,88,2.0,Day,Clear,Siding,Freight Train,20,105000,94574,228262,T207,36.681461,-76.914236,69.8,70.3,77.6,0.5,7.299999999999997,7.799999999999997,hot,Track-related
CSX,000161996,2016-08-09,9:05 AM,Derailment,0,FRANKLIN  CP,VA,88,2.0,Day,Clear,Siding,Cut of cars,0,28688,0,228262,T207,36.681461,-76.914236,69.8,70.3,77.6,0.5,7.299999999999997,7.799999999999997,hot,Track-related
CP,1000218394,2015-06-02,10:15 AM,Other impacts,0,FRANKLIN PARK,IL,75,2.0,Day,Clear,Yard,Yard/switching,5,0,100,10984,E39C,41.94429,-87.89079,51.7,57.4,64.0,5.699999999999996,6.600000000000001,12.299999999999997,hot,Other
BNSF,PR0524103,2024-05-08,5:14 AM,Derailment,0,FRANNIE,WY,33,1.0,Dawn,Snow,Yard,Freight Train,8,34354,50266,84620,H607,44.97542,-108.622699,45.3,38.1,47.3,-7.199999999999996,9.199999999999996,2.0,hot,Other
BNSF,TC0222108,2022-02-17,8:55 AM,Derailment,0,FRAZEE,MN,-15,1.0,Dawn,Cloudy,Main,Freight Train,59,1603343,347989,2317435,T221,46.745069,-95.749155,8.9,-7.8,5.1,-16.7,12.899999999999999,-3.8000000000000007,cold,Other
BNSF,TC0222108,2022-02-17,8:55 AM,Derailment,0,FRAZEE,MN,-15,1.0,Dawn,Cloudy,Main,Freight Train,0,366103,0,2317435,T221,46.745069,-95.749155,8.9,-7.8,5.1,-16.7,12.899999999999999,-3.8000000000000007,cold,Other
DMVW,FRED218,2016-02-18,11:25 PM,Hwy-rail crossing,0,FREDONIA,ND,30,4.0,Dark,Fog,Main,Freight Train,10,26298,0,26298,M306,46.326593,-99.100262,24.4,31.7,38.8,7.300000000000001,7.099999999999998,14.399999999999999,hot,Other
NS,113208,2014-11-28,9:04 AM,Derailment,0,FREMONT,OH,25,2.0,Day,Clear,Industry,Freight Train,6,8700,11138,19838,M101,41.356054,-83.108558,31.9,25.1,40.6,-6.799999999999997,15.5,8.700000000000003,moderate,Other
UP,0219GP017,2019-02-08,11:44 PM,Derailment,0,FREMONT,NE,11,4.0,Dark,Cloudy,Main,Freight Train,20,389997,355418,745415,T207,41.426504,-96.488055,7.3,6.4,20.9,-0.8999999999999995,14.499999999999998,13.599999999999998,cold,Track-related
BNSF,TC0416103,2016-04-09,1:15 PM,Derailment,0,FRIDLEY,MN,40,2.0,Day,Clear,Yard,Yard/switching,4,17789,6800,24589,M405,45.044198,-93.27116,32.1,31.0,46.0,-1.1000000000000014,15.0,13.899999999999999,hot,Other
BNSF,TC0915111,2015-09-20,9:00 PM,Other impacts,0,FRIDLEY,MN,64,4.0,Dark,Clear,Yard,Yard/switching,8,30500,0,30500,M411,45.040304,-93.273555,58.9,60.2,68.8,1.3000000000000043,8.599999999999994,9.899999999999999,hot,Other
BNSF,TC0919106,2019-09-14,6:19 AM,Derailment,0,FRIDLEY,MN,60,1.0,Dawn,Clear,Yard,Freight Train,4,9266,32972,42238,H599,45.043898,-93.272659,58.8,61.4,68.2,2.6000000000000014,6.800000000000004,9.400000000000006,hot,Other
BNSF,TC1115101,2015-11-07,12:05 AM,Derailment,0,FRIDLEY,MN,36,4.0,Dark,Clear,Yard,Light loco(s),6,500,18200,18700,H704,45.037887,-93.26978,43.7,41.7,50.6,-2.0,8.899999999999999,6.899999999999999,hot,Other
BNSF,TC0419107,2019-04-15,11:45 PM,Derailment,0,FRIDLEY,MN,55,4.0,Dark,Clear,Yard,Yard/switching,4,37111,11000,48111,T207,45.049859,-93.273002,35.5,41.6,51.6,6.100000000000001,10.0,16.1,hot,Track-related
BNSF,KS0418106,2018-04-07,12:01 AM,Derailment,0,FRIONA,TX,27,4.0,Dark,Clear,Siding,Freight Train,23,4800,102589,107389,T207,34.687592,-102.601088,55.2,34.7,54.6,-20.5,19.9,-0.6000000000000014,hot,Track-related
CSX,000157178,2016-02-18,3:15 AM,Derailment,0,FULTON,NY,11,4.0,Dark,Clear,Industry,Freight Train,3,75810,2000,77810,M501,43.314549,-76.387707,31.0,15.2,25.3,-15.8,10.100000000000001,-5.699999999999999,cold,Other
UP,0619MA029,2019-06-14,7:51 PM,Hwy-rail crossing,0,FULTS,IL,71,3.0,Dusk,Clear,Main,Freight Train,47,232665,775600,1008265,M302,38.162025,-90.210507,64.1,64.5,74.5,0.4000000000000057,10.0,10.400000000000006,hot,Other
UP,1117SL015,2017-11-22,10:45 PM,Derailment,0,FULTS,IL,28,4.0,Dark,Cloudy,Main,Freight Train,50,16348,2747,19095,T201,38.172799,-90.225313,44.9,31.3,40.1,-13.599999999999998,8.8,-4.799999999999997,hot,Track-related
NS,114956,2015-03-20,10:02 PM,Hwy-rail crossing,0,GAINESVILLE,GA,72,4.0,Dark,Clear,Main,Freight Train,43,30,12348,12378,M303,34.272332,-83.837626,48.4,52.2,58.9,3.8000000000000043,6.699999999999996,10.5,hot,Other
NS,132914,2019-02-20,2:50 PM,Other (describe in narrative),0,GAINESVILLE,GA,72,2.0,Day,Rain,Yard,Freight Train,8,8853,77884,86737,H702,34.2946,-83.81167,39.0,37.5,50.1,-1.5,12.600000000000001,11.100000000000001,hot,Other
BNSF,CH0315100,2015-03-05,1:24 PM,Derailment,10,GALENA,IL,25,2.0,Day,Clear,Main,Freight Train,23,2043165,2169305,4212470,E61C,42.374843,-90.444164,10.8,2.4,15.4,-8.4,13.0,4.6,cold,Other
UP,1219HO011,2019-12-14,4:30 AM,Derailment,0,GALENA PARK,TX,51,1.0,Dawn,Clear,Yard,Yard/switching,2,16866,5580,22446,T111,29.736494,-95.26331,64.0,61.9,73.7,-2.1000000000000014,11.800000000000004,9.700000000000003,hot,Track-related
UP,1220HO017,2020-12-22,8:16 PM,Derailment,0,GALENA PARK,TX,62,4.0,Dark,Cloudy,Industry,Yard/switching,4,10363,890,11253,T205,29.727324,-95.234998,58.6,60.7,69.0,2.1000000000000014,8.299999999999997,10.399999999999999,hot,Track-related
BNSF,CH1118115,2018-11-28,2:48 AM,Side collision,0,GALESBURG,IL,26,4.0,Dark,Clear,Yard,Light loco(s),0,9000,0,11200,H607,40.904474,-90.385461,15.5,18.2,28.8,2.6999999999999993,10.600000000000001,13.3,moderate,Other
BNSF,CH1118115,2018-11-28,2:48 AM,Side collision,0,GALESBURG,IL,26,4.0,Dark,Clear,Yard,Yard/switching,3,2200,0,11200,H607,40.904474,-90.385461,15.5,18.2,28.8,2.6999999999999993,10.600000000000001,13.3,moderate,Other
BNSF,CH0223113,2023-02-11,4:03 PM,Other impacts,0,GALESBURG,IL,40,2.0,Day,Clear,Yard,Yard/switching,9,32454,0,32454,E06C,40.914039,-90.380542,28.5,30.7,37.6,2.1999999999999993,6.900000000000002,9.100000000000001,hot,Other
BNSF,CH0322114,2022-03-19,3:10 PM,Other impacts,0,GALESBURG,IL,60,2.0,Day,Clear,Yard,Yard/switching,5,137923,0,137923,M407,40.90931,-90.384191,43.8,40.9,49.0,-2.8999999999999986,8.100000000000001,5.200000000000003,hot,Other
BNSF,CH0117113,2017-01-30,12:01 AM,Derailment,0,GALESBURG,IL,18,4.0,Dark,Clear,Main,Light loco(s),8,7000,24751,31751,H702,40.909249,-90.380694,27.2,28.3,38.1,1.1000000000000014,9.8,10.900000000000002,hot,Other
BNSF,CH0119123,2019-01-27,8:00 PM,Derailment,0,GALESBURG,IL,15,3.0,Dusk,Clear,Yard,Yard/switching,8,26458,8200,34658,H308,40.914143,-90.380516,2.8,8.8,19.4,6.000000000000001,10.599999999999998,16.599999999999998,cold,Other
BNSF,CH1114117,2014-11-28,6:10 PM,Other impacts,0,GALESBURG,IL,12,3.0,Dusk,Clear,Yard,Yard/switching,4,15498,0,15498,M407,40.9032,-90.38554,17.6,26.4,42.5,8.799999999999997,16.1,24.9,moderate,Other
BNSF,CH1023110,2023-10-23,4:50 AM,Derailment,0,GALESBURG,IL,50,1.0,Dawn,Clear,Yard,Yard/switching,9,21948,153494,175442,T205,40.915519,-90.380612,47.8,57.7,67.3,9.900000000000006,9.599999999999994,19.5,hot,Track-related
CSX,000208972,2022-12-26,3:40 AM,Derailment,0,GALLATIN,TN,12,4.0,Dark,Cloudy,Main,Freight Train,25,93047,10738,103785,M404,36.475575,-86.467637,18.5,26.5,33.2,8.0,6.700000000000003,14.700000000000003,moderate,Other
CSX,000144233,2015-04-05,2:50 AM,Derailment,0,GALLATIN,TN,34,4.0,Dark,Clear,Main,Freight Train,32,3165,254489,257654,E53C,36.379103,-86.479771,50.7,52.3,60.2,1.5999999999999943,7.900000000000006,9.5,hot,Other
NS,156023,2024-03-12,12:15 AM,Derailment,0,GALLION,AL,50,4.0,Dark,Clear,Main,Freight Train,22,612712,426900,1039612,T002,32.510066,-87.762156,49.9,55.4,62.2,5.5,6.800000000000004,12.300000000000004,hot,Track-related
BNSF,CH0416202,2016-04-14,9:58 AM,Hwy-rail crossing,0,GALVA,IL,65,2.0,Day,Clear,Main,Passenger Train - Pulling,0,0,0,154868,M302,41.152833,-90.073888,49.1,54.0,60.6,4.899999999999999,6.600000000000001,11.5,hot,Other
ATK,141965,2016-04-14,9:58 AM,Hwy-rail crossing,0,GALVA,IL,60,2.0,Day,Clear,Main,Passenger Train - Pulling,75,154868,0,154868,M302,41.152833,-90.073888,49.1,54.0,60.6,4.899999999999999,6.600000000000001,11.5,hot,Other
NS,132475,2019-01-17,8:50 PM,Other impacts,0,GARDEN CITY,GA,61,4.0,Dark,Clear,Yard,Yard/switching,7,80447,0,80447,H210,32.092741,-81.160037,47.2,48.5,56.1,1.2999999999999972,7.600000000000001,8.899999999999999,hot,Other
NS,151725,2022-12-14,9:45 AM,Derailment,0,GARDEN CITY,GA,67,2.0,Day,Rain,Industry,Freight Train,3,122008,46839,168847,E64C,32.151853,-81.183595,53.8,55.8,65.4,2.0,9.600000000000009,11.600000000000009,hot,Other
NS,151488,2022-11-14,8:30 PM,Other impacts,0,GARDEN CITY,GA,70,4.0,Dark,Clear,Yard,Freight Train,5,46874,600,193268,H307,32.110265,-81.174896,55.6,51.2,63.1,-4.399999999999999,11.899999999999999,7.5,hot,Other
NS,151488,2022-11-14,8:30 PM,Other impacts,0,GARDEN CITY,GA,70,4.0,Dark,Clear,Yard,Freight Train,5,145794,0,193268,H307,32.110265,-81.174896,55.6,51.2,63.1,-4.399999999999999,11.899999999999999,7.5,hot,Other
LI,71382,2020-01-18,10:35 AM,Other (describe in narrative),0,GARDEN CITY,NY,28,2.0,Day,Clear,Main,Maint./inspect Car,0,0,71270,71270,H997,40.7355,-73.6613,27.1,26.9,38.9,-0.20000000000000284,12.0,11.799999999999997,hot,Other
GRS,20190910P1,2019-09-10,12:45 AM,Fire/violent rupture,0,GARDNER,MA,0,4.0,Dark,Clear,Yard,Single Car,0,50400,0,50400,M599,42.567534,-71.985131,59.6,62.2,73.1,2.6000000000000014,10.899999999999991,13.499999999999993,hot,Other
WC,1022311,2019-12-28,9:27 PM,Derailment,0,GARY,IN,48,4.0,Dark,Clear,Yard,Light loco(s),15,23520,17472,40992,H706,41.628946,-87.406392,34.5,38.8,54.4,4.299999999999997,15.600000000000001,19.9,hot,Other
WC,883630,2016-03-30,3:00 PM,Derailment,0,GARY,IN,52,2.0,Day,Cloudy,Yard,Yard/switching,7,14221,100,14321,H704,41.610419,-87.351403,44.2,50.8,58.4,6.599999999999994,7.600000000000001,14.199999999999996,hot,Other
WC,899873,2016-09-04,10:30 PM,Derailment,0,GARY,IN,75,4.0,Dark,Clear,Yard,Yard/switching,4,116203,7120,123323,H704,41.622626,-87.382651,66.3,68.3,75.5,2.0,7.200000000000003,9.200000000000003,hot,Other
WC,1030125,2020-03-18,12:34 PM,Side collision,0,GARY,IN,45,2.0,Day,Rain,Yard,Yard/switching,0,43200,250,125150,H307,41.629327,-87.391235,38.6,39.6,48.2,1.0,8.600000000000001,9.600000000000001,hot,Other
WC,929256,2017-04-14,11:30 PM,Other impacts,0,GARY,IN,78,4.0,Dark,Clear,Yard,Yard/switching,6,12500,0,12500,M201,41.618274,-87.369885,52.3,58.4,70.1,6.100000000000001,11.699999999999996,17.799999999999997,hot,Other
WC,835039,2014-12-12,12:30 AM,Derailment,0,GARY,IN,28,4.0,Dark,Clear,Yard,Yard/switching,0,0,5174,16143,E34C,41.612595,-87.354414,28.5,29.3,41.8,0.8000000000000007,12.499999999999996,13.299999999999997,hot,Other
WC,1059266,2021-01-20,2:12 AM,Side collision,0,GARY,IN,15,4.0,Dark,Clear,Yard,Yard/switching,10,31600,0,63200,E29C,41.621884,-87.381215,25.0,24.1,34.9,-0.8999999999999986,10.799999999999997,9.899999999999999,moderate,Other
GRW,57,2014-12-12,12:30 AM,Derailment,0,GARY,IN,27,4.0,Dark,Cloudy,Yard,Freight Train,2,5795,5174,16143,E34C,41.612595,-87.354414,28.5,29.3,41.8,0.8000000000000007,12.499999999999996,13.299999999999997,hot,Other
WC,1142201,2023-12-06,9:40 PM,Side collision,0,GARY,IN,39,4.0,Dark,Cloudy,Yard,Freight Train,2,20000,0,30200,M411,41.628486,-87.412,35.2,34.4,42.3,-0.8000000000000043,7.899999999999999,7.099999999999994,hot,Other
WC,1030125,2020-03-18,12:34 PM,Side collision,0,GARY,IN,45,2.0,Day,Rain,Yard,Single Car,4,81700,0,125150,H307,41.629327,-87.391235,38.6,39.6,48.2,1.0,8.600000000000001,9.600000000000001,hot,Other
WC,1142201,2023-12-06,9:40 PM,Side collision,0,GARY,IN,39,4.0,Dark,Cloudy,Yard,Single Car,3,10200,0,30200,M411,41.628486,-87.412,35.2,34.4,42.3,-0.8000000000000043,7.899999999999999,7.099999999999994,hot,Other
ATK,157268,2019-01-21,12:38 PM,Hwy-rail crossing,0,GARY,IN,10,2.0,Day,Clear,Main,Passenger Train - Pulling,58,18075,0,18075,M302,41.615473,-87.394012,13.9,9.5,25.1,-4.4,15.600000000000001,11.200000000000001,cold,Other
NS,132539,2019-01-21,1:38 PM,Hwy-rail crossing,0,GARY,IN,10,2.0,Day,Clear,Main,Passenger Train - Pulling,0,0,0,18075,M302,41.624851,-87.394034,13.9,9.5,25.1,-4.4,15.600000000000001,11.200000000000001,cold,Other
WC,955453,2018-04-11,5:27 PM,Derailment,0,GARY,IN,56,2.0,Day,Clear,Yard,Single Car,2,113509,915,146091,S016,41.616984,-87.366355,36.5,51.3,58.5,14.799999999999997,7.200000000000003,22.0,hot,Other
WC,955453,2018-04-11,5:27 PM,Derailment,0,GARY,IN,56,2.0,Day,Clear,Yard,Yard/switching,2,31667,0,146091,S016,41.616984,-87.366355,36.5,51.3,58.5,14.799999999999997,7.200000000000003,22.0,hot,Other
WC,994730,2019-04-14,10:23 PM,Broken train collision,0,GARY,IN,32,4.0,Dark,Snow,Yard,Yard/switching,10,205149,1600,206749,H508,41.61088,-88.073467,43.6,35.3,42.8,-8.300000000000004,7.5,-0.8000000000000043,hot,Other
GRW,03,2017-01-20,2:54 PM,Derailment,0,GARY,IN,43,2.0,Day,Cloudy,Industry,Yard/switching,4,483,10435,10918,H702,41.61921,-87.352286,36.7,40.9,49.7,4.199999999999996,8.800000000000004,13.0,hot,Other
GRW,03,2021-01-20,2:12 AM,Broken train collision,0,GARY,IN,15,4.0,Dark,Clear,Yard,Yard/switching,1,31600,0,63200,E35C,41.621884,-87.381215,25.0,24.1,34.9,-0.8999999999999986,10.799999999999997,9.899999999999999,moderate,Other
GRW,01,2015-01-02,9:25 PM,Derailment,0,GARY,IN,32,4.0,Dark,Clear,Yard,Yard/switching,5,10214,31573,41787,H308,41.619421,-87.352278,22.6,26.7,33.4,4.099999999999998,6.699999999999999,10.799999999999997,hot,Other
GRW,11,2018-04-30,11:55 AM,Derailment,0,GARY,IN,75,2.0,Day,Clear,Industry,Yard/switching,3,25417,24032,49449,T206,41.621841,-87.32706,44.1,58.6,70.9,14.5,12.300000000000004,26.800000000000004,hot,Track-related
IHB,2187,2016-02-27,1:30 AM,Derailment,0,GARY,IN,27,4.0,Dark,Clear,Industry,Freight Train,10,13016,9156,22172,T110,41.595218,-87.385875,31.1,36.2,49.1,5.100000000000001,12.899999999999999,18.0,hot,Track-related
IC,1060969,2021-02-08,5:45 PM,Derailment,0,GEISMAR,LA,61,4.0,Dark,Clear,Main,Freight Train,12,29123,3833,32956,T102,30.188506,-90.99346,52.8,56.1,65.9,3.3000000000000043,9.800000000000004,13.100000000000009,hot,Track-related
IC,1094789,2022-02-15,8:20 AM,Derailment,0,GEISMAR,LA,50,2.0,Day,Clear,Yard,Yard/switching,8,69655,20986,90641,T210,30.167477,-90.964678,48.9,53.6,65.7,4.700000000000003,12.100000000000001,16.800000000000004,hot,Track-related
CSX,000188787,2020-03-01,4:10 PM,Derailment,0,GEORGETOWN,SC,50,3.0,Dusk,Rain,Yard,Freight Train,6,11697,97,11794,T311,33.378002,-79.302455,44.5,41.8,54.3,-2.700000000000003,12.5,9.799999999999997,hot,Track-related
UP,0215NP011,2015-02-05,11:45 PM,Other (describe in narrative),0,GIBBON,NE,32,4.0,Dark,Clear,Industry,Freight Train,2,25720,6175,31895,M501,40.744771,-98.862227,15.8,20.4,44.2,4.599999999999998,23.800000000000004,28.400000000000002,moderate,Other
UP,0321GP051,2021-03-31,3:45 PM,Derailment,0,GIBBON,NE,48,2.0,Day,Cloudy,Main,Freight Train,35,625495,670610,1296105,T399,40.75028,-98.84267,41.7,36.2,43.7,-5.5,7.5,2.0,hot,Track-related
LAS,220129005,2022-01-29,2:30 PM,Derailment,0,GIBSLAND,LA,69,2.0,Day,Clear,Yard,Freight Train,10,15000,0,18319,E4TL,32.3246,-93.031,44.4,41.7,53.3,-2.6999999999999957,11.599999999999994,8.899999999999999,hot,Other
KCS,22012902,2022-01-29,2:30 PM,Derailment,0,GIBSLAND,LA,69,2.0,Day,Clear,Yard,Freight Train,0,0,3319,18319,E4TL,32.546215,-93.052494,44.4,41.7,53.3,-2.6999999999999957,11.599999999999994,8.899999999999999,hot,Other
BNSF,PR0415103,2015-04-13,12:52 AM,Derailment,0,GILLETTE,WY,32,4.0,Dark,Clear,Yard,Yard/switching,3,14449,0,14449,H311,44.290141,-105.283183,41.6,44.8,62.2,3.1999999999999957,17.400000000000006,20.6,hot,Other
NJTR,202001031,2020-01-09,7:30 PM,Derailment,0,GLADSTONE,NJ,26,4.0,Dark,Clear,Yard,EMU,9,194341,13462,207803,T314,40.71964,-74.665568,32.8,27.2,38.5,-5.599999999999998,11.3,5.700000000000003,hot,Track-related
BNSF,MT1115105,2015-11-21,5:50 PM,Derailment,0,GLENDIVE,MT,28,3.0,Dusk,Clear,Yard,Yard/switching,4,25000,268616,293616,H307,47.111205,-104.705445,19.2,21.6,35.7,2.400000000000002,14.100000000000001,16.500000000000004,moderate,Other
BNSF,MT1122102,2022-11-18,8:53 PM,Derailment,0,GLENDIVE,MT,20,3.0,Dusk,Clear,Yard,Light loco(s),9,31000,4500,35500,H702,47.102818,-104.713553,11.2,11.4,19.1,0.20000000000000107,7.700000000000001,7.900000000000002,cold,Other
BNSF,PR1216108,2016-12-17,6:17 AM,Derailment,0,GLENDO,WY,-13,1.0,Dawn,Cloudy,Main,Freight Train,27,2024150,356000,2380150,T207,42.629796,-105.135358,9.2,-8.4,3.9,-17.6,12.3,-5.299999999999999,cold,Track-related
ATK,169968,2022-03-05,8:22 PM,Hwy-rail crossing,0,GLENDORA,MS,62,4.0,Dark,Clear,Main,Passenger Train - Pulling,79,26067,0,26067,M302,34.014233,-90.281499,61.7,67.6,75.1,5.8999999999999915,7.5,13.399999999999991,hot,Other
IC,1096213,2022-03-05,8:22 PM,Hwy-rail crossing,0,GLENDORA,MS,62,4.0,Dark,Clear,Main,Freight Train,0,0,0,26067,M302,34.014233,-90.281499,61.7,67.6,75.1,5.8999999999999915,7.5,13.399999999999991,hot,Other
KCS,17111002,2017-11-10,5:30 AM,Derailment,0,GODFREY,IL,26,4.0,Dark,Clear,Yard,Freight Train,8,74767,10000,84767,T207,38.584884,-90.144133,40.0,31.6,40.1,-8.399999999999999,8.5,0.10000000000000142,hot,Track-related
UP,0316SL008,2016-03-25,8:29 AM,Hwy-rail crossing,0,GOODWINE,IL,41,2.0,Day,Cloudy,Main,Freight Train,45,13597,0,13597,M308,40.574443,-87.783717,52.2,37.6,45.8,-14.600000000000001,8.199999999999996,-6.400000000000006,hot,Other
UP,0224TO030,2024-02-19,5:51 PM,Derailment,0,GORDON,TX,71,2.0,Day,Clear,Main,Freight Train,34,405,526620,527025,M201,32.548631,-98.378709,39.5,51.7,61.9,12.200000000000003,10.199999999999996,22.4,hot,Other
UP,0221GP019,2021-02-15,5:36 PM,Hwy-rail crossing,0,GOTHENBURG,NE,-1,2.0,Day,Cloudy,Main,Freight Train,40,643,13430,14073,M302,40.926202,-100.163157,-5.1,-16.5,-5.9,-11.4,10.6,-0.8000000000000007,cold,Other
UP,0522GP021,2022-05-26,7:28 AM,Derailment,0,GOTHENBURG,NE,40,1.0,Dawn,Clear,Main,Freight Train,50,1065715,90000,1155715,T210,40.911264,-100.128641,52.5,59.5,69.9,7.0,10.400000000000006,17.400000000000006,hot,Track-related
UP,0622GP028,2022-06-28,4:00 PM,Derailment,0,GOTHENBURG,NE,96,2.0,Day,Clear,Industry,Freight Train,5,48735,169081,217816,T110,40.924555,-100.158666,70.0,75.5,83.5,5.5,8.0,13.5,hot,Track-related
UP,1017LK032,2017-10-20,12:33 PM,Fire/violent rupture,0,GOULD,AR,73,2.0,Day,Cloudy,Main,Freight Train,40,44299,33,44332,E99L,34.038817,-91.618899,61.3,62.7,72.2,1.4000000000000057,9.5,10.900000000000006,hot,Other
NS,145298,2022-05-18,10:05 PM,Other (describe in narrative),0,GRACEWOOD,GA,75,4.0,Dark,Clear,Yard,Freight Train,5,1000,14090,15090,H702,33.350953,-81.964026,75.0,73.3,80.5,-1.7000000000000028,7.200000000000003,5.5,hot,Other
CSX,000202297,2022-01-08,7:09 AM,Other impacts,0,GRAFTON,WV,5,1.0,Dawn,Cloudy,Yard,Cut of cars,0,72877,0,101415,H306,39.340043,-80.018075,18.1,21.6,39.7,3.5,18.1,21.6,moderate,Other