reportingrailroadcode,accidentnumber,date,time,accidenttype,hazmatreleasedcars,station,stateabbr,temperature,visibility_code,visibility,weathercondition,tracktype,equipmenttype,trainspeed,equipmentdamagecost,trackdamagecost,totaldamagecost,primaryaccidentcausecode,latitude,longitude,prior_temp,actual_temp,following_temp,before_temp_change,after_temp_change,across_temp_change,temp_category,accident_category
CSX,000202297,2022-01-08,7:09 AM,Other impacts,0,GRAFTON,WV,5,1.0,Dawn,Cloudy,Yard,Freight Train,2,26011,2527,101415,H306,39.340043,-80.018075,18.1,21.6,39.7,3.5,18.1,21.6,moderate,Other
BNSF,TC0915105,2015-09-12,4:45 AM,Raking collision,0,GRAND FORKS,ND,43,4.0,Dark,Clear,Main,Yard/switching,6,19069,0,19069,H302,47.977176,-97.088446,54.3,60.1,68.8,5.800000000000004,8.699999999999996,14.5,hot,Other
UP,1119GL011,2019-11-12,8:15 PM,Derailment,0,GRAND ISLAND,NE,31,4.0,Dark,Clear,Yard,Freight Train,8,36227,87725,123952,H703,40.937223,-98.31354,15.7,20.6,36.4,4.900000000000002,15.799999999999997,20.7,moderate,Other
UP,0320GL018,2020-03-23,5:30 AM,Other impacts,0,GRAND ISLAND,NE,39,1.0,Dawn,Fog,Yard,Cut of cars,0,48805,0,56321,H306,40.936462,-98.314948,39.7,42.5,50.7,2.799999999999997,8.200000000000003,11.0,hot,Other
UP,0320GL018,2020-03-23,5:30 AM,Other impacts,0,GRAND ISLAND,NE,39,1.0,Dawn,Fog,Yard,Yard/switching,5,6853,663,56321,H306,40.936462,-98.314948,39.7,42.5,50.7,2.799999999999997,8.200000000000003,11.0,hot,Other
BNSF,TC1114124,2014-11-21,3:00 PM,Other (describe in narrative),0,GRAND RAPIDS,MN,35,2.0,Day,Clear,Yard,Maint./inspect Car,5,20000,0,20000,H997,47.235216,-93.538964,5.1,16.6,30.8,11.500000000000002,14.2,25.700000000000003,moderate,Other
BNSF,TC0318107,2018-03-10,8:02 PM,Derailment,0,GRAND RAPIDS,MN,30,3.0,Dusk,Clear,Yard,Light loco(s),10,3300,15572,18872,H307,47.204021,-93.440061,18.9,22.9,29.7,4.0,6.800000000000001,10.8,moderate,Other
BNSF,TC1123102,2023-11-11,9:30 AM,Derailment,0,GRAND RAPIDS,MN,35,2.0,Day,Cloudy,Industry,Freight Train,5,0,12000,12000,T101,47.235061,-93.536945,31.6,31.7,38.5,0.09999999999999787,6.800000000000001,6.899999999999999,hot,Track-related
NS,116466,2015-07-10,3:10 PM,Derailment,0,GRANITE CITY,IL,81,2.0,Day,Cloudy,Yard,Freight Train,1,6315,7443,13758,T205,38.722764,-90.142584,69.5,72.3,81.1,2.799999999999997,8.799999999999997,11.599999999999994,hot,Track-related
NPR,DR032201,2022-03-14,10:24 AM,Derailment,0,GRANO,ND,25,2.0,Day,Clear,Main,Work train,26,45000,2000,47000,M101,48.617211,-101.597365,20.9,26.9,36.3,6.0,9.399999999999999,15.399999999999999,hot,Other
BNSF,TC1023204,2023-10-15,12:22 PM,Hwy-rail crossing,0,GRANVILLE,ND,53,2.0,Day,Clear,Main,Freight Train,40,15298,0,15298,M302,48.254493,-100.917334,44.4,41.0,49.3,-3.3999999999999986,8.299999999999997,4.899999999999999,hot,Other
KO,IN200310,2020-03-10,3:00 AM,Derailment,0,GREAT BEND,KS,34,4.0,Dark,Fog,Industry,Freight Train,5,3000,18000,46000,H306,38.364087,-98.682307,46.7,44.1,54.9,-2.6000000000000014,10.799999999999997,8.199999999999996,hot,Other
KO,IN200310,2020-03-10,2:50 AM,Derailment,0,GREAT BEND,KS,34,4.0,Dark,Fog,Industry,Freight Train,5,25000,0,46000,H306,38.364087,-98.682307,46.7,44.1,54.9,-2.6000000000000014,10.799999999999997,8.199999999999996,hot,Other
BNSF,MT1019103,2019-10-11,12:57 AM,Derailment,0,GREAT FALLS,MT,18,4.0,Dark,Clear,Yard,Light loco(s),3,40930,0,40930,T223,47.506305,-111.338146,16.1,28.0,36.4,11.899999999999999,8.399999999999999,20.299999999999997,hot,Other
BNSF,MT0222104,2022-02-12,10:02 PM,Other impacts,0,GREAT FALLS,MT,30,4.0,Dark,Clear,Industry,Cut of cars,0,23623,0,40933,H307,47.521504,-111.297475,26.9,32.2,39.7,5.300000000000004,7.5,12.800000000000004,hot,Other
BNSF,MT1222102,2022-12-13,9:55 PM,Derailment,0,GREAT FALLS,MT,17,4.0,Dark,Clear,Yard,Yard/switching,6,12011,4879,16890,H020,47.517316,-111.280885,10.3,15.5,22.9,5.199999999999999,7.399999999999999,12.599999999999998,cold,Other
BNSF,MT0222104,2022-02-12,10:02 PM,Other impacts,0,GREAT FALLS,MT,30,4.0,Dark,Clear,Industry,Yard/switching,5,17310,0,40933,H307,47.521504,-111.297475,26.9,32.2,39.7,5.300000000000004,7.5,12.800000000000004,hot,Other
BNSF,MT0921102,2021-09-04,8:13 PM,Derailment,0,GREAT FALLS,MT,65,3.0,Dusk,Clear,Yard,Freight Train,7,72753,8715,81468,H525,47.516444,-111.360114,56.3,59.9,68.7,3.6000000000000014,8.800000000000004,12.400000000000006,hot,Other
BNSF,MT0517104,2017-05-26,12:19 AM,Derailment,0,GREAT FALLS,MT,60,4.0,Dark,Clear,Industry,Yard/switching,9,50338,104000,154338,H307,47.519169,-111.307865,49.6,51.1,59.5,1.5,8.399999999999999,9.899999999999999,hot,Other
BNSF,MT0715102,2015-07-08,8:47 AM,Derailment,0,GREAT FALLS,MT,50,1.0,Dawn,Clear,Main,Freight Train,25,12245,1801205,1813450,T002,47.450964,-111.232738,59.4,65.0,74.1,5.600000000000001,9.099999999999994,14.699999999999996,hot,Track-related
UP,1114DV007,2014-11-08,4:15 AM,Derailment,0,GREEN RIVER,WY,28,4.0,Dark,Clear,Yard,Freight Train,8,127994,2861,130855,T207,41.518487,-109.43106,46.2,41.5,48.8,-4.700000000000003,7.299999999999997,2.5999999999999943,hot,Track-related
UP,0417KC002,2017-04-06,5:39 PM,Fire/violent rupture,0,GREENSBURG,KS,57,2.0,Day,Clear,Main,Freight Train,45,174399,0,174399,E73L,37.609392,-99.293143,47.1,47.3,55.2,0.19999999999999574,7.900000000000006,8.100000000000001,hot,Other
RJCW,RJCW2401,2024-01-23,12:05 PM,Derailment,0,GREENVILLE,OH,43,1.0,Dawn,Clear,Main,Freight Train,8,121400,76500,197900,T222,40.0626,-84.6394,27.4,38.5,49.6,11.100000000000001,11.100000000000001,22.200000000000003,hot,Other
MNCW,201941,2019-04-05,12:45 PM,Obstruction,0,GREENWICH,CT,50,2.0,Day,Clear,Main,Spec. MoW Equip.,10,94695,0,94695,H999,41.021029,-73.628188,46.6,36.1,48.8,-10.5,12.699999999999996,2.1999999999999957,hot,Other
NOGC,OP12122018,2018-12-12,9:20 AM,Derailment,0,GRETNA,LA,62,2.0,Day,Cloudy,Yard,Freight Train,5,30000,12000,42000,T001,29.935356,-90.052688,46.8,52.4,62.0,5.600000000000001,9.600000000000001,15.200000000000003,hot,Track-related
BNSF,PR0423103,2023-04-10,6:30 PM,Derailment,0,GREYBULL,WY,58,3.0,Dusk,Clear,Main,Freight Train,8,7705,6173,13878,H307,44.501377,-108.060106,48.9,54.3,61.7,5.399999999999999,7.400000000000006,12.800000000000004,hot,Other
BNSF,PR1218109,2018-12-14,3:48 PM,Derailment,0,GREYBULL,WY,25,2.0,Day,Clear,Yard,Yard/switching,4,11600,5000,16600,H607,44.493747,-108.057614,20.0,19.3,28.1,-0.6999999999999993,8.8,8.100000000000001,moderate,Other
BNSF,PR1115106,2015-11-21,2:50 AM,Derailment,0,GUERNSEY,WY,21,4.0,Dark,Cloudy,Yard,Light loco(s),5,42213,0,42213,H303,42.260848,-104.716258,26.3,16.2,30.8,-10.100000000000001,14.600000000000001,4.5,moderate,Other
BNSF,PR0122104,2022-01-20,2:17 AM,Derailment,0,GUERNSEY,WY,6,4.0,Dark,Clear,Yard,Freight Train,10,18018,76053,94071,T307,42.261404,-104.718439,16.5,21.2,33.9,4.699999999999999,12.7,17.4,moderate,Track-related
UP,0415KC003,2015-04-11,6:32 AM,Fire/violent rupture,0,GUYMON,OK,46,1.0,Dawn,Cloudy,Main,Freight Train,50,98005,33,98038,E74L,36.536075,-101.72669,49.2,57.6,68.2,8.399999999999999,10.600000000000001,19.0,hot,Other
NS,118014,2015-10-31,6:05 PM,Other impacts,0,HALFWAY,MD,50,3.0,Dusk,Cloudy,Yard,Freight Train,6,5850,100,20650,H018,39.614315,-77.740845,48.7,47.2,58.1,-1.5,10.899999999999999,9.399999999999999,hot,Other
BNSF,KS0517200,2017-05-05,7:55 AM,Hwy-rail crossing,0,HALSTEAD,KS,54,1.0,Dawn,Clear,Main,Freight Train,37,10701,0,10701,M302,38.006604,-97.536978,54.8,59.5,67.2,4.700000000000003,7.700000000000003,12.400000000000006,hot,Other
CSX,000205418,2022-05-26,5:24 AM,Derailment,0,HAMDEN,CT,51,1.0,Dawn,Clear,Yard,Freight Train,0,0,1780,27000,H603,41.361148,-72.886552,58.6,59.9,66.9,1.2999999999999972,7.000000000000007,8.300000000000004,hot,Other
PW,PWR098822R,2022-05-26,5:24 AM,Derailment,0,HAMDEN,CT,51,1.0,Dawn,Clear,Yard,Freight Train,13,25220,0,27000,T101,41.371692,-72.849933,58.6,59.9,66.9,1.2999999999999972,7.000000000000007,8.300000000000004,hot,Track-related
CSX,000209675,2023-02-06,12:23 PM,Derailment,0,HAMILTON,OH,50,2.0,Day,Clear,Main,Freight Train,1,28368,9081,37449,H019,39.427454,-84.537003,45.3,36.7,47.9,-8.599999999999994,11.199999999999996,2.6000000000000014,hot,Other
CSX,000217650,2024-04-25,11:01 AM,Hwy-rail crossing,0,HAMLER,OH,62,2.0,Day,Clear,Main,Freight Train,29,400,13976,14376,M302,41.225415,-84.007241,45.6,43.2,50.7,-2.3999999999999986,7.5,5.100000000000001,hot,Other
IHB,2806,2023-02-04,5:15 AM,Raking collision,0,HAMMOND,IN,13,4.0,Dark,Clear,Yard,Yard/switching,6,5000,4632,17593,T220,41.61319,-87.49985,9.4,28.1,36.4,18.700000000000003,8.299999999999997,27.0,hot,Other
CSX,000209638,2023-02-04,5:15 AM,Derailment,0,HAMMOND,IN,9,4.0,Dark,Clear,Yard,Freight Train,6,7961,0,17593,T220,41.61319,-87.49985,9.4,28.1,36.4,18.700000000000003,8.299999999999997,27.0,hot,Other
CSX,000216306,2024-02-19,5:10 AM,Hwy-rail crossing,0,HAMMOND,IN,19,1.0,Dawn,Cloudy,Main,Freight Train,29,237,34502,34739,M308,41.630303,-87.500106,31.2,33.5,41.1,2.3000000000000007,7.600000000000001,9.900000000000002,hot,Other
BNSF,SF0315116,2015-03-20,1:00 PM,Derailment,0,HANNIBAL,MO,48,2.0,Day,Cloudy,Yard,Freight Train,0,16827,0,25818,H309,39.920786,-91.440468,40.9,41.1,52.6,0.20000000000000284,11.5,11.700000000000003,hot,Other
BNSF,SF0315116,2015-03-20,1:00 PM,Derailment,0,HANNIBAL,MO,48,2.0,Day,Cloudy,Yard,Yard/switching,4,8491,500,25818,H309,39.920786,-91.440468,40.9,41.1,52.6,0.20000000000000284,11.5,11.700000000000003,hot,Other
CSX,000167215,2017-03-04,1:27 AM,Fire/violent rupture,0,HARALSON,GA,30,4.0,Dark,Cloudy,Main,Freight Train,0,193401,0,193401,E72L,33.227192,-84.569442,43.9,44.4,51.8,0.5,7.399999999999999,7.899999999999999,hot,Other
BNSF,CH1020107,2020-10-27,3:50 AM,Derailment,0,HARDIN,MO,28,4.0,Dark,Clear,Industry,Freight Train,6,15000,0,15000,T113,39.269085,-93.819839,31.4,31.9,38.6,0.5,6.700000000000003,7.200000000000003,hot,Track-related
RVSC,RV22018,2022-11-28,1:43 PM,Derailment,0,HARLINGEN,TX,78,2.0,Day,Clear,Yard,Freight Train,2,13000,3546,16546,E64C,26.128497,-97.524724,64.9,70.8,77.5,5.8999999999999915,6.700000000000003,12.599999999999994,hot,Other
PATH,10202202,2022-10-24,1:34 AM,Head on collision,0,HARRISON,NJ,57,4.0,Dark,Rain,Yard,EMU,8,41854,0,41854,H211,40.741153,-74.141831,57.2,58.4,65.8,1.1999999999999957,7.399999999999999,8.599999999999994,hot,Other
PATH,I032515,2015-03-25,4:10 PM,Other impacts,0,HARRISON,NJ,45,2.0,Day,Rain,Yard,EMU,13,8239,80000,88239,H699,40.74649,-74.156255,34.9,38.2,48.0,3.3000000000000043,9.799999999999997,13.100000000000001,hot,Other
BNSF,PR0124107,2024-01-19,12:15 PM,Derailment,0,HARRISON,NE,13,2.0,Day,Clear,Main,Freight Train,45,8520,4989,13509,H019,42.898833,-103.574951,8.0,0.2,15.7,-7.8,15.5,7.699999999999999,cold,Other
CSX,000195785,2021-02-17,2:10 PM,Obstruction,0,HARTSELLE,AL,34,2.0,Day,Cloudy,Main,Freight Train,47,14621,0,14621,M404,34.495923,-86.959552,15.3,25.0,33.3,9.7,8.299999999999997,17.999999999999996,moderate,Other
CSX,000210882,2023-04-19,10:20 PM,Derailment,0,HARVEY,IL,56,4.0,Dark,Cloudy,Main,Freight Train,4,46782,615,47397,H502,41.630908,-87.670372,45.2,54.6,66.1,9.399999999999999,11.499999999999993,20.89999999999999,hot,Other
IC,1033843,2020-04-30,5:40 PM,Derailment,0,HARVEY,IL,52,2.0,Day,Cloudy,Yard,Freight Train,2,15680,5040,20720,H702,41.595153,-87.650853,52.1,44.6,52.2,-7.5,7.600000000000001,0.10000000000000142,hot,Other
UP,1015NP041,2015-10-31,1:49 PM,Fire/violent rupture,0,HASTINGS,NE,55,2.0,Day,Clear,Main,Freight Train,49,12868,0,12868,E72L,40.605948,-98.392959,41.0,50.2,60.0,9.200000000000003,9.799999999999997,19.0,hot,Other
UP,0319GP047,2019-03-25,3:35 PM,Derailment,0,HASTINGS,NE,47,2.0,Day,Cloudy,Industry,Freight Train,4,23392,7384,30776,T099,40.571949,-98.309495,47.2,44.7,51.9,-2.5,7.199999999999996,4.699999999999996,hot,Track-related
BNSF,PR0324108,2024-03-26,10:54 PM,Derailment,0,HASTINGS,NE,21,4.0,Dark,Clear,Industry,Freight Train,4,34491,3000,37491,T210,40.59298,-98.343781,28.3,23.3,31.0,-5.0,7.699999999999999,2.6999999999999993,moderate,Track-related
BNSF,PR1221105,2021-12-21,8:25 PM,Derailment,0,HASTINGS,NE,28,3.0,Dusk,Clear,Yard,Cut of cars,0,18278,0,97900,T201,40.583336,-98.405,26.4,29.4,38.1,3.0,8.700000000000003,11.700000000000003,hot,Track-related
BNSF,PR1221105,2021-12-21,8:25 PM,Derailment,0,HASTINGS,NE,28,3.0,Dusk,Clear,Yard,Yard/switching,10,79322,300,97900,T201,40.583336,-98.405,26.4,29.4,38.1,3.0,8.700000000000003,11.700000000000003,hot,Track-related
NS,124854,2017-04-27,8:35 PM,Other impacts,0,HATTIESBURG,MS,72,4.0,Dark,Clear,Yard,Cut of cars,0,702,0,26908,H018,31.330837,-89.282983,70.0,69.6,76.9,-0.4000000000000057,7.300000000000011,6.900000000000006,hot,Other
NS,124854,2017-04-27,8:35 PM,Other impacts,0,HATTIESBURG,MS,72,4.0,Dark,Clear,Yard,Freight Train,4,26206,0,26908,H018,31.330837,-89.282983,70.0,69.6,76.9,-0.4000000000000057,7.300000000000011,6.900000000000006,hot,Other
BNSF,MT0218106,2018-02-12,10:39 AM,Other impacts,0,HAVRE,MT,-17,2.0,Day,Clear,Yard,Yard/switching,6,22000,379040,401040,H703,48.554351,-109.669495,1.9,-21.7,11.8,-23.599999999999998,33.5,9.9,cold,Other
WC,1126344,2023-02-26,9:20 AM,Derailment,0,HAWTHORNE,WI,21,2.0,Day,Clear,Main,Freight Train,10,4509,400254,404763,E61C,46.53076,-91.88633,14.1,14.2,27.7,0.09999999999999964,13.5,13.6,cold,Other
EIRR,210127001,2021-01-27,1:00 AM,Derailment,0,HAZELTON,ID,31,4.0,Dark,Clear,Main,Freight Train,20,225000,100000,325000,T210,42.602801,-114.014438,25.6,33.2,40.5,7.600000000000001,7.299999999999997,14.899999999999999,hot,Track-related
NS,131858,2018-11-29,9:45 AM,Hwy-rail crossing,0,HAZLEHURST,GA,68,2.0,Day,Clear,Main,Freight Train,35,15881,10824,26705,M302,31.858014,-82.579335,41.2,47.3,56.5,6.099999999999994,9.200000000000003,15.299999999999997,hot,Other
UP,0217SA020,2017-02-22,10:20 PM,Derailment,0,HEARNE,TX,65,4.0,Dark,Clear,Yard,Light loco(s),6,17475,5540,23015,E4TL,30.87348,-96.588248,61.2,61.2,68.2,0.0,7.0,7.0,hot,Other
KCS,20021402,2020-02-14,4:45 PM,Derailment,0,HEAVENER,OK,48,2.0,Day,Clear,Main,Freight Train,8,4399,15937,20336,H306,34.888449,-94.602991,34.5,34.2,41.4,-0.29999999999999716,7.199999999999996,6.899999999999999,hot,Other
MRL,2017005,2017-01-07,10:20 PM,Rear end collision,0,HELENA,MT,18,4.0,Dark,Snow,Yard,Light loco(s),1,11800,0,15800,H307,46.599826,-112.010384,0.8,-1.1,10.0,-1.9000000000000001,11.1,9.2,cold,Other
MRL,2017005,2017-01-07,10:20 PM,Rear end collision,0,HELENA,MT,18,4.0,Dark,Snow,Yard,Light loco(s),10,4000,0,15800,H307,46.599826,-112.010384,0.8,-1.1,10.0,-1.9000000000000001,11.1,9.2,cold,Other
LIRC,0628201701,2017-06-28,1:30 PM,Hwy-rail crossing,0,HENRYVILLE,IN,80,2.0,Day,Clear,Main,Freight Train,0,0,50000,53193,M308,38.541521,-85.765379,69.2,72.2,79.1,3.0,6.8999999999999915,9.899999999999991,hot,Other
CSX,000169927,2017-06-28,1:30 PM,Hwy-rail crossing,0,HENRYVILLE,IN,80,2.0,Day,Clear,Main,Freight Train,44,3193,0,53193,M302,38.541521,-85.765379,69.2,72.2,79.1,3.0,6.8999999999999915,9.899999999999991,hot,Other
UP,0515SL009,2015-05-21,3:40 PM,Derailment,0,HERCULANEUM,MO,65,2.0,Day,Clear,Industry,Freight Train,4,3943,11410,15353,T314,38.259675,-90.375575,51.6,54.4,62.9,2.799999999999997,8.5,11.299999999999997,hot,Track-related
BNSF,KS1215102,2015-12-13,6:00 PM,Other impacts,0,HEREFORD,TX,32,3.0,Dusk,Snow,Yard,Yard/switching,5,16779,0,16779,H318,34.826441,-102.373576,45.3,34.5,42.8,-10.799999999999997,8.299999999999997,-2.5,hot,Other
BNSF,KS0922110,2022-09-26,7:40 AM,Derailment,0,HEREFORD,TX,75,1.0,Dawn,Clear,Industry,Freight Train,5,193334,75000,268334,T111,34.830801,-102.36265,71.0,67.2,74.1,-3.799999999999997,6.8999999999999915,3.0999999999999943,hot,Track-related
UP,1218HL003,2018-12-04,9:25 AM,Derailment,0,HERINGTON,KS,23,2.0,Day,Cloudy,Yard,Freight Train,10,107120,133609,240729,T213,38.692991,-96.950097,27.7,27.3,34.1,-0.3999999999999986,6.800000000000001,6.400000000000002,hot,Other
UP,1221HL004,2021-12-04,8:49 PM,Derailment,0,HERINGTON,KS,41,4.0,Dark,Clear,Yard,Yard/switching,2,10700,821,15279,E0HC,38.690777,-96.950069,49.9,43.0,51.2,-6.899999999999999,8.200000000000003,1.3000000000000043,hot,Other
UP,0419HL029,2019-04-20,1:42 AM,Derailment,0,HERINGTON,KS,46,4.0,Dark,Clear,Main,Yard/switching,6,7653,3421,11074,H310,38.694903,-96.949563,53.4,61.5,73.2,8.100000000000001,11.700000000000003,19.800000000000004,hot,Other
UP,0421PN029,2021-04-21,10:47 PM,Other impacts,0,HERMISTON,OR,61,4.0,Dark,Clear,Yard,Yard/switching,4,29500,0,46563,H318,45.796329,-119.268716,49.6,52.8,61.0,3.1999999999999957,8.200000000000003,11.399999999999999,hot,Other
UP,0421PN029,2021-04-21,10:47 PM,Other impacts,0,HERMISTON,OR,61,4.0,Dark,Clear,Yard,Yard/switching,4,16598,465,46563,H318,45.796329,-119.268716,49.6,52.8,61.0,3.1999999999999957,8.200000000000003,11.399999999999999,hot,Other
UP,0818TC005,2018-08-07,6:30 AM,Derailment,0,HERON LAKE,MN,68,1.0,Dawn,Cloudy,Industry,Freight Train,6,106009,7816,113825,T206,43.769553,-95.361436,70.2,67.4,74.4,-2.799999999999997,7.0,4.200000000000003,hot,Track-related
BNSF,CH1119106,2019-11-12,5:39 PM,Derailment,0,HERRIN,IL,10,3.0,Dusk,Clear,Industry,Light loco(s),3,25000,0,25000,T202,37.802619,-89.001348,35.4,15.9,23.8,-19.5,7.9,-11.599999999999998,moderate,Track-related
BNSF,MT1117106,2017-11-22,5:37 AM,Derailment,0,HETTINGER,ND,40,1.0,Dawn,Clear,Yard,Freight Train,3,9267,5300,14567,H503,45.995026,-102.627258,14.1,40.3,50.2,26.199999999999996,9.900000000000006,36.1,hot,Other
UP,0119TO001,2019-01-03,12:15 PM,Derailment,0,HEWITT,TX,35,2.0,Day,Cloudy,Industry,Yard/switching,10,21200,4410,25610,T106,31.502122,-97.197998,34.6,36.8,45.3,2.1999999999999957,8.5,10.699999999999996,hot,Track-related
UP,0621GP029,2021-06-21,2:45 AM,Derailment,0,HILLSDALE,WY,47,4.0,Dark,Clear,Main,Freight Train,18,837977,1012427,1850404,M404,41.214578,-104.502244,62.6,58.2,71.0,-4.399999999999999,12.799999999999997,8.399999999999999,hot,Other
BNSF,HL1116109,2016-11-21,7:15 AM,Derailment,0,HILLSDALE,KS,35,1.0,Dawn,Clear,Main,Freight Train,40,36217,0,36217,E21C,38.71543,-94.815668,37.6,43.1,51.9,5.5,8.799999999999997,14.299999999999997,hot,Other
CSX,000158557,2016-03-29,8:36 AM,Hwy-rail crossing,0,HILLVIEW,KY,48,2.0,Day,Clear,Main,Freight Train,47,1460,10000,11460,M303,38.039466,-85.709593,51.6,50.4,60.1,-1.2000000000000028,9.700000000000003,8.5,hot,Other
NJTR,202202070,2022-01-12,7:58 PM,Derailment,0,HOBOKEN,NJ,37,4.0,Dark,Clear,Yard,Yard/switching,2,17574,476,18050,H021,40.735967,-74.035785,18.3,30.5,39.1,12.2,8.600000000000001,20.8,hot,Other
NJTR,201907405,2019-07-19,1:00 PM,Derailment,0,HOBOKEN,NJ,93,2.0,Day,Clear,Yard,Light loco(s),5,12480,424,12904,H702,40.735178,-74.027609,75.1,81.4,89.0,6.300000000000011,7.599999999999994,13.900000000000006,hot,Other
LAS,D640215,2015-01-01,1:55 PM,Derailment,0,HODGE,LA,36,2.0,Day,Rain,Main,Freight Train,8,0,15700,15700,H503,32.164453,-92.434642,37.4,37.5,45.7,0.10000000000000142,8.200000000000003,8.300000000000004,hot,Other
BNSF,CH1222116,2022-12-23,11:05 PM,Derailment,0,HODGKINS,IL,-5,4.0,Dark,Snow,Yard,Light loco(s),5,8604,2860,11464,H307,41.753049,-87.864845,20.7,-4.4,5.9,-25.1,10.3,-14.799999999999999,cold,Other
BNSF,SW0115115,2015-01-26,8:30 PM,Fire/violent rupture,0,HOLBROOK,AZ,37,3.0,Dusk,Clear,Main,Freight Train,0,0,0,11484,M406,34.95391,-109.986806,34.6,37.5,45.9,2.8999999999999986,8.399999999999999,11.299999999999997,hot,Other
ATK,136061,2015-01-26,8:30 PM,Fire/violent rupture,0,HOLBROOK,AZ,37,4.0,Dark,Clear,Main,Passenger Train - Pulling,90,11484,0,11484,M406,34.95391,-109.986806,34.6,37.5,45.9,2.8999999999999986,8.399999999999999,11.299999999999997,hot,Other
BNSF,KS0421101,2021-04-07,3:30 PM,Derailment,0,HOLCOMB,KS,45,2.0,Day,Clear,Industry,Freight Train,5,27600,9000,36600,M101,37.929794,-100.982846,64.6,41.9,53.3,-22.699999999999996,11.399999999999999,-11.299999999999997,hot,Other
BLF,20190104,2019-03-07,6:17 PM,Hwy-rail crossing,0,HOLLYWOOD,FL,67,3.0,Dusk,Clear,Main,Passenger Train - Pulling,77,12000,0,13110,M308,26.021644,-80.149403,61.1,64.6,73.2,3.499999999999993,8.600000000000009,12.100000000000001,hot,Other
FEC,X11030719,2019-03-07,6:17 PM,Hwy-rail crossing,0,HOLLYWOOD,FL,67,3.0,Dusk,Clear,Main,Passenger Train - Pulling,0,0,1110,13110,M308,26.021644,-80.149403,61.1,64.6,73.2,3.499999999999993,8.600000000000009,12.100000000000001,hot,Other
UP,1017KC022,2017-10-28,8:40 PM,Derailment,0,HOME,KS,35,4.0,Dark,Clear,Main,Freight Train,22,193560,121663,315223,T206,39.814154,-96.531491,36.6,34.3,48.2,-2.3000000000000043,13.900000000000006,11.600000000000001,hot,Track-related
NS,134031,2019-05-22,1:40 PM,Derailment,0,HOPEWELL,VA,86,2.0,Day,Clear,Yard,Freight Train,4,21109,21786,42895,H306,37.297159,-77.292712,69.0,64.4,72.7,-4.599999999999994,8.299999999999997,3.700000000000003,hot,Other
WSOR,230213004,2023-02-13,10:10 PM,Other impacts,0,HORICON,WI,34,4.0,Dark,Clear,Yard,Single Car,3,1887,0,13887,H018,43.449154,-88.647674,31.4,31.9,39.1,0.5,7.200000000000003,7.700000000000003,hot,Other
WSOR,230213004,2023-02-13,10:10 PM,Other impacts,0,HORICON,WI,34,4.0,Dark,Clear,Yard,Freight Train,6,9800,2200,13887,H018,43.449154,-88.647674,31.4,31.9,39.1,0.5,7.200000000000003,7.700000000000003,hot,Other
CSX,000201862,2021-12-13,7:11 PM,Hwy-rail crossing,0,HORSE CAVE,KY,48,4.0,Dark,Clear,Main,Freight Train,39,8500,35019,43519,M303,37.187442,-85.898081,34.2,39.2,45.9,5.0,6.699999999999996,11.699999999999996,hot,Other
UP,0119GC022,2019-01-04,6:50 AM,Derailment,0,HOUSTON,TX,39,1.0,Dawn,Cloudy,Yard,Yard/switching,4,53785,13338,67123,S007,29.815969,-95.289257,48.3,49.9,58.4,1.6000000000000014,8.5,10.100000000000001,hot,Other
UP,1118HO034,2018-11-27,8:17 PM,Derailment,0,HOUSTON,TX,54,4.0,Dark,Cloudy,Yard,Yard/switching,4,111731,22296,134027,H506,29.785,-95.320894,49.3,51.5,61.6,2.200000000000003,10.100000000000001,12.300000000000004,hot,Other
UP,0320HO026,2020-03-22,4:00 AM,Other impacts,0,HOUSTON,TX,69,1.0,Dawn,Cloudy,Yard,Single Car,0,113,0,36685,M599,29.770121,-95.2917,58.9,67.8,76.0,8.899999999999999,8.200000000000003,17.1,hot,Other
UP,0316HO018,2016-03-22,7:55 AM,Hwy-rail crossing,0,HOUSTON,TX,65,2.0,Day,Clear,Main,Freight Train,25,1015,26950,27965,M302,29.81813,-95.483472,54.1,61.8,69.0,7.699999999999996,7.200000000000003,14.899999999999999,hot,Other
BNSF,RD1117119,2017-11-20,6:20 PM,Derailment,0,HOUSTON,TX,60,3.0,Dusk,Clear,Yard,Yard/switching,10,14418,7400,21818,M501,29.914269,-95.508707,57.0,58.1,66.4,1.1000000000000014,8.300000000000004,9.400000000000006,hot,Other