reportingrailroadcode,accidentnumber,date,time,accidenttype,hazmatreleasedcars,station,stateabbr,temperature,visibility_code,visibility,weathercondition,tracktype,equipmenttype,trainspeed,equipmentdamagecost,trackdamagecost,totaldamagecost,primaryaccidentcausecode,latitude,longitude,prior_temp,actual_temp,following_temp,before_temp_change,after_temp_change,across_temp_change,temp_category,accident_category
UP,0223HO007,2023-02-04,9:22 PM,Other impacts,0,HOUSTON,TX,53,4.0,Dark,Clear,Yard,Yard/switching,10,13277,0,13277,S007,29.796081,-95.291556,47.3,52.3,61.9,5.0,9.600000000000001,14.600000000000001,hot,Other
UP,1218GC058,2018-12-24,5:00 PM,Derailment,0,HOUSTON,TX,61,2.0,Day,Cloudy,Yard,Yard/switching,7,111132,58118,169250,T221,29.79078,-95.300908,62.1,57.1,64.3,-5.0,7.199999999999996,2.1999999999999957,hot,Other
UP,1120HO019,2020-11-23,2:56 AM,Derailment,0,HOUSTON,TX,64,4.0,Dark,Clear,Yard,Yard/switching,2,84136,2788,86924,E09C,29.798926,-95.287612,71.7,61.6,70.8,-10.100000000000001,9.199999999999996,-0.9000000000000057,hot,Other
BNSF,RD1221107,2021-12-08,1:30 PM,Derailment,0,HOUSTON,TX,80,2.0,Day,Clear,Industry,Yard/switching,7,19043,0,23834,H503,29.850602,-95.113706,59.1,63.1,74.2,4.0,11.100000000000001,15.100000000000001,hot,Other
UP,0223HO003,2023-02-02,12:15 PM,Derailment,0,HOUSTON,TX,39,2.0,Day,Rain,Yard,Yard/switching,4,76381,500,76881,S016,29.796867,-95.292139,38.1,39.5,47.3,1.3999999999999986,7.799999999999997,9.199999999999996,hot,Other
UP,0320HO026,2020-03-22,4:00 AM,Other impacts,0,HOUSTON,TX,69,1.0,Dawn,Cloudy,Yard,Yard/switching,3,35780,792,36685,M599,29.770121,-95.2917,58.9,67.8,76.0,8.899999999999999,8.200000000000003,17.1,hot,Other
UP,0224HO024,2024-02-18,10:00 AM,Other impacts,0,HOUSTON,TX,42,2.0,Day,Clear,Yard,Cut of cars,2,42691,0,87477,M408,29.815826,-95.289237,48.0,45.4,53.7,-2.6000000000000014,8.300000000000004,5.700000000000003,hot,Other
UP,1221HO017,2021-12-13,11:01 AM,Other (describe in narrative),0,HOUSTON,TX,59,2.0,Day,Clear,Yard,Yard/switching,0,29373,0,29373,M411,29.796401,-95.291406,51.1,61.0,72.0,9.899999999999999,11.0,20.9,hot,Other
UP,0223HO021,2023-02-18,1:42 AM,Other impacts,0,HOUSTON,TX,40,4.0,Dark,Clear,Yard,Yard/switching,10,25022,0,25022,S007,29.796903,-95.291988,44.5,47.7,61.0,3.200000000000003,13.299999999999997,16.5,hot,Other
UP,0120HO002,2020-01-08,1:00 AM,Other impacts,0,HOUSTON,TX,52,4.0,Dark,Clear,Yard,Light loco(s),4,9459,554,238805,H307,29.816412,-95.289858,59.3,57.9,67.9,-1.3999999999999986,10.000000000000007,8.600000000000009,hot,Other
UP,0119GC031,2019-01-04,1:10 AM,Other impacts,0,HOUSTON,TX,41,4.0,Dark,Clear,Yard,Light loco(s),0,8349,0,37649,H307,29.790761,-95.305567,48.3,49.9,58.4,1.6000000000000014,8.5,10.100000000000001,hot,Other
UP,0223HO021,2023-02-18,1:42 AM,Other impacts,0,HOUSTON,TX,40,4.0,Dark,Clear,Yard,Single Car,1,0,0,25022,S007,29.796903,-95.291988,44.5,47.7,61.0,3.200000000000003,13.299999999999997,16.5,hot,Other
UP,0323HO027,2023-03-30,3:50 AM,Other impacts,0,HOUSTON,TX,62,4.0,Dark,Cloudy,Yard,Yard/switching,2,285,0,43700,M408,29.79379,-95.300094,62.7,69.4,76.1,6.700000000000003,6.699999999999989,13.399999999999991,hot,Other
UP,1222HO030,2022-12-24,1:15 PM,Derailment,0,HOUSTON,TX,37,2.0,Day,Clear,Yard,Yard/switching,10,1253,12060,13313,S006,29.816403,-95.288915,22.6,30.7,38.4,8.099999999999998,7.699999999999999,15.799999999999997,hot,Other
UP,0218HO009,2018-02-05,3:15 AM,Fire/violent rupture,0,HOUSTON,TX,54,4.0,Dark,Cloudy,Main,Freight Train,8,100000,99,100099,E73L,29.730166,-95.293296,63.5,56.5,66.8,-7.0,10.299999999999997,3.299999999999997,hot,Other
UP,0120HO002,2020-01-08,1:00 AM,Other impacts,0,HOUSTON,TX,52,4.0,Dark,Clear,Yard,Yard/switching,4,228792,0,238805,H307,29.816412,-95.289858,59.3,57.9,67.9,-1.3999999999999986,10.000000000000007,8.600000000000009,hot,Other
UP,1221HO004,2021-12-08,1:30 PM,Derailment,0,HOUSTON,TX,70,2.0,Day,Clear,Industry,Yard/switching,0,0,4791,23834,H503,29.849183,-95.130211,59.1,63.1,74.2,4.0,11.100000000000001,15.100000000000001,hot,Other
UP,1119HO002,2019-11-01,2:35 PM,Other (describe in narrative),0,HOUSTON,TX,61,2.0,Day,Clear,Yard,Single Car,0,21062,0,21062,M507,29.796381,-95.288568,46.9,50.1,57.5,3.200000000000003,7.399999999999999,10.600000000000001,hot,Other
UP,0224HO024,2024-02-18,10:00 AM,Other impacts,0,HOUSTON,TX,42,2.0,Day,Clear,Yard,Yard/switching,7,44586,200,87477,M408,29.815826,-95.289237,48.0,45.4,53.7,-2.6000000000000014,8.300000000000004,5.700000000000003,hot,Other
UP,0323HO027,2023-03-30,3:50 AM,Other impacts,0,HOUSTON,TX,62,4.0,Dark,Cloudy,Yard,Yard/switching,4,43217,198,43700,M408,29.79379,-95.300094,62.7,69.4,76.1,6.700000000000003,6.699999999999989,13.399999999999991,hot,Other
UP,0220HO008,2020-02-08,12:45 AM,Derailment,0,HOUSTON,TX,54,4.0,Dark,Clear,Main,Freight Train,4,8079,7736,15815,M409,29.783484,-95.325655,56.1,61.1,68.0,5.0,6.899999999999999,11.899999999999999,hot,Other
BNSF,RD1117115,2017-11-20,5:20 AM,Other impacts,0,HOUSTON,TX,47,1.0,Dawn,Cloudy,Yard,Yard/switching,5,11915,0,11915,H318,29.707828,-95.330363,57.0,58.1,66.4,1.1000000000000014,8.300000000000004,9.400000000000006,hot,Other
UP,1118HO002,2018-11-02,5:40 PM,Derailment,0,HOUSTON,TX,70,2.0,Day,Cloudy,Yard,Yard/switching,2,63447,30743,94190,T110,29.795405,-95.294297,61.7,61.4,68.5,-0.30000000000000426,7.100000000000001,6.799999999999997,hot,Track-related
UP,1221HO012,2021-12-12,9:30 PM,Derailment,0,HOUSTON,TX,54,4.0,Dark,Cloudy,Yard,Yard/switching,4,168654,315426,484080,T207,29.791737,-95.306022,60.8,51.1,61.0,-9.699999999999996,9.899999999999999,0.20000000000000284,hot,Track-related
UP,0418HO007,2018-04-08,2:20 PM,Derailment,0,HOUSTON,TX,57,2.0,Day,Clear,Yard,Freight Train,6,250,10538,10788,T110,29.787829,-95.313325,59.9,51.5,58.7,-8.399999999999999,7.200000000000003,-1.1999999999999957,hot,Track-related
UP,1116HO020,2016-11-20,6:00 AM,Derailment,0,HOUSTON,TX,38,4.0,Dark,Clear,Yard,Yard/switching,7,75378,17994,93372,T314,29.817382,-95.289413,54.5,54.1,62.8,-0.3999999999999986,8.699999999999996,8.299999999999997,hot,Track-related
UP,1114HO029,2014-11-18,11:30 AM,Derailment,0,HOUSTON,TX,77,2.0,Day,Clear,Industry,Freight Train,3,14398,2745,17143,T111,29.750997,-95.315624,42.1,44.3,56.3,2.1999999999999957,12.0,14.199999999999996,hot,Track-related
UP,0115HO025,2015-01-16,9:30 AM,Derailment,0,HOUSTON,TX,73,2.0,Day,Clear,Industry,Yard/switching,4,150,13500,13650,T202,29.751966,-95.309969,45.3,49.5,56.6,4.200000000000003,7.100000000000001,11.300000000000004,hot,Track-related
NS,132854,2019-02-14,1:10 AM,Other (describe in narrative),0,HOWARD,GA,49,4.0,Dark,Clear,Siding,Freight Train,8,750,62499,63249,H701,32.594471,-84.374916,48.5,47.3,57.2,-1.2000000000000028,9.900000000000006,8.700000000000003,hot,Other
UP,0116HO032,2016-01-23,1:21 AM,Hwy-rail crossing,0,HUMBLE,TX,39,4.0,Dark,Clear,Main,Freight Train,59,573,100000,100573,M308,29.891116,-95.306633,44.9,42.8,52.1,-2.1000000000000014,9.300000000000004,7.200000000000003,hot,Other
NS,127743,2017-12-12,11:45 AM,Derailment,0,HUNTSVILLE,MO,44,2.0,Day,Clear,Main,Maint./inspect Car,3,75000,8254,83254,M599,39.433774,-92.543559,42.3,29.2,41.8,-13.099999999999998,12.599999999999998,-0.5,hot,Other
RCPE,RCP604220D,2020-11-10,10:24 PM,Derailment,0,HURON,SD,20,4.0,Dark,Clear,Yard,Yard/switching,6,86698,5000,91698,T207,44.371494,-98.241939,29.0,23.0,31.4,-6.0,8.399999999999999,2.3999999999999986,moderate,Track-related
CSX,000214984,2023-12-08,8:48 PM,Hwy-rail crossing,0,HURRICANE,WV,41,4.0,Dark,Cloudy,Main,Freight Train,38,12143,0,12143,M303,38.440561,-81.982483,41.6,48.7,57.1,7.100000000000001,8.399999999999999,15.5,hot,Other
BNSF,KS0324101,2024-03-02,6:39 PM,Derailment,0,HUTCHINSON,KS,60,3.0,Dusk,Clear,Industry,Freight Train,8,500,12886,13386,T319,38.050811,-97.889236,36.9,50.9,60.7,14.0,9.800000000000004,23.800000000000004,hot,Track-related
UP,0215KC009,2015-02-12,1:00 AM,Fire/violent rupture,0,INDEPENDENCE,MO,31,4.0,Dark,Cloudy,Main,Freight Train,35,121408,33,121441,E73L,39.087928,-94.433891,33.7,21.2,32.9,-12.500000000000004,11.7,-0.8000000000000043,moderate,Other
UP,1216KC013,2016-12-20,2:02 AM,Fire/violent rupture,0,INDEPENDENCE,MO,16,4.0,Dark,Clear,Main,Freight Train,0,26719,0,26719,E73L,39.057612,-94.415764,13.6,28.6,36.2,15.000000000000002,7.600000000000001,22.6,hot,Other
CSX,000187005,2019-12-08,2:39 PM,Raking collision,0,INDIANAPOLIS,IN,55,2.0,Day,Cloudy,Yard,Yard/switching,2,21140,6725,133065,H307,39.759791,-86.327526,31.9,41.9,50.4,10.0,8.5,18.5,hot,Other
CSX,000200651,2021-10-13,5:55 AM,Side collision,0,INDIANAPOLIS,IN,55,4.0,Dark,Clear,Yard,Light loco(s),4,0,0,14720,H306,39.759791,-86.327526,63.0,63.7,72.2,0.7000000000000028,8.5,9.200000000000003,hot,Other
CSX,000200651,2021-10-13,5:55 AM,Side collision,0,INDIANAPOLIS,IN,55,4.0,Dark,Clear,Yard,Yard/switching,0,14120,600,14720,H306,39.759791,-86.327526,63.0,63.7,72.2,0.7000000000000028,8.5,9.200000000000003,hot,Other
CSX,000201357,2021-11-16,1:31 PM,Derailment,0,INDIANAPOLIS,IN,54,2.0,Day,Clear,Yard,Freight Train,0,43492,48,61691,H305,39.759791,-86.327526,33.7,43.3,59.0,9.599999999999994,15.700000000000003,25.299999999999997,hot,Other
CSX,000201357,2021-11-16,1:31 PM,Derailment,0,INDIANAPOLIS,IN,54,2.0,Day,Clear,Yard,Yard/switching,4,18151,0,61691,H305,39.759791,-86.327526,33.7,43.3,59.0,9.599999999999994,15.700000000000003,25.299999999999997,hot,Other
CSX,000209589,2023-02-01,3:57 PM,Derailment,0,INDIANAPOLIS,IN,30,2.0,Day,Clear,Industry,Yard/switching,3,13055,1525,14580,H306,39.891173,-86.240267,18.4,20.1,29.1,1.7000000000000028,9.0,10.700000000000003,moderate,Other
CSX,000175733,2018-04-10,8:58 PM,Side collision,0,INDIANAPOLIS,IN,35,4.0,Dark,Clear,Yard,Light loco(s),7,7000,0,16608,H307,39.759791,-86.327526,36.0,37.1,47.5,1.1000000000000014,10.399999999999999,11.5,hot,Other
CSX,000175733,2018-04-10,8:58 PM,Side collision,0,INDIANAPOLIS,IN,35,4.0,Dark,Clear,Yard,Light loco(s),6,9000,608,16608,H307,39.759791,-86.327526,36.0,37.1,47.5,1.1000000000000014,10.399999999999999,11.5,hot,Other
CSX,000189059,2020-03-11,9:29 PM,Side collision,0,INDIANAPOLIS,IN,49,4.0,Dark,Cloudy,Yard,Yard/switching,9,9992,1586,141301,H702,39.759791,-86.327526,47.7,42.1,50.3,-5.600000000000001,8.199999999999996,2.5999999999999943,hot,Other
CSX,000189059,2020-03-11,9:29 PM,Side collision,0,INDIANAPOLIS,IN,49,4.0,Dark,Cloudy,Yard,Yard/switching,2,129723,0,141301,H702,39.759791,-86.327526,47.7,42.1,50.3,-5.600000000000001,8.199999999999996,2.5999999999999943,hot,Other
CSX,000193674,2020-11-07,10:27 AM,Side collision,0,INDIANAPOLIS,IN,65,2.0,Day,Clear,Yard,Light loco(s),7,5589,0,58390,H607,39.759791,-86.327526,55.8,56.4,63.5,0.6000000000000014,7.100000000000001,7.700000000000003,hot,Other
CSX,000193674,2020-11-07,10:27 AM,Side collision,0,INDIANAPOLIS,IN,65,2.0,Day,Clear,Yard,Yard/switching,7,51801,1000,58390,H607,39.759791,-86.327526,55.8,56.4,63.5,0.6000000000000014,7.100000000000001,7.700000000000003,hot,Other
CSX,000193583,2020-11-02,7:35 PM,Derailment,0,INDIANAPOLIS,IN,41,3.0,Dusk,Clear,Yard,Yard/switching,5,27348,800,28148,E30C,39.762938,-86.106987,43.4,37.2,49.4,-6.199999999999996,12.199999999999996,6.0,hot,Other
CSX,000181270,2019-02-09,8:50 PM,Other impacts,0,INDIANAPOLIS,IN,25,4.0,Dark,Clear,Yard,Single Car,10,8387,0,17822,E04C,39.759791,-86.327526,18.3,18.8,27.1,0.5,8.3,8.8,moderate,Other
CSX,000202292,2022-01-07,12:25 PM,Side collision,0,INDIANAPOLIS,IN,16,2.0,Day,Clear,Yard,Yard/switching,5,90661,0,187336,H702,39.759798,-86.327516,14.8,11.2,24.6,-3.6000000000000014,13.400000000000002,9.8,cold,Other
CSX,000202292,2022-01-07,12:25 PM,Side collision,0,INDIANAPOLIS,IN,16,2.0,Day,Clear,Yard,Freight Train,0,95099,1576,187336,H702,39.759798,-86.327516,14.8,11.2,24.6,-3.6000000000000014,13.400000000000002,9.8,cold,Other
CSX,000181270,2019-02-09,8:50 PM,Other impacts,0,INDIANAPOLIS,IN,25,4.0,Dark,Clear,Yard,Single Car,10,9435,0,17822,E04C,39.759791,-86.327526,18.3,18.8,27.1,0.5,8.3,8.8,moderate,Other
CSX,000194390,2020-12-10,9:00 AM,Derailment,0,INDIANAPOLIS,IN,55,2.0,Day,Clear,Yard,Freight Train,8,113517,91617,205134,H992,39.759791,-86.327526,41.1,43.8,51.3,2.6999999999999957,7.5,10.199999999999996,hot,Other
CSX,000187005,2019-12-08,2:39 PM,Raking collision,0,INDIANAPOLIS,IN,55,2.0,Day,Cloudy,Yard,Freight Train,8,105200,0,133065,H307,39.759791,-86.327526,31.9,41.9,50.4,10.0,8.5,18.5,hot,Other
CSX,000166515,2017-02-04,5:30 AM,Derailment,0,INDIANAPOLIS,IN,15,4.0,Dark,Clear,Yard,Freight Train,5,17772,8819,26591,H525,39.759791,-86.327526,22.5,25.0,38.2,2.5,13.200000000000003,15.700000000000003,moderate,Other
CSX,000181473,2019-02-19,11:45 PM,Derailment,0,INDIANAPOLIS,IN,41,4.0,Dark,Clear,Yard,Yard/switching,4,35304,5684,40988,T111,39.765322,-86.148394,29.1,27.9,35.7,-1.2000000000000028,7.800000000000004,6.600000000000001,hot,Track-related
CSX,000174719,2018-02-14,2:07 PM,Derailment,0,INDIANAPOLIS,IN,40,2.0,Day,Rain,Yard,Yard/switching,9,24757,980,25737,T207,39.759791,-86.327526,32.0,44.9,59.3,12.899999999999999,14.399999999999999,27.299999999999997,hot,Track-related
CSX,000168458,2017-04-22,9:30 AM,Other impacts,0,INDIANAPOLIS,IN,67,2.0,Day,Clear,Yard,Single Car,7,40426,0,40740,T314,39.759791,-86.327526,52.4,49.4,56.0,-3.0,6.600000000000001,3.6000000000000014,hot,Track-related
CSX,000168458,2017-04-22,9:30 AM,Other impacts,0,INDIANAPOLIS,IN,67,2.0,Day,Clear,Yard,Single Car,7,0,314,40740,T314,39.759791,-86.327526,52.4,49.4,56.0,-3.0,6.600000000000001,3.6000000000000014,hot,Track-related
BNSF,KS0423105,2023-04-06,1:20 AM,Derailment,0,INGALLS,KS,28,4.0,Dark,Clear,Main,Freight Train,40,2720,45000,47720,E53C,37.848065,-100.501087,36.3,41.8,49.2,5.5,7.400000000000006,12.900000000000006,hot,Other
BNSF,NE0416200,2016-04-01,3:33 PM,Hwy-rail crossing,0,INLAND,NE,51,2.0,Day,Clear,Main,Freight Train,41,41803,548615,590418,M302,40.58835,-98.2782,43.3,37.1,48.7,-6.199999999999996,11.600000000000001,5.400000000000006,hot,Other
NS,123776,2017-01-30,9:00 PM,Derailment,0,IRONDALE,AL,39,4.0,Dark,Clear,Yard,Light loco(s),2,14293,500,14793,H306,33.548905,-86.67801,43.0,44.5,59.3,1.5,14.799999999999997,16.299999999999997,hot,Other
NS,154908,2023-11-30,2:05 AM,Other (describe in narrative),0,IRONDALE,AL,32,4.0,Dark,Clear,Yard,Yard/switching,4,2418,102227,104645,H702,33.555373,-86.683972,40.8,47.3,59.7,6.5,12.400000000000006,18.900000000000006,hot,Other
NS,154996,2023-12-08,7:10 AM,Other impacts,0,IRONDALE,AL,33,1.0,Dawn,Clear,Yard,Cut of cars,10,146800,0,146800,M411,33.555373,-86.683972,45.2,54.6,64.7,9.399999999999999,10.100000000000001,19.5,hot,Other
NS,154996,2023-12-08,7:10 AM,Other impacts,0,IRONDALE,AL,33,1.0,Dawn,Clear,Yard,Single Car,10,0,0,146800,M411,33.555373,-86.683972,45.2,54.6,64.7,9.399999999999999,10.100000000000001,19.5,hot,Other
NS,123251,2016-12-21,5:20 PM,Other impacts,0,IRONDALE,AL,47,3.0,Dusk,Clear,Yard,Single Car,7,12101,0,12161,M407,33.548905,-86.67801,39.4,45.6,55.0,6.200000000000003,9.399999999999999,15.600000000000001,hot,Other
NS,135990,2019-10-29,7:30 PM,Other impacts,0,IRONDALE,AL,72,3.0,Dusk,Clear,Yard,Yard/switching,4,17444,100,117544,M407,33.548905,-86.67801,57.5,60.4,70.7,2.8999999999999986,10.300000000000004,13.200000000000003,hot,Other
NS,143548,2021-11-23,4:35 PM,Derailment,0,IRONDALE,AL,62,3.0,Dusk,Clear,Yard,Freight Train,0,0,80000,289897,T207,33.548905,-86.678009,52.4,41.3,48.0,-11.100000000000001,6.700000000000003,-4.399999999999999,hot,Track-related
TRE,TRE15001,2015-03-02,10:15 PM,Hwy-rail crossing,0,IRVING,TX,40,4.0,Dark,Fog,Main,Commuter Train - Pushing,43,20000,0,20000,M302,32.815205,-96.968149,35.0,37.6,46.7,2.6000000000000014,9.100000000000001,11.700000000000003,hot,Other
ATK,140362,2015-12-09,2:05 AM,Other impacts,0,ISELIN,NJ,34,4.0,Dark,Cloudy,Main,Spec. MoW Equip.,15,0,0,15000,M599,40.533609,-74.386016,42.4,44.5,51.8,2.1000000000000014,7.299999999999997,9.399999999999999,hot,Other
ATK,140362,2015-12-09,2:05 AM,Other impacts,0,ISELIN,NJ,34,4.0,Dark,Cloudy,Main,Maint./inspect Car,0,15000,0,15000,M599,40.533609,-74.386016,42.4,44.5,51.8,2.1000000000000014,7.299999999999997,9.399999999999999,hot,Other
IC,950110,2018-02-13,5:35 PM,Other impacts,0,JACKSON,MS,60,2.0,Day,Clear,Yard,Freight Train,4,11000,25,11025,H020,32.317564,-90.190142,39.4,54.0,66.2,14.600000000000001,12.200000000000003,26.800000000000004,hot,Other
BNSF,TC1216100,2016-12-03,5:30 AM,Derailment,0,JACKSON,NE,23,1.0,Dawn,Clear,Main,Freight Train,12,471537,952000,1423537,T207,42.456259,-96.655281,35.0,30.8,37.5,-4.199999999999999,6.699999999999999,2.5,hot,Track-related
CSX,000164875,2016-12-03,1:30 PM,Derailment,0,JACKSONVILLE,FL,75,2.0,Day,Clear,Main,Freight Train,5,59000,0,59000,H503,30.329507,-81.682026,56.0,58.7,67.7,2.700000000000003,9.0,11.700000000000003,hot,Other
ATK,140764,2016-01-14,6:57 PM,Hwy-rail crossing,0,JACKSONVILLE,FL,60,4.0,Dark,Clear,Main,Passenger Train - Pulling,63,16744,0,16890,M302,30.247657,-81.698087,48.0,49.7,63.7,1.7000000000000028,14.0,15.700000000000003,hot,Other
CSX,000156056,2016-01-14,6:57 PM,Hwy-rail crossing,0,JACKSONVILLE,FL,53,3.0,Dusk,Clear,Main,Freight Train,0,0,146,16890,M302,30.247656,-81.698087,48.0,49.7,63.7,1.7000000000000028,14.0,15.700000000000003,hot,Other
CSX,000179886,2018-11-16,9:40 AM,Derailment,0,JACKSONVILLE,FL,40,2.0,Day,Clear,Yard,Freight Train,4,13473,696,14169,T201,30.359362,-81.716896,57.5,48.4,56.3,-9.100000000000001,7.899999999999999,-1.2000000000000028,hot,Track-related
FEC,D12040319,2019-04-03,5:30 PM,Derailment,0,JACKSONVILLE,FL,65,2.0,Day,Clear,Yard,Yard/switching,5,20947,12860,33807,T111,30.22647,-81.592533,58.8,59.3,66.0,0.5,6.700000000000003,7.200000000000003,hot,Track-related
NS,144242,2022-02-02,5:45 PM,Derailment,0,JAMES,GA,50,3.0,Dusk,Clear,Industry,Freight Train,9,89210,0,89210,H306,32.919674,-83.515966,46.5,56.2,66.1,9.700000000000003,9.899999999999991,19.599999999999994,hot,Other
ATK,169821,2022-02-21,4:46 PM,Hwy-rail crossing,0,JAMESTOWN,NC,64,2.0,Day,Cloudy,Main,Passenger Train - Pulling,56,28823,0,68823,M302,35.991845,-79.938868,38.6,49.3,60.0,10.699999999999996,10.700000000000003,21.4,hot,Other
NS,144474,2022-02-21,4:46 PM,Hwy-rail crossing,0,JAMESTOWN,NC,63,3.0,Dusk,Clear,Main,Freight Train,0,0,40000,68823,M302,35.991845,-79.938868,38.6,49.3,60.0,10.699999999999996,10.700000000000003,21.4,hot,Other
NS,128770,2018-03-08,10:05 AM,Obstruction,0,JASPER,AL,65,2.0,Day,Clear,Main,Spec. MoW Equip.,0,4000,0,13000,H997,33.800229,-87.283701,42.6,38.6,45.3,-4.0,6.699999999999996,2.6999999999999957,hot,Other
NS,128770,2018-03-08,10:05 AM,Obstruction,0,JASPER,AL,65,2.0,Day,Clear,Main,Spec. MoW Equip.,15,9000,0,13000,H997,33.800229,-87.283701,42.6,38.6,45.3,-4.0,6.699999999999996,2.6999999999999957,hot,Other
CSX,000174416,2018-01-31,8:45 AM,Hwy-rail crossing,0,JEFFERSON,GA,30,2.0,Day,Clear,Main,Spec. MoW Equip.,3,17000,0,17000,M399,34.083929,-83.565254,38.0,39.5,47.6,1.5,8.100000000000001,9.600000000000001,hot,Other
UP,0115CB004,2015-01-07,6:15 PM,Other (describe in narrative),0,JEFFERSON,IA,-15,4.0,Dark,Cloudy,Main,Freight Train,14,13250,0,13250,E27C,42.016845,-94.435443,4.0,-3.1,11.0,-7.1,14.1,7.0,cold,Other
UP,0117LK027,2017-01-23,6:30 AM,Fire/violent rupture,0,JEFFERSON,TX,50,4.0,Dark,Clear,Main,Freight Train,30,26786,0,26786,E72L,32.859571,-94.284038,56.4,50.7,59.5,-5.699999999999996,8.799999999999997,3.1000000000000014,hot,Other
LIRC,1117201601,2016-11-17,5:33 PM,Derailment,0,JEFFERSONVILLE,IN,68,3.0,Dusk,Clear,Yard,Freight Train,7,55000,9000,64000,M501,38.291618,-85.75295,52.5,58.1,65.9,5.600000000000001,7.800000000000004,13.400000000000006,hot,Other
LIRC,0508201701,2017-05-08,11:45 PM,Other (describe in narrative),0,JEFFERSONVILLE,IN,60,4.0,Dark,Cloudy,Main,Freight Train,1,0,13000,13000,H702,38.317764,-85.751277,55.8,57.1,69.9,1.3000000000000043,12.800000000000004,14.100000000000009,hot,Other
NS,128595,2018-02-21,5:10 PM,Derailment,0,JENNINGS,MO,32,3.0,Dusk,Rain,Yard,Freight Train,7,2400,26802,29202,T207,38.696169,-90.220972,58.2,30.3,38.7,-27.900000000000002,8.400000000000002,-19.5,hot,Track-related
PATH,I120118,2018-12-01,1:47 PM,Other impacts,0,JERSEY CITY,NJ,45,2.0,Day,Clear,Yard,EMU,6,6802,18427,25229,H199,40.7322,-74.0629,39.7,41.3,49.4,1.5999999999999943,8.100000000000001,9.699999999999996,hot,Other
PATH,I01112018,2018-01-11,7:59 PM,Other impacts,0,JERSEY CITY,NJ,44,4.0,Dark,Rain,Yard,Yard/switching,9,321978,0,321978,H222,40.724956,-74.055252,34.7,44.4,55.2,9.699999999999996,10.800000000000004,20.5,hot,Other
NS,144522,2022-02-26,9:55 AM,Other (describe in narrative),0,JERSEY CITY,NJ,34,2.0,Day,Clear,Yard,Freight Train,5,106477,12615,119092,H702,40.750841,-74.066114,33.2,30.0,37.1,-3.200000000000003,7.100000000000001,3.8999999999999986,hot,Other
CSX,000202828,2022-02-01,10:00 AM,Obstruction,0,JOHNSTOWN,PA,15,2.0,Day,Clear,Main,Freight Train,8,28052,96,28148,M199,40.279616,-78.919719,18.6,24.3,32.6,5.699999999999999,8.3,14.0,moderate,Other
TSWS,9122018001,2018-06-06,3:45 PM,Derailment,0,JOLIET,IL,90,2.0,Day,Clear,Yard,Yard/switching,14,90000,0,90000,H601,41.47616,-88.105001,66.6,67.1,74.1,0.5,7.0,7.5,hot,Other
UP,0618PR012,2018-06-06,3:45 PM,Other impacts,0,JOLIET,IL,65,2.0,Day,Clear,Yard,Cut of cars,0,0,0,109139,H601,41.479806,-88.102279,66.6,67.1,74.1,0.5,7.0,7.5,hot,Other
UP,0618PR012,2018-06-06,3:45 PM,Other impacts,0,JOLIET,IL,65,2.0,Day,Clear,Yard,Yard/switching,14,109040,99,109139,H601,41.479806,-88.102279,66.6,67.1,74.1,0.5,7.0,7.5,hot,Other
WC,992648,2019-03-27,11:00 PM,Other impacts,0,JOLIET,IL,41,4.0,Dark,Rain,Yard,Yard/switching,1,30000,0,30000,E27C,41.540698,-88.076474,37.0,44.0,54.1,7.0,10.100000000000001,17.1,hot,Other
IMSA,80015S001,2015-05-05,11:25 AM,RR grade crossing,0,JOLIET,IL,60,2.0,Day,Clear,Yard,Yard/switching,7,5000,8000,13000,M402,41.504975,-88.084589,66.4,57.7,66.2,-8.700000000000003,8.5,-0.20000000000000284,hot,Other
NIRC,2019071782,2019-12-07,5:15 PM,Fire/violent rupture,0,JOLIET,IL,40,3.0,Dusk,Clear,Yard,Light loco(s),0,500000,0,500000,E74L,41.52941,-88.06969,34.7,31.4,41.2,-3.3000000000000043,9.800000000000004,6.5,hot,Other
WC,1054704,2020-11-18,7:00 AM,Derailment,0,JOLIET,IL,33,4.0,Dark,Clear,Yard,Yard/switching,7,15684,1030,16714,T113,41.53644,-88.058509,36.3,41.6,56.0,5.300000000000004,14.399999999999999,19.700000000000003,hot,Track-related