reportingrailroadcode,accidentnumber,date,time,accidenttype,hazmatreleasedcars,station,stateabbr,temperature,visibility_code,visibility,weathercondition,tracktype,equipmenttype,trainspeed,equipmentdamagecost,trackdamagecost,totaldamagecost,primaryaccidentcausecode,latitude,longitude,prior_temp,actual_temp,following_temp,before_temp_change,after_temp_change,across_temp_change,temp_category,accident_category
NS,152082,2023-01-24,4:30 AM,Derailment,0,LOUISVILLE,TN,24,1.0,Dawn,Clear,Industry,Freight Train,3,2518,29546,32064,H303,35.906394,-84.045162,38.7,37.4,46.1,-1.3000000000000043,8.700000000000003,7.399999999999999,hot,Other
CSX,000167922,2017-04-01,6:30 PM,Derailment,0,LOUISVILLE,KY,60,3.0,Dusk,Clear,Yard,Freight Train,4,58038,13200,71238,H525,38.279951,-85.516779,54.5,48.2,55.6,-6.299999999999997,7.399999999999999,1.1000000000000014,hot,Other
NS,152582,2023-03-19,7:35 AM,Other (describe in narrative),0,LOUISVILLE,KY,22,1.0,Dawn,Clear,Yard,Light loco(s),0,1100,0,14118,H306,38.263516,-85.801424,31.9,29.2,37.1,-2.6999999999999993,7.900000000000002,5.200000000000003,hot,Other
NS,152582,2023-03-19,7:35 AM,Other (describe in narrative),0,LOUISVILLE,KY,22,1.0,Dawn,Clear,Yard,Yard/switching,6,11133,1885,14118,H306,38.263516,-85.801424,31.9,29.2,37.1,-2.6999999999999993,7.900000000000002,5.200000000000003,hot,Other
PAL,2019NOV1D,2019-11-08,3:05 AM,Derailment,0,LOUISVILLE,KY,28,4.0,Dark,Clear,Main,Freight Train,5,7978,9500,17478,T110,38.2203,-85.7828,44.6,31.6,38.6,-13.0,7.0,-6.0,hot,Track-related
BNSF,RD0623120,2023-06-18,4:15 PM,Derailment,0,LUBBOCK,TX,90,2.0,Day,Clear,Yard,Yard/switching,8,10000,39267,49267,E46L,33.571113,-101.824983,81.8,78.5,87.9,-3.299999999999997,9.400000000000006,6.1000000000000085,hot,Other
MQT,MQT280719D,2019-12-18,11:44 AM,Derailment,0,LUDINGTON,MI,9,2.0,Day,Snow,Yard,Yard/switching,6,3346,15300,18646,T220,43.949684,-86.419676,26.8,15.6,24.0,-11.200000000000001,8.4,-2.8000000000000007,moderate,Other
UP,1221SX012,2021-12-14,10:10 PM,Hwy-rail crossing,0,LULING,TX,69,4.0,Dark,Cloudy,Main,Freight Train,0,0,149640,250890,M302,29.682337,-97.662923,55.4,66.9,74.1,11.500000000000007,7.199999999999989,18.699999999999996,hot,Other
BNSF,RD1221202,2021-12-14,10:10 PM,Hwy-rail crossing,0,LULING,TX,71,4.0,Dark,Clear,Main,Freight Train,44,101250,0,250890,M302,29.682337,-97.662923,55.4,66.9,74.1,11.500000000000007,7.199999999999989,18.699999999999996,hot,Other
CSX,000216509,2024-03-01,7:31 AM,Derailment,0,LUMBERPORT,WV,32,1.0,Dawn,Clear,Industry,Freight Train,8,12868,2309,15177,T211,39.367883,-80.351608,32.4,39.9,49.4,7.5,9.5,17.0,hot,Other
CSX,000172811,2017-11-12,1:05 PM,Derailment,0,LYNCHBURG,VA,45,2.0,Day,Clear,Yard,Freight Train,5,24639,3930,28569,H704,37.410157,-79.135428,29.8,35.2,43.7,5.400000000000002,8.5,13.900000000000002,hot,Other
ISRR,ISR965221R,2021-12-23,3:16 PM,Derailment,0,LYNNVILLE,IN,55,2.0,Day,Cloudy,Industry,Freight Train,5,96000,51168,147168,T113,38.185192,-87.334,32.9,42.0,57.4,9.100000000000001,15.399999999999999,24.5,hot,Track-related
NS,139899,2020-12-03,3:15 AM,Derailment,0,MACON,GA,32,4.0,Dark,Clear,Yard,Yard/switching,3,4700,13137,17837,H506,32.813729,-83.622793,39.7,41.6,52.6,1.8999999999999986,11.0,12.899999999999999,hot,Other
NS,152781,2023-04-10,4:45 PM,Hwy-rail crossing,0,MACUNGIE,PA,65,3.0,Dusk,Clear,Main,Freight Train,52,17109,5064,22173,M303,40.516907,-75.557961,45.9,50.1,58.1,4.200000000000003,8.0,12.200000000000003,hot,Other
UP,1219MA022,2019-12-11,6:44 PM,Derailment,0,MADISON,IL,36,3.0,Dusk,Clear,Yard,Freight Train,7,2749,0,19491,H503,38.673024,-90.163,26.5,31.8,39.8,5.300000000000001,7.9999999999999964,13.299999999999997,hot,Other
TRRA,19030,2019-12-11,6:44 PM,Derailment,0,MADISON,IL,30,2.0,Day,Clear,Yard,Freight Train,0,0,16742,19491,H503,38.673024,-90.163,26.5,31.8,39.8,5.300000000000001,7.9999999999999964,13.299999999999997,hot,Other
TRRA,19026,2019-11-12,2:30 AM,Derailment,0,MADISON,IL,15,4.0,Dark,Clear,Yard,Freight Train,0,0,23000,24732,E64C,38.675378,-90.162218,31.9,15.6,24.2,-16.299999999999997,8.6,-7.699999999999999,moderate,Other
TRRA,14034,2014-11-28,2:15 PM,Derailment,0,MADISON,IL,48,2.0,Day,Clear,Yard,Freight Train,7,149250,20000,169250,T111,38.67262,-90.163186,30.6,36.9,52.1,6.299999999999997,15.200000000000003,21.5,hot,Track-related
CSX,000204390,2022-04-20,10:28 AM,Obstruction,0,MADISON HEIGHTS,VA,53,2.0,Day,Clear,Main,Maint./inspect Car,21,10593,0,17449,H993,37.424681,-79.044392,45.4,49.0,57.6,3.6000000000000014,8.600000000000001,12.200000000000003,hot,Other
CSX,000204390,2022-04-20,10:28 AM,Obstruction,0,MADISON HEIGHTS,VA,53,2.0,Day,Clear,Main,Maint./inspect Car,0,6856,0,17449,H993,37.424681,-79.044392,45.4,49.0,57.6,3.6000000000000014,8.600000000000001,12.200000000000003,hot,Other
PAL,2022JAN3D,2022-01-29,2:00 PM,Derailment,0,MADISONVILLE,KY,32,2.0,Day,Clear,Industry,Freight Train,5,23108,250000,273108,E85C,37.3164,-87.5598,30.7,23.0,35.6,-7.699999999999999,12.600000000000001,4.900000000000002,moderate,Other
CSX,000141127,2015-02-06,6:50 PM,Derailment,0,MADISONVILLE,KY,38,3.0,Dusk,Clear,Yard,Freight Train,0,0,31490,84490,T207,37.332546,-87.483923,23.5,33.2,51.2,9.700000000000003,18.0,27.700000000000003,hot,Track-related
PAL,2015FEB2D,2015-02-06,6:50 PM,Derailment,0,MADISONVILLE,KY,30,3.0,Dusk,Clear,Yard,Freight Train,8,53000,0,84490,T207,37.332546,-87.483923,23.5,33.2,51.2,9.700000000000003,18.0,27.700000000000003,hot,Track-related
UTAX,11202017,2017-11-20,1:50 AM,Derailment,0,MAGNA,UT,33,4.0,Dark,Fog,Industry,Freight Train,0,0,35000,48000,T113,40.699991,-112.111423,35.1,39.9,49.4,4.799999999999997,9.5,14.299999999999997,hot,Track-related
UTAH,UTA491617R,2017-11-20,1:50 AM,Derailment,0,MAGNA,UT,33,4.0,Dark,Clear,Industry,Freight Train,10,13000,0,48000,T113,40.699991,-112.111423,35.1,39.9,49.4,4.799999999999997,9.5,14.299999999999997,hot,Track-related
IC,980458,2018-11-30,5:47 PM,Hwy-rail crossing,0,MAKANDA,IL,50,4.0,Dark,Cloudy,Main,Freight Train,33,0,19500,19500,M399,37.617672,-89.20935,45.9,50.4,60.0,4.5,9.600000000000001,14.100000000000001,hot,Other
BNSF,TC0615105,2015-06-16,5:55 PM,Other impacts,0,MANDAN,ND,55,3.0,Dusk,Rain,Yard,Yard/switching,4,23500,0,23500,H318,46.828069,-100.872821,60.4,53.7,60.7,-6.699999999999996,7.0,0.30000000000000426,hot,Other
BNSF,TC1018107,2018-10-15,10:30 PM,Other impacts,0,MANDAN,ND,35,4.0,Dark,Clear,Yard,Yard/switching,6,11433,0,11433,H702,46.823467,-100.901167,30.5,37.0,46.7,6.5,9.700000000000003,16.200000000000003,hot,Other
BNSF,TC0323143,2023-03-29,5:56 PM,Derailment,0,MANDAN,ND,22,3.0,Dusk,Clear,Yard,Light loco(s),3,18000,0,18000,M101,46.824337,-100.900964,14.7,6.5,18.8,-8.2,12.3,4.100000000000001,cold,Other
UP,0119GL028,2019-01-20,10:00 AM,Other impacts,0,MANKATO,MN,1,2.0,Day,Clear,Yard,Cut of cars,4,48896,2150,102529,H018,44.195356,-93.98713,-0.3,-1.0,6.3,-0.7,7.3,6.6,cold,Other
UP,0119GL028,2019-01-20,10:00 AM,Other impacts,0,MANKATO,MN,1,2.0,Day,Clear,Yard,Freight Train,0,51483,0,102529,H018,44.195356,-93.98713,-0.3,-1.0,6.3,-0.7,7.3,6.6,cold,Other
UP,1219GL025,2019-12-15,6:00 PM,Derailment,0,MANLY,IA,11,3.0,Dusk,Snow,Main,Freight Train,25,423046,1029033,1452079,T108,43.286422,-93.203613,12.6,6.8,17.8,-5.8,11.0,5.200000000000001,cold,Track-related
UP,0517NP002,2017-05-03,9:03 AM,Fire/violent rupture,0,MANVILLE,WY,38,2.0,Day,Cloudy,Main,Freight Train,0,139900,0,139900,E73L,42.757193,-104.816563,44.1,44.9,52.6,0.7999999999999972,7.700000000000003,8.5,hot,Other
NS,152584,2023-03-19,9:37 PM,Hwy-rail crossing,0,MAPLE HEIGHTS,OH,30,4.0,Dark,Cloudy,Main,Freight Train,50,19658,13652,33310,M303,41.42376,-81.585104,29.2,27.5,38.6,-1.6999999999999993,11.100000000000001,9.400000000000002,hot,Other
NS,115966,2015-06-05,1:00 PM,Other impacts,0,MARCUS HOOK,PA,73,2.0,Day,Clear,Yard,Freight Train,2,29100,100,29200,H312,39.827822,-75.405682,61.8,63.5,71.4,1.7000000000000028,7.900000000000006,9.600000000000009,hot,Other
CRSH,133780,2019-05-01,3:00 AM,Raking collision,0,MARCUS HOOK,PA,55,4.0,Dark,Clear,Yard,Single Car,0,13865,0,29930,H318,39.827097,-75.393784,61.2,56.5,65.0,-4.700000000000003,8.5,3.799999999999997,hot,Other
CRSH,133780,2019-05-01,3:00 AM,Raking collision,0,MARCUS HOOK,PA,55,4.0,Dark,Clear,Yard,Yard/switching,3,16065,0,29930,H318,39.827097,-75.393784,61.2,56.5,65.0,-4.700000000000003,8.5,3.799999999999997,hot,Other
CSX,000139496,2015-01-02,8:36 PM,Obstruction,0,MARIETTA,OH,28,4.0,Dark,Clear,Main,Freight Train,24,38897,150,39047,M402,39.35835,-81.547278,29.1,33.3,43.0,4.199999999999996,9.700000000000003,13.899999999999999,hot,Other
UP,0322GC020,2022-03-17,6:25 PM,Other impacts,0,MARINGOUIN,LA,76,3.0,Dusk,Clear,Yard,Yard/switching,4,458,0,30085,M411,30.526242,-91.554913,60.0,62.7,71.4,2.700000000000003,8.700000000000003,11.400000000000006,hot,Other
UP,0322GC020,2022-03-17,6:25 PM,Other impacts,0,MARINGOUIN,LA,76,3.0,Dusk,Clear,Yard,Single Car,4,29627,0,30085,M411,30.526242,-91.554913,60.0,62.7,71.4,2.700000000000003,8.700000000000003,11.400000000000006,hot,Other
UP,1121GC025,2021-11-20,2:20 PM,Other impacts,0,MARINGOUIN,LA,73,2.0,Day,Clear,Yard,Freight Train,6,269373,1630,311029,H306,30.542002,-91.567116,51.4,56.2,65.4,4.800000000000004,9.200000000000003,14.000000000000007,hot,Other
UP,1121GC025,2021-11-20,2:20 PM,Other impacts,0,MARINGOUIN,LA,73,2.0,Day,Clear,Yard,Yard/switching,6,40026,0,311029,H306,30.542002,-91.567116,51.4,56.2,65.4,4.800000000000004,9.200000000000003,14.000000000000007,hot,Other
NS,113911,2015-01-02,11:20 AM,Hwy-rail crossing,0,MARION,IN,20,2.0,Day,Clear,Yard,Cut of cars,4,0,15000,15000,M302,40.560385,-85.712413,23.5,27.9,36.0,4.399999999999999,8.100000000000001,12.5,hot,Other
NS,137549,2020-03-22,11:00 AM,Other impacts,0,MARION,MS,60,2.0,Day,Clear,Industry,Freight Train,3,8000,0,16000,H301,32.390458,-88.658867,59.1,59.9,70.9,0.7999999999999972,11.000000000000007,11.800000000000004,hot,Other
NS,137549,2020-03-22,11:00 AM,Other impacts,0,MARION,MS,60,2.0,Day,Clear,Industry,Cut of cars,0,8000,0,16000,H301,32.390458,-88.658867,59.1,59.9,70.9,0.7999999999999972,11.000000000000007,11.800000000000004,hot,Other
CSX,000174146,2018-01-20,11:15 AM,Obstruction,0,MARION,OH,35,2.0,Day,Clear,Main,Maint./inspect Car,0,2000,32,12285,H993,40.585887,-83.206067,24.5,34.8,41.4,10.299999999999997,6.600000000000001,16.9,hot,Other
CSX,000174146,2018-01-20,11:15 AM,Obstruction,0,MARION,OH,35,2.0,Day,Clear,Main,Maint./inspect Car,25,10253,0,12285,H993,40.585887,-83.206067,24.5,34.8,41.4,10.299999999999997,6.600000000000001,16.9,hot,Other
UP,1118LK044,2018-11-29,12:30 PM,Other (describe in narrative),0,MARION,AR,59,2.0,Day,Cloudy,Yard,Freight Train,6,0,12408,12408,H702,35.195669,-90.254184,40.3,58.9,66.5,18.6,7.600000000000001,26.200000000000003,hot,Other
IC,910610,2017-01-09,3:43 AM,Fire/violent rupture,0,MARKS,MS,26,4.0,Dark,Cloudy,Main,Freight Train,40,104500,2500,107000,M507,34.25645,-90.272749,21.4,35.6,58.1,14.200000000000003,22.5,36.7,hot,Other
UP,1221HL016,2021-12-19,3:55 AM,Derailment,0,MARSHALL,MO,17,4.0,Dark,Clear,Main,Cut of cars,0,249333,0,1370854,T207,39.054358,-93.086856,32.1,26.0,34.6,-6.100000000000001,8.600000000000001,2.5,moderate,Track-related
UP,1221HL016,2021-12-19,3:55 AM,Derailment,0,MARSHALL,MO,17,4.0,Dark,Clear,Main,Freight Train,40,519530,601991,1370854,T207,39.054358,-93.086856,32.1,26.0,34.6,-6.100000000000001,8.600000000000001,2.5,moderate,Track-related
UP,1118LK038,2018-11-27,2:30 AM,Derailment,0,MARSHALL,TX,32,4.0,Dark,Clear,Industry,Freight Train,6,7192,29910,37102,T102,32.510815,-94.502375,38.3,40.7,50.1,2.4000000000000057,9.399999999999999,11.800000000000004,hot,Track-related
UP,0218LK005,2018-02-03,8:23 PM,Derailment,0,MARSHALL,TX,45,4.0,Dark,Cloudy,Main,Freight Train,33,13501,7030,20531,T210,32.666225,-94.343712,42.6,41.3,51.9,-1.3000000000000043,10.600000000000001,9.299999999999997,hot,Track-related
UP,1214CB002,2014-12-01,1:40 PM,Derailment,0,MARSHALLTOWN,IA,17,2.0,Day,Clear,Yard,Freight Train,7,14267,4643,18910,E44C,42.042058,-92.914465,19.5,10.4,20.7,-9.1,10.299999999999999,1.1999999999999993,cold,Other
NS,124680,2017-04-12,7:30 AM,Hwy-rail crossing,0,MARTINSBURG,MO,61,1.0,Dawn,Clear,Main,Freight Train,54,3452,32927,36379,M303,39.101794,-91.647234,51.7,57.2,65.6,5.5,8.399999999999991,13.899999999999991,hot,Other
UP,0917NP014,2017-09-13,7:10 PM,Derailment,0,MARYSVILLE,KS,85,3.0,Dusk,Clear,Main,Freight Train,13,145037,439538,584575,E51C,39.855271,-96.654432,69.0,72.3,79.9,3.299999999999997,7.6000000000000085,10.900000000000006,hot,Other
NS,124440,2017-03-23,8:25 AM,Derailment,0,MARYSVILLE,PA,26,2.0,Day,Clear,Yard,Freight Train,7,17794,134411,152205,T110,40.323741,-76.893298,39.9,34.1,44.5,-5.799999999999997,10.399999999999999,4.600000000000001,hot,Track-related
NS,128572,2018-02-19,5:00 AM,Other (describe in narrative),0,MASCOT,TN,64,1.0,Dawn,Clear,Yard,Freight Train,2,8130,31646,39776,H702,36.033005,-83.817278,48.6,59.3,66.9,10.699999999999996,7.6000000000000085,18.300000000000004,hot,Other
NS,114078,2015-01-28,11:30 AM,Hwy-rail crossing,0,MASSILLON,OH,23,2.0,Day,Clear,Main,Freight Train,39,9798,93477,103275,M399,40.792308,-81.516115,18.1,15.0,31.0,-3.1000000000000014,16.0,12.899999999999999,cold,Other
UP,0117SA007,2017-01-07,5:11 AM,Derailment,0,MATHIS,TX,28,4.0,Dark,Clear,Main,Freight Train,31,1472005,33000,1505005,T221,28.208738,-97.902211,37.8,33.5,41.6,-4.299999999999997,8.100000000000001,3.8000000000000043,hot,Other
UP,0416FW003,2016-04-03,12:27 PM,Derailment,0,MCALESTER,OK,67,2.0,Day,Clear,Siding,Freight Train,25,7693,5620,13313,T101,34.858857,-95.821158,51.9,60.5,68.2,8.600000000000001,7.700000000000003,16.300000000000004,hot,Track-related
NS,114236,2015-02-06,6:00 AM,Derailment,0,MCDONOUGH,GA,34,1.0,Dawn,Clear,Main,Freight Train,38,693191,688800,1381991,E4BC,33.404297,-84.146166,43.4,36.8,45.4,-6.600000000000001,8.600000000000001,2.0,hot,Other
UP,0420SX004,2020-04-18,9:31 PM,Derailment,0,MCNEIL,TX,59,4.0,Dark,Clear,Main,Freight Train,0,0,29548,29548,M101,30.453177,-97.720758,67.2,58.6,71.7,-8.600000000000001,13.100000000000001,4.5,hot,Other
AWRR,200418001,2020-04-18,9:31 PM,Derailment,0,MCNEIL,TX,60,4.0,Dark,Clear,Main,Freight Train,8,0,0,29548,T402,30.453177,-97.720758,67.2,58.6,71.7,-8.600000000000001,13.100000000000001,4.5,hot,Track-related
NS,124716,2017-04-14,5:43 PM,Derailment,0,MCVEYTOWN,PA,70,3.0,Dusk,Clear,Main,Freight Train,48,1931185,390694,2321879,T109,40.468274,-77.731871,50.3,54.4,62.9,4.100000000000001,8.5,12.600000000000001,hot,Track-related
WE,240008,2024-01-22,10:30 PM,Derailment,0,MEDINA,OH,34,4.0,Dark,Cloudy,Industry,Yard/switching,4,13864,0,13864,T110,41.080133,-81.953481,17.9,25.7,36.1,7.800000000000001,10.400000000000002,18.200000000000003,moderate,Track-related
BNSF,SW0417201,2017-04-05,9:48 AM,Hwy-rail crossing,0,MELROSE,NM,52,2.0,Day,Clear,Main,Freight Train,65,3935093,1001058,4936151,M302,34.422826,-103.616728,46.9,46.2,55.4,-0.6999999999999957,9.199999999999996,8.5,hot,Other
UP,0619PR016,2019-06-13,10:29 PM,Fire/violent rupture,0,MELROSE PARK,IL,59,4.0,Dark,Clear,Yard,Single Car,0,11600,0,11600,M406,41.89679,-87.897668,65.4,58.8,66.5,-6.6000000000000085,7.700000000000003,1.0999999999999943,hot,Other
UP,0519PR004,2019-05-24,5:00 PM,Derailment,0,MELROSE PARK,IL,69,2.0,Day,Cloudy,Yard,Cut of cars,0,31713,0,341290,E64C,41.897181,-87.898433,69.4,62.8,75.6,-6.6000000000000085,12.799999999999997,6.199999999999989,hot,Other
UP,0218PR035,2018-02-26,9:28 AM,Fire/violent rupture,0,MELROSE PARK,IL,55,2.0,Day,Cloudy,Yard,Light loco(s),0,29891,0,29891,M406,41.897117,-87.896476,39.7,41.9,50.7,2.1999999999999957,8.800000000000004,11.0,hot,Other
UP,0118PR023,2018-01-17,2:00 PM,Other (describe in narrative),0,MELROSE PARK,IL,40,2.0,Day,Clear,Yard,Single Car,7,52127,0,52127,M411,41.898852,-87.907897,16.6,13.9,24.7,-2.700000000000001,10.799999999999999,8.099999999999998,cold,Other
UP,0118PR033,2018-01-25,8:00 AM,Other (describe in narrative),0,MELROSE PARK,IL,45,2.0,Day,Clear,Yard,Single Car,0,11312,0,11312,M411,41.899746,-87.907627,28.7,33.6,44.8,4.900000000000002,11.199999999999996,16.099999999999998,hot,Other
UP,0724PR001,2024-07-01,8:35 AM,Derailment,0,MELROSE PARK,IL,65,2.0,Day,Clear,Yard,Cut of cars,0,112027,0,619031,H306,41.895379,-87.888971,66.0,66.2,74.5,0.20000000000000284,8.299999999999997,8.5,hot,Other
UP,0724PR001,2024-07-01,8:35 AM,Derailment,0,MELROSE PARK,IL,65,2.0,Day,Clear,Yard,Yard/switching,5,110824,396180,619031,H306,41.895379,-87.888971,66.0,66.2,74.5,0.20000000000000284,8.299999999999997,8.5,hot,Other
UP,1122ME025,2022-11-28,9:00 PM,Derailment,0,MELROSE PARK,IL,42,4.0,Dark,Clear,Yard,Light loco(s),4,4281,17212,21493,H702,41.895094,-87.885292,42.6,38.5,48.8,-4.100000000000001,10.299999999999997,6.199999999999996,hot,Other
UP,0316PR022,2016-03-21,4:43 PM,Other impacts,0,MELROSE PARK,IL,50,2.0,Day,Clear,Yard,Single Car,10,43369,0,43369,H601,41.894929,-87.898258,37.5,39.6,51.3,2.1000000000000014,11.699999999999996,13.799999999999997,hot,Other
UP,0918PR018,2018-09-19,5:00 AM,Obstruction,0,MELROSE PARK,IL,69,1.0,Dawn,Cloudy,Yard,Yard/switching,5,24993,1720,26713,M404,41.899746,-87.907627,72.0,69.3,79.3,-2.700000000000003,10.0,7.299999999999997,hot,Other
UP,0223PR016,2023-02-24,4:58 AM,Other impacts,0,MELROSE PARK,IL,19,1.0,Dawn,Cloudy,Yard,Yard/switching,1,62833,0,72783,H306,41.895526,-87.888945,33.7,24.0,31.9,-9.700000000000003,7.899999999999999,-1.8000000000000043,moderate,Other
UP,0223PR016,2023-02-24,4:58 AM,Other impacts,0,MELROSE PARK,IL,19,1.0,Dawn,Cloudy,Yard,Light loco(s),1,9800,150,72783,H306,41.895526,-87.888945,33.7,24.0,31.9,-9.700000000000003,7.899999999999999,-1.8000000000000043,moderate,Other
UP,0319GL093,2019-03-31,3:20 AM,Derailment,0,MELROSE PARK,IL,27,4.0,Dark,Cloudy,Yard,Yard/switching,6,121382,22500,143882,H503,41.900102,-87.911372,38.0,30.9,38.0,-7.100000000000001,7.100000000000001,0.0,hot,Other
UP,0618PR024,2018-06-22,9:10 AM,Derailment,0,MELROSE PARK,IL,72,2.0,Day,Rain,Yard,Freight Train,5,19993,1660,21653,T210,41.895586,-87.888936,65.6,61.8,70.3,-3.799999999999997,8.5,4.700000000000003,hot,Track-related
BNSF,HL0517105,2017-05-05,11:19 AM,Derailment,0,MEMPHIS,TN,70,2.0,Day,Clear,Yard,Yard/switching,5,11412,11442,22854,H702,35.020642,-89.884634,54.2,57.7,64.8,3.5,7.099999999999994,10.599999999999994,hot,Other
BNSF,HL1021106,2021-10-12,7:22 AM,Derailment,0,MEMPHIS,TN,75,1.0,Dawn,Clear,Yard,Yard/switching,6,13007,7000,20007,E32C,35.029243,-89.898904,73.7,70.2,78.0,-3.5,7.799999999999997,4.299999999999997,hot,Other
BNSF,HL1120108,2020-11-13,2:29 AM,Side collision,0,MEMPHIS,TN,68,4.0,Dark,Clear,Yard,Cut of cars,3,8866,1000,14654,H021,35.02665,-89.892558,53.0,55.8,63.6,2.799999999999997,7.800000000000004,10.600000000000001,hot,Other
IC,870859,2015-11-10,4:30 AM,Derailment,0,MEMPHIS,TN,44,4.0,Dark,Clear,Yard,Freight Train,9,223443,21836,245279,H599,35.073631,-90.062607,54.0,54.8,63.6,0.7999999999999972,8.800000000000004,9.600000000000001,hot,Other
BNSF,HL0318111,2018-03-14,2:49 AM,Derailment,0,MEMPHIS,TN,36,4.0,Dark,Clear,Yard,Yard/switching,6,8000,70636,78636,H999,35.02655,-89.890709,43.3,44.4,54.1,1.1000000000000014,9.700000000000003,10.800000000000004,hot,Other
BNSF,SF0316118,2016-03-25,12:50 AM,Derailment,0,MEMPHIS,TN,52,4.0,Dark,Clear,Yard,Yard/switching,10,25459,0,25459,H316,35.024095,-89.88837,61.7,48.5,57.3,-13.200000000000003,8.799999999999997,-4.400000000000006,hot,Other
BNSF,HL0323120,2023-03-19,4:30 PM,Derailment,0,MEMPHIS,TN,40,2.0,Day,Clear,Yard,Light loco(s),7,25000,45000,70000,H306,35.022442,-89.88759,40.8,33.0,39.9,-7.799999999999997,6.899999999999999,-0.8999999999999986,hot,Other
BNSF,HL0221118,2021-02-22,9:58 AM,Derailment,0,MEMPHIS,TN,48,2.0,Day,Clear,Yard,Yard/switching,6,16597,1000,17597,H316,35.027992,-89.892956,43.0,46.3,53.1,3.299999999999997,6.800000000000004,10.100000000000001,hot,Other
BNSF,HL1120108,2020-11-13,2:29 AM,Side collision,0,MEMPHIS,TN,68,4.0,Dark,Clear,Yard,Yard/switching,0,4788,0,14654,H021,35.02665,-89.892558,53.0,55.8,63.6,2.799999999999997,7.800000000000004,10.600000000000001,hot,Other
IC,1099816,2022-04-14,9:15 PM,Derailment,0,MEMPHIS,TN,52,4.0,Dark,Clear,Yard,Freight Train,11,123331,275866,399197,E4AC,35.06674,-90.097029,66.9,55.8,64.6,-11.100000000000009,8.799999999999997,-2.3000000000000114,hot,Other
BNSF,SF1114111,2014-11-18,6:45 AM,Derailment,0,MEMPHIS,TN,21,1.0,Dawn,Clear,Main,Freight Train,8,214050,0,339436,T310,35.115945,-89.990493,32.1,28.4,42.2,-3.700000000000003,13.800000000000004,10.100000000000001,hot,Track-related
NS,113066,2014-11-18,6:45 AM,Derailment,0,MEMPHIS,TN,21,1.0,Dawn,Clear,Main,Freight Train,0,0,125386,339436,T310,35.115945,-89.990493,32.1,28.4,42.2,-3.700000000000003,13.800000000000004,10.100000000000001,hot,Track-related
BNSF,CH0422117,2022-04-28,11:12 PM,Derailment,0,MENDOTA,IL,50,4.0,Dark,Cloudy,Industry,Freight Train,3,62388,112000,174388,H704,41.564537,-89.050777,42.6,48.1,57.9,5.5,9.799999999999997,15.299999999999997,hot,Other
KCS,21012401,2021-01-24,7:15 AM,Derailment,0,MERIDIAN,MS,55,1.0,Dawn,Cloudy,Yard,Yard/switching,7,21020,6572,27592,T110,32.361172,-88.699608,51.3,57.2,70.0,5.900000000000006,12.799999999999997,18.700000000000003,hot,Track-related
WC,1073786,2021-06-16,1:31 AM,Derailment,0,MERRILL,WI,45,4.0,Dark,Clear,Main,Freight Train,17,688425,115180,803605,M503,45.179155,-89.679846,66.5,65.0,72.7,-1.5,7.700000000000003,6.200000000000003,hot,Other
UP,1118TC012,2018-11-22,7:00 AM,Fire/violent rupture,0,MERRILLAN,WI,25,2.0,Day,Cloudy,Main,Freight Train,35,234513,150,234663,E79L,44.372988,-90.8145,26.1,29.1,36.9,3.0,7.799999999999997,10.799999999999997,hot,Other
UP,1214FW023,2014-12-21,4:50 PM,Derailment,0,MESQUITE,TX,45,2.0,Day,Clear,Yard,Freight Train,4,8406,4155,12561,T110,32.776494,-96.664986,46.3,48.7,57.3,2.4000000000000057,8.599999999999994,11.0,hot,Track-related
NS,151090,2022-10-08,12:00 AM,Other impacts,0,MEXICO,MO,54,4.0,Dark,Clear,Yard,Single Car,0,27229,0,35188,H017,39.169427,-91.882444,48.9,43.0,50.7,-5.899999999999999,7.700000000000003,1.8000000000000043,hot,Other
NS,151090,2022-10-08,12:00 AM,Other impacts,0,MEXICO,MO,54,4.0,Dark,Clear,Yard,Single Car,20,7959,0,35188,H017,39.169427,-91.882444,48.9,43.0,50.7,-5.899999999999999,7.700000000000003,1.8000000000000043,hot,Other