reportingrailroadcode,accidentnumber,date,time,accidenttype,hazmatreleasedcars,station,stateabbr,temperature,visibility_code,visibility,weathercondition,tracktype,equipmenttype,trainspeed,equipmentdamagecost,trackdamagecost,totaldamagecost,primaryaccidentcausecode,latitude,longitude,prior_temp,actual_temp,following_temp,before_temp_change,after_temp_change,across_temp_change,temp_category,accident_category
BNSF,KS0917200,2017-09-06,2:00 PM,Hwy-rail crossing,0,MIAMI,TX,80,2.0,Day,Clear,Main,Freight Train,54,36113,0,36113,M302,35.739372,-100.566321,68.9,65.6,72.6,-3.3000000000000114,7.0,3.6999999999999886,hot,Other
FEC,D27042617,2017-04-26,4:30 PM,Derailment,0,MIAMI-DADE,FL,78,2.0,Day,Clear,Yard,Light loco(s),6,17137,11368,28505,T307,25.839041,-80.305601,73.1,74.6,81.8,1.5,7.200000000000003,8.700000000000003,hot,Track-related
CSS,CSS0305171,2017-03-05,3:40 PM,Side collision,0,MICHIGAN CITY,IN,60,2.0,Day,Clear,Industry,Freight Train,6,28000,0,153000,H307,41.71109,-86.861934,30.3,44.8,53.9,14.499999999999996,9.100000000000001,23.599999999999998,hot,Other
CSS,CSS0305171,2017-03-05,3:40 PM,Side collision,0,MICHIGAN CITY,IN,60,2.0,Day,Clear,Industry,Single Car,0,125000,0,153000,H307,41.71109,-86.861934,30.3,44.8,53.9,14.499999999999996,9.100000000000001,23.599999999999998,hot,Other
NICD,N2100028,2021-12-22,6:50 PM,Derailment,0,MICHIGAN CITY,IN,52,4.0,Dark,Clear,Yard,Cut of cars,10,17092,4830,21922,T314,41.713205,-86.864495,31.3,25.7,33.4,-5.600000000000001,7.699999999999999,2.099999999999998,moderate,Track-related
NS,124366,2017-03-17,12:00 PM,Derailment,0,MIDDLESBORO,KY,45,2.0,Day,Cloudy,Yard,Light loco(s),6,74,12014,12088,T210,36.61098,-83.711502,29.1,35.9,50.5,6.799999999999997,14.600000000000001,21.4,hot,Track-related
NS,151477,2022-11-15,9:00 PM,Hwy-rail crossing,0,MIDDLESEX,NJ,51,4.0,Dark,Rain,Main,Freight Train,40,300,0,300,M303,40.579959,-74.478372,38.9,36.3,43.4,-2.6000000000000014,7.100000000000001,4.5,hot,Other
NS,155915,2024-03-02,7:11 AM,Rear end collision,0,MIDDLETOWN,PA,40,1.0,Dawn,Rain,Main,Freight Train,13,260274,300000,2452654,H220,40.632286,-75.305355,38.2,42.6,49.3,4.399999999999999,6.699999999999996,11.099999999999994,hot,Other
NS,155915,2024-03-02,7:11 AM,Rear end collision,0,MIDDLETOWN,PA,40,1.0,Dawn,Rain,Main,Freight Train,31,1857380,0,2452654,H220,40.632286,-75.305355,38.2,42.6,49.3,4.399999999999999,6.699999999999996,11.099999999999994,hot,Other
NS,155915,2024-03-02,7:11 AM,Rear end collision,0,MIDDLETOWN,PA,40,1.0,Dawn,Rain,Main,Freight Train,0,35000,0,2452654,H220,40.632286,-75.305355,38.2,42.6,49.3,4.399999999999999,6.699999999999996,11.099999999999994,hot,Other
ATK,174126,2023-03-15,4:35 AM,Obstruction,0,MIDDLETOWN,PA,34,4.0,Dark,Clear,Main,Spec. MoW Equip.,7,0,0,16206,H607,40.139199,-76.595069,35.8,39.4,46.7,3.6000000000000014,7.300000000000004,10.900000000000006,hot,Other
ATK,174126,2023-03-15,4:35 AM,Obstruction,0,MIDDLETOWN,PA,34,4.0,Dark,Clear,Main,Spec. MoW Equip.,0,16206,0,16206,H607,40.139199,-76.595069,35.8,39.4,46.7,3.6000000000000014,7.300000000000004,10.900000000000006,hot,Other
UP,0423TO040,2023-04-24,6:25 AM,Hwy-rail crossing,0,MIDLAND,TX,46,1.0,Dawn,Cloudy,Main,Freight Train,45,8218,25000,33218,M302,32.015989,-102.034626,44.4,52.5,68.2,8.100000000000001,15.700000000000003,23.800000000000004,hot,Other
UP,0118FW033,2018-01-25,7:54 PM,Hwy-rail crossing,0,MIDLAND,TX,45,4.0,Dark,Clear,Main,Freight Train,40,47238,95911,143149,M304,31.944635,-102.172937,44.4,45.9,54.5,1.5,8.600000000000001,10.100000000000001,hot,Other
UP,0522TO005,2022-05-03,4:05 AM,Hwy-rail crossing,0,MIDLAND,TX,62,1.0,Dawn,Clear,Main,Freight Train,40,27680,20464,48144,M302,31.972572,-102.11882,80.4,67.6,79.4,-12.800000000000011,11.800000000000011,-1.0,hot,Other
UP,0318FW004,2018-03-03,4:48 AM,Hwy-rail crossing,0,MIDLAND,TX,57,4.0,Dark,Clear,Main,Freight Train,63,95449,73201,168650,M302,32.03177,-102.003982,56.1,63.0,70.8,6.899999999999999,7.799999999999997,14.699999999999996,hot,Other
CSX,000186921,2019-12-03,11:26 AM,Derailment,0,MIDLAND CITY,AL,49,2.0,Day,Clear,Industry,Freight Train,2,26744,97,26841,M501,31.312891,-85.547784,45.7,42.2,49.3,-3.5,7.099999999999994,3.5999999999999943,hot,Other
NS,113068,2014-11-18,6:30 AM,Derailment,0,MILAN,OH,10,1.0,Dawn,Clear,Siding,Freight Train,18,568050,217729,785779,T207,41.333904,-82.584374,26.1,13.6,22.4,-12.500000000000002,8.799999999999999,-3.700000000000003,cold,Track-related
UP,1115UT012,2015-11-19,11:50 AM,Derailment,0,MILFORD,UT,35,2.0,Day,Clear,Yard,Yard/switching,5,4228,12500,16728,H303,38.395513,-113.009278,24.2,28.8,35.8,4.600000000000001,6.9999999999999964,11.599999999999998,hot,Other
CSX,000187583,2019-12-27,5:20 PM,Derailment,0,MILFORD,IL,36,3.0,Dusk,Clear,Main,Freight Train,52,30222,384,30606,E33C,40.618663,-87.694127,54.6,36.6,43.2,-18.0,6.600000000000001,-11.399999999999999,hot,Other
NS,114249,2015-02-06,8:35 PM,Derailment,0,MILL CREEK,PA,15,4.0,Dark,Clear,Main,Freight Train,58,2000,55504,57504,E61C,40.418495,-77.931216,18.2,16.9,34.1,-1.3000000000000007,17.200000000000003,15.900000000000002,moderate,Other
BEEM,1,2022-11-26,9:00 AM,Derailment,0,MILL CREEK,WV,50,2.0,Day,Clear,Main,Cut of cars,5,0,50000,50000,T001,38.732005,-80.136618,45.3,37.3,50.4,-8.0,13.100000000000001,5.100000000000001,hot,Track-related
CSX,000182665,2019-04-30,12:25 AM,Derailment,0,MILLBURY,OH,42,4.0,Dark,Cloudy,Yard,Freight Train,7,21848,1017,22865,T111,41.544006,-83.485654,44.3,45.5,56.6,1.2000000000000028,11.100000000000001,12.300000000000004,hot,Track-related
NS,152021,2023-01-16,2:00 PM,Other (describe in narrative),0,MILLEN,GA,65,2.0,Day,Clear,Yard,Single Car,5,0,0,30913,H020,32.801032,-81.94645,38.3,43.6,55.0,5.300000000000004,11.399999999999999,16.700000000000003,hot,Other
NS,152021,2023-01-16,2:00 PM,Other (describe in narrative),0,MILLEN,GA,65,2.0,Day,Clear,Yard,Single Car,5,30913,0,30913,H020,32.801032,-81.94645,38.3,43.6,55.0,5.300000000000004,11.399999999999999,16.700000000000003,hot,Other
RCPE,RCP346523R,2023-03-02,11:45 AM,Derailment,0,MILLER,SD,19,2.0,Day,Clear,Industry,Freight Train,10,30450,0,30450,H306,44.522231,-99.014783,22.3,15.9,27.3,-6.4,11.4,5.0,moderate,Other
BNSF,PR0515100,2015-05-01,10:00 PM,Derailment,0,MILLS,WY,59,4.0,Dark,Clear,Industry,Yard/switching,6,21181,0,21181,T111,42.852355,-106.374722,50.4,50.8,58.1,0.3999999999999986,7.300000000000004,7.700000000000003,hot,Track-related
CP,1000259764,2015-05-14,11:58 AM,Fire/violent rupture,0,MILWAUKEE,WI,51,2.0,Day,Clear,Main,Passenger Train - Pulling,0,0,0,600000,M406,43.032838,-87.91189,43.7,49.3,61.2,5.599999999999994,11.900000000000006,17.5,hot,Other
UP,0921PR015,2021-09-25,9:20 AM,Derailment,0,MILWAUKEE,WI,52,2.0,Day,Clear,Yard,Freight Train,7,174753,142159,316912,H307,43.097872,-88.06416,65.7,59.9,69.3,-5.800000000000004,9.399999999999999,3.5999999999999943,hot,Other
ATK,137427,2015-05-14,11:58 AM,Fire/violent rupture,0,MILWAUKEE,WI,51,2.0,Day,Clear,Main,Passenger Train - Pulling,70,600000,0,600000,M406,43.032838,-87.91189,43.7,49.3,61.2,5.599999999999994,11.900000000000006,17.5,hot,Other
NS,133529,2019-04-11,2:45 AM,Derailment,0,MINGO JUNCTION,OH,34,4.0,Dark,Clear,Yard,Yard/switching,5,1200,16331,17531,H306,40.310679,-80.610466,50.1,57.2,65.9,7.100000000000001,8.700000000000003,15.800000000000004,hot,Other
WE,230086,2023-12-01,3:15 PM,Derailment,0,MINGO JUNCTION,OH,46,2.0,Day,Rain,Yard,Yard/switching,7,0,27802,27802,T110,40.313812,-80.615075,42.9,47.5,54.3,4.600000000000001,6.799999999999997,11.399999999999999,hot,Track-related
UP,1216PC002,2016-12-02,10:15 PM,Hwy-rail crossing,0,MINIDOKA,ID,23,4.0,Dark,Cloudy,Main,Freight Train,67,71881,0,71881,M302,42.817884,-113.757527,30.3,26.4,33.2,-3.900000000000002,6.800000000000004,2.900000000000002,moderate,Other
BNSF,TC0115106,2015-01-13,12:45 PM,Other impacts,0,MINNEAPOLIS,MN,21,2.0,Day,Clear,Yard,Yard/switching,4,78249,0,79749,H305,45.041022,-93.274278,0.9,3.4,20.3,2.5,16.900000000000002,19.400000000000002,cold,Other
BNSF,TC1015114,2015-10-18,2:45 AM,Other impacts,0,MINNEAPOLIS,MN,38,4.0,Dark,Cloudy,Yard,Yard/switching,10,12216,0,12216,M411,45.035112,-93.270737,42.3,48.4,61.9,6.100000000000001,13.5,19.6,hot,Other
BNSF,TC0215101,2015-02-05,1:07 PM,Derailment,0,MINNEAPOLIS,MN,20,2.0,Day,Clear,Yard,Yard/switching,5,5524,8000,13524,M411,45.034068,-93.272858,10.3,7.5,21.8,-2.8000000000000007,14.3,11.5,cold,Other
BNSF,TC0317110,2017-03-04,4:05 AM,Derailment,0,MINNEAPOLIS,MN,40,1.0,Dawn,Clear,Yard,Light loco(s),10,86922,2000,88922,H607,45.030438,-93.269212,21.7,33.8,46.5,12.099999999999998,12.700000000000003,24.8,hot,Other
BNSF,TC0316105,2016-03-28,9:15 AM,Derailment,0,MINNEAPOLIS,MN,53,2.0,Day,Clear,Yard,Yard/switching,7,8032,10458,18490,S099,45.033104,-93.271211,38.6,42.9,51.6,4.299999999999997,8.700000000000003,13.0,hot,Other
BNSF,TC0124113,2024-01-21,5:15 PM,Derailment,0,MINNEAPOLIS,MN,17,3.0,Dusk,Clear,Yard,Yard/switching,9,82270,36390,118660,E60C,45.027264,-93.268326,2.1,14.4,25.7,12.3,11.299999999999999,23.599999999999998,cold,Other
KYLE,KYL009319D,2019-04-02,10:05 PM,Derailment,0,MINNEAPOLIS,KS,61,4.0,Dark,Cloudy,Main,Freight Train,9,60000,45000,105000,T102,39.143307,-97.723343,45.6,47.0,55.9,1.3999999999999986,8.899999999999999,10.299999999999997,hot,Track-related
MNNR,0423002,2023-04-10,2:25 AM,Derailment,0,MINNEAPOLIS,MN,50,4.0,Dark,Cloudy,Industry,Yard/switching,5,0,22559,22559,T110,44.934647,-93.228065,57.7,57.6,66.7,-0.10000000000000142,9.100000000000001,9.0,hot,Track-related
CP,1001661326,2022-03-12,5:21 AM,Derailment,0,MINNEISKA,MN,-2,4.0,Dark,Clear,Main,Freight Train,46,62292,3155,65447,T202,44.194485,-91.870406,16.4,14.8,36.1,-1.5999999999999979,21.3,19.700000000000003,cold,Track-related
BNSF,TC0915104,2015-09-11,9:30 PM,Derailment,0,MINOT,ND,55,4.0,Dark,Clear,Yard,Yard/switching,7,13200,500,13700,H702,48.238399,-101.163257,50.8,54.9,65.8,4.100000000000001,10.899999999999999,15.0,hot,Other
BNSF,TC0315129,2015-03-13,4:00 PM,Derailment,0,MINOT,ND,50,2.0,Day,Clear,Main,Spec. MoW Equip.,0,15000,0,45000,H997,48.23762,-101.264009,44.3,41.3,50.4,-3.0,9.100000000000001,6.100000000000001,hot,Other
BNSF,MT0221103,2021-02-19,6:41 AM,Derailment,0,MINOT,ND,-4,1.0,Dawn,Cloudy,Yard,Freight Train,10,104721,9200,113921,T216,48.235985,-101.205456,7.4,9.1,29.2,1.6999999999999993,20.1,21.799999999999997,cold,Other
BNSF,TC0315129,2015-03-13,4:00 PM,Derailment,0,MINOT,ND,50,2.0,Day,Clear,Main,Spec. MoW Equip.,10,15000,0,45000,H997,48.23762,-101.264009,44.3,41.3,50.4,-3.0,9.100000000000001,6.100000000000001,hot,Other
BNSF,TC0315129,2015-03-13,4:00 PM,Derailment,0,MINOT,ND,50,2.0,Day,Clear,Main,Spec. MoW Equip.,10,15000,0,45000,H997,48.23762,-101.264009,44.3,41.3,50.4,-3.0,9.100000000000001,6.100000000000001,hot,Other
BNSF,MT1022102,2022-10-07,2:15 AM,Derailment,0,MINOT,ND,25,4.0,Dark,Clear,Yard,Yard/switching,8,6399,9083,15482,H307,48.233087,-101.304178,38.2,40.3,55.5,2.0999999999999943,15.200000000000003,17.299999999999997,hot,Other
BNSF,TC0417113,2017-04-19,2:54 AM,Derailment,0,MINTO,ND,35,4.0,Dark,Clear,Main,Freight Train,8,266979,224930,491909,T001,48.354507,-97.389078,41.6,41.5,49.7,-0.10000000000000142,8.200000000000003,8.100000000000001,hot,Track-related
GTW,1131701,2023-04-17,12:59 PM,Obstruction,0,MISHAWAKA,IN,36,2.0,Day,Cloudy,Main,Maint./inspect Car,21,123816,0,123816,H997,41.663326,-86.237226,54.7,35.6,42.3,-19.1,6.699999999999996,-12.400000000000006,hot,Other
GTW,1131701,2023-04-17,12:59 PM,Obstruction,0,MISHAWAKA,IN,36,2.0,Day,Cloudy,Main,Maint./inspect Car,0,0,0,123816,H997,41.663326,-86.237226,54.7,35.6,42.3,-19.1,6.699999999999996,-12.400000000000006,hot,Other
UP,1121HO023,2021-11-19,10:15 AM,Hwy-rail crossing,0,MISSOURI CITY,TX,58,2.0,Day,Clear,Main,Freight Train,0,0,104615,106435,M304,29.623809,-95.526185,64.5,56.1,64.6,-8.399999999999999,8.499999999999993,0.09999999999999432,hot,Other
KCS,21111902,2021-11-19,10:15 AM,Hwy-rail crossing,0,MISSOURI CITY,TX,65,2.0,Day,Clear,Main,Freight Train,44,1820,0,106435,M304,29.623828,-95.526253,64.5,56.1,64.6,-8.399999999999999,8.499999999999993,0.09999999999999432,hot,Other
UP,0322GL021,2022-03-19,4:30 PM,Derailment,0,MISSOURI VALLEY,IA,28,2.0,Day,Cloudy,Main,Freight Train,6,11293,285025,296318,H705,41.55762,-95.99074,42.6,44.2,55.0,1.6000000000000014,10.799999999999997,12.399999999999999,hot,Other
UP,0418NP013,2018-04-16,11:00 AM,Obstruction,0,MISSOURI VALLEY,IA,51,2.0,Day,Clear,Main,Spec. MoW Equip.,0,0,0,16590,H997,41.558519,-96.024674,26.6,33.9,41.9,7.299999999999997,8.0,15.299999999999997,hot,Other
UP,0418NP013,2018-04-16,11:00 AM,Obstruction,0,MISSOURI VALLEY,IA,51,2.0,Day,Clear,Main,Spec. MoW Equip.,20,16590,0,16590,H997,41.558519,-96.024674,26.6,33.9,41.9,7.299999999999997,8.0,15.299999999999997,hot,Other
UP,0323GP015,2023-03-13,10:50 PM,Derailment,0,MITCHELL,NE,36,4.0,Dark,Cloudy,Yard,Freight Train,12,37707,31835,69542,E49C,41.931342,-103.862592,28.2,35.6,46.2,7.400000000000002,10.600000000000001,18.000000000000004,hot,Other
CSX,000167990,2017-04-04,10:30 AM,Side collision,0,MOBILE,AL,75,2.0,Day,Clear,Yard,Yard/switching,2,48600,0,81785,H307,30.711374,-88.046532,72.3,71.3,79.0,-1.0,7.700000000000003,6.700000000000003,hot,Other
IC,842048,2015-02-27,9:05 AM,Derailment,0,MOBILE,AL,40,2.0,Day,Clear,Yard,Yard/switching,8,18472,950,19422,H703,30.704081,-88.044453,42.8,44.3,50.9,1.5,6.600000000000001,8.100000000000001,hot,Other
ALE,0302DERAIL,2023-01-28,9:40 AM,Derailment,0,MOBILE,AL,56,2.0,Day,Clear,Yard,Light loco(s),5,0,0,27414,T111,30.715752,-88.05015,44.0,49.8,59.9,5.799999999999997,10.100000000000001,15.899999999999999,hot,Track-related
TASD,D20141115A,2014-11-15,1:00 PM,Derailment,0,MOBILE,AL,53,2.0,Day,Clear,Industry,Freight Train,4,67700,2312,70012,T210,30.651513,-88.03571,40.9,43.6,60.3,2.700000000000003,16.699999999999996,19.4,hot,Track-related
TASD,D20230128A,2023-01-28,9:40 AM,Derailment,0,MOBILE,AL,56,2.0,Day,Clear,Yard,Freight Train,0,0,27414,27414,T111,30.715752,-88.05015,44.0,49.8,59.9,5.799999999999997,10.100000000000001,15.899999999999999,hot,Track-related
UP,1216CB008,2016-12-18,4:33 AM,Derailment,0,MODALE,IA,-12,4.0,Dark,Clear,Main,Freight Train,3,250,42600,42850,H705,41.557728,-95.994801,6.0,-1.4,16.7,-7.4,18.099999999999998,10.7,cold,Other
SKOL,220414006,2022-04-14,4:30 AM,Derailment,0,MOLINE,KS,38,4.0,Dark,Clear,Main,Yard/switching,6,13886,0,13886,E85C,37.365389,-96.269086,52.1,48.8,62.7,-3.3000000000000043,13.900000000000006,10.600000000000001,hot,Other
UP,1218TO017,2018-12-10,9:30 AM,Other (describe in narrative),0,MONAHANS,TX,35,2.0,Day,Clear,Yard,Yard/switching,3,12189,66,12255,E29C,31.597993,-102.882689,36.8,35.8,43.0,-1.0,7.200000000000003,6.200000000000003,hot,Other
ATK,145819,2017-01-09,5:58 AM,Other (describe in narrative),0,MONMOUTH JUNCTION,NJ,30,4.0,Dark,Clear,Main,EMU,0,0,1000,12000,T404,40.469385,-74.475173,18.6,15.1,23.6,-3.5000000000000018,8.500000000000002,5.0,cold,Track-related
CSX,000205052,2022-05-19,8:00 PM,Derailment,0,MONON,IN,76,4.0,Dark,Clear,Yard,Single Car,0,2094,3990,62969,H704,40.862596,-86.8845,61.0,68.1,76.0,7.099999999999994,7.900000000000006,15.0,hot,Other
CSX,000205052,2022-05-19,8:00 PM,Derailment,0,MONON,IN,76,4.0,Dark,Clear,Yard,Freight Train,7,56885,0,62969,H704,40.862596,-86.8845,61.0,68.1,76.0,7.099999999999994,7.900000000000006,15.0,hot,Other
UP,0223MA033,2023-02-14,12:52 PM,Other (describe in narrative),0,MONROE,LA,64,2.0,Day,Cloudy,Yard,Single Car,0,12019,0,12019,M507,32.477431,-92.106864,54.7,61.3,69.0,6.599999999999994,7.700000000000003,14.299999999999997,hot,Other
CSX,000215904,2024-02-01,1:30 PM,Derailment,0,MONTGOMERY,AL,59,2.0,Day,Clear,Yard,Yard/switching,4,1959,40025,41984,H704,32.376041,-86.326437,50.3,45.4,52.1,-4.899999999999999,6.700000000000003,1.8000000000000043,hot,Other
CSX,000215700,2024-01-23,7:16 AM,Other (describe in narrative),0,MONTGOMERY,AL,54,1.0,Dawn,Rain,Yard,Freight Train,4,42354,2527,44881,H306,32.376041,-86.326437,42.7,57.8,66.6,15.099999999999994,8.799999999999997,23.89999999999999,hot,Other
CSX,000204022,2022-04-05,6:32 AM,Derailment,0,MONTGOMERY,AL,65,1.0,Dawn,Cloudy,Yard,Freight Train,7,10947,1860,12807,H704,32.39635,-86.314904,62.0,62.5,71.4,0.5,8.900000000000006,9.400000000000006,hot,Other
CSX,000210415,2023-03-21,11:12 PM,Derailment,0,MONTGOMERY,AL,49,4.0,Dark,Clear,Yard,Yard/switching,4,23563,580,24143,E32C,32.376061,-86.32645,40.8,48.0,58.8,7.200000000000003,10.799999999999997,18.0,hot,Other
CSX,000141539,2015-02-13,4:55 PM,Derailment,0,MONTGOMERY,AL,45,2.0,Day,Clear,Yard,Work train,8,49128,5000,54128,T314,32.408887,-86.302104,44.5,36.8,44.8,-7.700000000000003,8.0,0.29999999999999716,hot,Track-related
BNSF,SF0316119,2016-03-25,8:50 AM,Derailment,0,MONTROSE,IA,45,1.0,Dawn,Clear,Industry,Freight Train,7,56007,250000,306007,T101,40.487948,-91.372461,41.1,40.8,47.9,-0.30000000000000426,7.100000000000001,6.799999999999997,hot,Track-related
BNSF,RD0218205,2018-02-26,9:00 AM,Hwy-rail crossing,0,MOODY,TX,45,2.0,Day,Fog,Main,Freight Train,30,500,30500,31000,M302,31.297812,-97.363862,53.9,53.8,61.9,-0.10000000000000142,8.100000000000001,8.0,hot,Other
BNSF,PR1218115,2018-12-28,11:32 PM,Derailment,0,MOORCROFT,WY,12,4.0,Dark,Clear,Main,Freight Train,21,10000,255000,265000,E06C,44.187533,-104.821471,16.9,12.6,22.5,-4.299999999999999,9.9,5.600000000000001,cold,Other
BNSF,RD1022119,2022-10-19,7:40 PM,Derailment,0,MOORE,OK,52,3.0,Dusk,Clear,Yard,Yard/switching,8,126400,0,451711,T199,35.368846,-97.484095,47.2,48.0,57.4,0.7999999999999972,9.399999999999999,10.199999999999996,hot,Track-related
BNSF,RD1022119,2022-10-19,7:40 PM,Derailment,0,MOORE,OK,52,3.0,Dusk,Clear,Yard,Single Car,0,15800,309511,451711,T199,35.368846,-97.484095,47.2,48.0,57.4,0.7999999999999972,9.399999999999999,10.199999999999996,hot,Track-related
BNSF,TC0523108,2023-05-20,9:02 PM,Other (describe in narrative),0,MOORHEAD,MN,50,4.0,Dark,Clear,Yard,Yard/switching,7,0,19143,19143,H306,46.874219,-96.735346,52.2,61.4,68.8,9.199999999999996,7.399999999999999,16.599999999999994,hot,Other
CSX,000174126,2018-01-18,9:05 AM,Hwy-rail crossing,0,MORELAND,GA,23,2.0,Day,Clear,Main,Freight Train,48,23201,0,23201,M303,33.278867,-84.770829,22.4,28.4,37.8,6.0,9.399999999999999,15.399999999999999,hot,Other
NS,118842,2016-01-08,11:15 AM,Derailment,0,MORGANTOWN,WV,34,2.0,Day,Cloudy,Siding,Yard/switching,20,10680,1500,12180,T002,39.598307,-79.966938,32.8,37.6,48.4,4.800000000000004,10.799999999999997,15.600000000000001,hot,Track-related
NJTR,202101019,2021-01-01,5:25 PM,Other (describe in narrative),0,MORRIS PLAINS,NJ,33,4.0,Dark,Rain,Main,Commuter Train - Pulling,35,11729,4460,16189,T404,40.798299,-74.474863,40.4,31.9,40.8,-8.5,8.899999999999999,0.3999999999999986,hot,Track-related
CSX,000142608,2015-03-06,11:00 AM,Hwy-rail crossing,0,MORRISTOWN,IN,35,2.0,Day,Clear,Main,Freight Train,29,0,47355,47355,M303,39.671076,-85.680627,19.8,16.0,33.2,-3.8000000000000007,17.200000000000003,13.400000000000002,moderate,Other
NJTR,202306221,2023-06-10,2:03 PM,Derailment,0,MORRISVILLE,PA,65,2.0,Day,Clear,Yard,Commuter Train - Pushing,5,25933,683,26616,H704,40.195375,-74.789986,64.1,66.8,73.9,2.700000000000003,7.1000000000000085,9.800000000000011,hot,Other
CVR,CVR00047F,2024-03-09,2:00 AM,Derailment,0,MOSCOW,KS,25,4.0,Dark,Clear,Main,Freight Train,10,34000,27190,61190,T210,37.336599,-101.194484,31.2,37.7,45.8,6.5000000000000036,8.099999999999994,14.599999999999998,hot,Track-related
CVR,CVR000004,2021-06-22,10:30 PM,Derailment,0,MOSCOW,KS,75,4.0,Dark,Clear,Main,Freight Train,9,22900,27822,50722,T201,37.275009,-101.26142,68.7,74.0,85.9,5.299999999999997,11.900000000000006,17.200000000000003,hot,Track-related
NS,139888,2020-12-02,5:15 AM,Derailment,1,MOSELLE,MS,25,1.0,Dawn,Clear,Main,Freight Train,42,1602044,643320,2245364,T207,31.511501,-89.275444,37.0,41.0,54.5,4.0,13.5,17.5,hot,Track-related
KCS,18021201,2018-02-12,3:00 AM,Side collision,0,MOSSVILLE,LA,38,4.0,Dark,Clear,Yard,Yard/switching,1,7024,0,22062,H318,30.259581,-93.306702,52.9,43.8,51.7,-9.100000000000001,7.900000000000006,-1.1999999999999957,hot,Other
KCS,18021201,2018-02-12,3:00 AM,Side collision,0,MOSSVILLE,LA,38,4.0,Dark,Clear,Yard,Cut of cars,3,15038,0,22062,H318,30.259581,-93.306702,52.9,43.8,51.7,-9.100000000000001,7.900000000000006,-1.1999999999999957,hot,Other
BNSF,HL0223104,2023-02-03,5:50 PM,Derailment,0,MOUND CITY,MO,26,3.0,Dusk,Clear,Main,Freight Train,34,2752,1783712,1786464,E61C,40.060523,-95.394329,24.3,16.8,39.2,-7.5,22.400000000000002,14.900000000000002,moderate,Other
NERR,NERR2205,2022-03-21,12:40 PM,Derailment,0,MOUNT JULIET,TN,70,2.0,Day,Clear,Main,Freight Train,0,75000,0,75000,M201,36.20168,-86.56612,50.7,57.3,66.6,6.599999999999994,9.299999999999997,15.899999999999991,hot,Other
EVWR,E2017JAN1D,2018-01-07,5:55 AM,Derailment,0,MOUNT VERNON,IN,18,4.0,Dark,Clear,Industry,Freight Train,3,24785,0,24785,M101,37.925239,-87.860715,10.6,29.6,37.3,19.0,7.699999999999996,26.699999999999996,hot,Other
EVWR,2023APR1X,2023-04-03,7:50 AM,Hwy-rail crossing,0,MOUNT VERNON,IN,55,1.0,Dawn,Cloudy,Main,Light loco(s),26,90120,0,90120,M304,37.951379,-87.832117,48.6,61.0,71.8,12.399999999999999,10.799999999999997,23.199999999999996,hot,Other
MNCW,201911,2019-01-26,1:30 AM,Obstruction,0,MOUNT VERNON,NY,30,4.0,Dark,Clear,Main,Commuter Train - Pulling,50,6127,7200,13327,H999,40.912085,-73.83221,35.1,29.6,40.0,-5.5,10.399999999999999,4.899999999999999,hot,Other
WC,1090958,2021-12-23,10:10 AM,Other (describe in narrative),0,MOUNTAIN IRON,MN,20,2.0,Day,Clear,Industry,Yard/switching,2,14826,0,14826,M404,47.556917,-92.616402,1.6,18.2,29.4,16.599999999999998,11.2,27.799999999999997,moderate,Other
IC,1147437,2024-03-28,10:15 AM,Fire/violent rupture,0,MULKEYTOWN,IL,63,2.0,Day,Clear,Main,Maint./inspect Car,5,269176,0,269176,M599,37.959652,-89.099527,43.9,47.2,59.2,3.3000000000000043,12.0,15.300000000000004,hot,Other
CSX,000163279,2016-05-09,2:50 AM,Fire/violent rupture,0,MUNCIE,IN,80,4.0,Dark,Clear,Main,Light loco(s),30,170248,0,170248,M406,40.187,-85.393897,52.1,54.1,63.8,2.0,9.699999999999996,11.699999999999996,hot,Other
CSX,000194667,2020-12-26,4:06 PM,Derailment,0,MURFREESBORO,TN,45,3.0,Dusk,Clear,Yard,Yard/switching,7,134547,8157,142704,H303,35.800594,-86.38926,21.2,31.7,45.8,10.5,14.099999999999998,24.599999999999998,hot,Other
NS,123241,2016-12-21,2:05 AM,Other impacts,0,MUSCLE SHOALS,AL,28,4.0,Dark,Clear,Yard,Yard/switching,2,89941,0,89941,E09C,34.712551,-87.616781,34.8,42.9,50.5,8.100000000000001,7.600000000000001,15.700000000000003,hot,Other