reportingrailroadcode,accidentnumber,date,time,accidenttype,hazmatreleasedcars,station,stateabbr,temperature,visibility_code,visibility,weathercondition,tracktype,equipmenttype,trainspeed,equipmentdamagecost,trackdamagecost,totaldamagecost,primaryaccidentcausecode,latitude,longitude,prior_temp,actual_temp,following_temp,before_temp_change,after_temp_change,across_temp_change,temp_category,accident_category
NS,127229,2017-10-29,11:30 PM,Other (describe in narrative),0,MUSCLE SHOALS,AL,40,4.0,Dark,Cloudy,Yard,Yard/switching,4,0,24133,24133,M408,34.712551,-87.616781,45.6,43.8,50.7,-1.8000000000000043,6.900000000000006,5.100000000000001,hot,Other
NS,131456,2018-10-27,3:10 PM,Derailment,0,MUSCLE SHOALS,AL,63,2.0,Day,Clear,Yard,Yard/switching,6,175349,1158,176507,T314,34.712551,-87.616781,54.6,54.5,61.3,-0.10000000000000142,6.799999999999997,6.699999999999996,hot,Track-related
CSX,000202589,2022-01-22,10:00 AM,Other impacts,0,NASHVILLE,TN,26,2.0,Day,Clear,Yard,Yard/switching,7,14000,0,14000,M201,36.112136,-86.770713,23.7,25.1,35.3,1.4000000000000021,10.199999999999996,11.599999999999998,moderate,Other
CSX,000190186,2020-05-13,7:30 AM,Other impacts,0,NASHVILLE,TN,55,2.0,Day,Rain,Yard,Cut of cars,9,17558,96,17654,M408,36.112142,-86.770737,54.6,59.2,71.2,4.600000000000001,12.0,16.6,hot,Other
CSX,000204122,2022-04-09,4:35 PM,Derailment,0,NASHVILLE,TN,58,2.0,Day,Clear,Yard,Yard/switching,2,11146,350,11496,E41C,36.112136,-86.770713,44.0,47.5,57.8,3.5,10.299999999999997,13.799999999999997,hot,Other
CSX,000203356,2022-03-01,7:45 AM,Derailment,0,NASHVILLE,TN,39,1.0,Dawn,Clear,Yard,Yard/switching,4,170340,50800,221140,H504,36.112136,-86.770713,43.5,51.8,61.7,8.299999999999997,9.900000000000006,18.200000000000003,hot,Other
CSX,000180293,2018-12-12,6:10 AM,Derailment,0,NASHVILLE,TN,29,4.0,Dark,Clear,Yard,Yard/switching,10,25010,20210,45220,S007,36.112142,-86.770737,33.7,45.4,52.4,11.699999999999996,7.0,18.699999999999996,hot,Other
CSX,000216361,2024-02-25,11:12 AM,Other impacts,0,NASHVILLE,TN,55,2.0,Day,Clear,Yard,Single Car,0,100,0,17100,S016,36.112136,-86.770713,45.2,48.5,65.5,3.299999999999997,17.0,20.299999999999997,hot,Other
CSX,000216361,2024-02-25,11:12 AM,Other impacts,0,NASHVILLE,TN,55,2.0,Day,Clear,Yard,Single Car,6,17000,0,17100,S016,36.112136,-86.770713,45.2,48.5,65.5,3.299999999999997,17.0,20.299999999999997,hot,Other
CSX,000140155,2015-01-16,2:43 AM,Other impacts,0,NASHVILLE,TN,30,4.0,Dark,Clear,Yard,Cut of cars,0,0,0,15100,M407,36.169386,-86.785302,32.6,37.0,43.6,4.399999999999999,6.600000000000001,11.0,hot,Other
CSX,000187302,2019-12-22,7:14 PM,Other impacts,0,NASHVILLE,TN,44,3.0,Dusk,Rain,Yard,Yard/switching,6,26833,0,27153,H999,36.112142,-86.770737,44.7,46.7,55.2,2.0,8.5,10.5,hot,Other
CSX,000216684,2024-03-11,1:10 PM,Other impacts,0,NASHVILLE,TN,60,2.0,Day,Clear,Yard,Cut of cars,10,13304,0,13304,H399,36.112136,-86.770713,44.4,45.4,53.7,1.0,8.300000000000004,9.300000000000004,hot,Other
CSX,000140155,2015-01-16,2:43 AM,Other impacts,0,NASHVILLE,TN,30,4.0,Dark,Clear,Yard,Cut of cars,12,15000,100,15100,M407,36.169386,-86.785302,32.6,37.0,43.6,4.399999999999999,6.600000000000001,11.0,hot,Other
CSX,000172986,2017-11-20,8:00 PM,Derailment,0,NASHVILLE,TN,45,4.0,Dark,Clear,Yard,Yard/switching,5,300709,9476,310185,M409,36.112142,-86.770737,41.4,38.3,46.3,-3.1000000000000014,8.0,4.899999999999999,hot,Other
CSX,000187302,2019-12-22,7:14 PM,Other impacts,0,NASHVILLE,TN,44,3.0,Dusk,Rain,Yard,Single Car,0,0,320,27153,H999,36.112142,-86.770737,44.7,46.7,55.2,2.0,8.5,10.5,hot,Other
CSX,000201792,2021-12-09,5:50 PM,Derailment,0,NASHVILLE,TN,53,3.0,Dusk,Clear,Yard,Freight Train,7,15847,3000,18847,M208,36.112136,-86.770713,42.5,48.7,62.3,6.200000000000003,13.599999999999994,19.799999999999997,hot,Other
CSX,000201270,2021-10-23,10:56 PM,Other impacts,0,NASHVILLE,TN,60,4.0,Dark,Clear,Yard,Cut of cars,10,43667,121,43788,M407,36.112142,-86.770737,55.3,57.4,67.7,2.1000000000000014,10.300000000000004,12.400000000000006,hot,Other
NERR,11232017,2017-11-23,3:13 AM,Derailment,0,NASHVILLE,TN,31,4.0,Dark,Clear,Yard,Freight Train,0,0,51716,51716,H503,0.0,0.0,39.5,38.4,45.6,-1.1000000000000014,7.200000000000003,6.100000000000001,hot,Other
CSX,000180116,2018-11-28,11:16 AM,Derailment,0,NASHVILLE,TN,41,2.0,Day,Clear,Yard,Freight Train,8,118732,0,214948,T207,36.112142,-86.770737,29.8,29.4,45.0,-0.40000000000000213,15.600000000000001,15.2,hot,Track-related
CSX,000180116,2018-11-28,11:16 AM,Derailment,0,NASHVILLE,TN,41,2.0,Day,Clear,Yard,Cut of cars,8,40000,56216,214948,T207,36.112142,-86.770737,29.8,29.4,45.0,-0.40000000000000213,15.600000000000001,15.2,hot,Track-related
UP,0518KC020,2018-05-25,5:00 PM,Obstruction,0,NEBRASKA CITY,NE,91,2.0,Day,Clear,Main,Freight Train,15,0,33,21484,H402,40.656422,-95.876257,77.5,78.3,85.1,0.7999999999999972,6.799999999999997,7.599999999999994,hot,Other
UP,0518KC020,2018-05-25,5:00 PM,Obstruction,0,NEBRASKA CITY,NE,91,2.0,Day,Clear,Main,Maint./inspect Car,20,21451,0,21484,H402,40.656422,-95.876257,77.5,78.3,85.1,0.7999999999999972,6.799999999999997,7.599999999999994,hot,Other
UP,0215KC002,2015-02-05,6:32 AM,Derailment,0,NEBRASKA CITY,NE,-10,1.0,Dawn,Cloudy,Industry,Freight Train,3,193532,13998,207530,M404,40.668582,-95.855391,16.6,9.1,31.8,-7.500000000000002,22.700000000000003,15.2,cold,Other
BNSF,SF0116112,2016-01-23,9:49 PM,Derailment,0,NEOSHO,MO,30,4.0,Dark,Clear,Main,Freight Train,17,27017,1500,28517,E21C,36.915369,-94.343742,26.9,30.1,42.8,3.200000000000003,12.699999999999996,15.899999999999999,hot,Other
RBMN,R02102001,2020-02-09,3:50 PM,Derailment,0,NESQUEHONING,PA,40,2.0,Day,Cloudy,Main,Freight Train,26,38880,108095,146975,T111,40.864136,-75.815305,29.7,32.9,40.5,3.1999999999999993,7.600000000000001,10.8,hot,Track-related
NS,122922,2016-11-28,11:45 AM,Other (describe in narrative),0,NEW ALBANY,KY,50,2.0,Day,Rain,Yard,Yard/switching,3,0,30566,30566,H318,38.263535,-85.801414,38.1,47.2,54.8,9.100000000000001,7.599999999999994,16.699999999999996,hot,Other
NS,141976,2021-06-23,11:35 PM,Other impacts,0,NEW BOSTON,OH,55,4.0,Dark,Clear,Yard,Cut of cars,0,38747,1236,40016,H018,38.745813,-82.940281,64.8,62.5,71.0,-2.299999999999997,8.5,6.200000000000003,hot,Other
NS,141976,2021-06-23,11:35 PM,Other impacts,0,NEW BOSTON,OH,55,4.0,Dark,Clear,Yard,Yard/switching,9,33,0,40016,H018,38.745813,-82.940281,64.8,62.5,71.0,-2.299999999999997,8.5,6.200000000000003,hot,Other
NJTR,201806316,2018-01-31,6:15 AM,Obstruction,0,NEW BRUNSWICK,NJ,35,1.0,Dawn,Clear,Yard,EMU,5,13609,0,13609,M507,0.0,0.0,31.6,24.8,36.6,-6.800000000000001,11.8,5.0,moderate,Other
NJTR,202103092,2021-02-22,8:20 PM,Other impacts,0,NEW BRUNSWICK,NJ,35,4.0,Dark,Clear,Yard,EMU,7,30287,0,30287,H607,40.471733,-74.473354,27.5,31.8,38.6,4.300000000000001,6.800000000000001,11.100000000000001,hot,Other
ATK,162667,2020-01-02,9:14 PM,Other (describe in narrative),0,NEW BRUNSWICK,NJ,42,4.0,Dark,Clear,Yard,EMU,0,0,1613,12827,E78L,40.477353,-74.47079,36.6,36.2,45.1,-0.3999999999999986,8.899999999999999,8.5,hot,Other
NJTR,202001004,2020-01-02,9:14 PM,Other (describe in narrative),0,NEW BRUNSWICK,NJ,42,4.0,Dark,Clear,Yard,EMU,10,11214,0,12827,E78L,40.477353,-74.47079,36.6,36.2,45.1,-0.3999999999999986,8.899999999999999,8.5,hot,Other
NJTR,201702042,2017-01-09,5:58 AM,Other (describe in narrative),0,NEW BRUNSWICK,NJ,30,4.0,Dark,Clear,Main,Commuter Train - Pulling,40,11000,0,12000,T404,40.448642,-74.490379,19.0,15.7,24.7,-3.3000000000000007,9.0,5.699999999999999,moderate,Track-related
NS,129522,2018-05-19,3:15 AM,Derailment,0,NEW FLORENCE,PA,55,4.0,Dark,Rain,Main,Freight Train,25,15250,33374,48624,E51C,40.373256,-79.114959,61.5,56.1,66.4,-5.399999999999999,10.300000000000004,4.900000000000006,hot,Other
GRS,20210315G1,2021-03-15,11:45 PM,Hwy-rail crossing,0,NEW GLOUCESTER,ME,32,4.0,Dark,Clear,Main,Freight Train,25,0,15001,15001,M302,43.85387,-70.24439,26.6,12.5,22.7,-14.100000000000001,10.2,-3.900000000000002,cold,Other
CDOT,172570,2022-10-30,8:03 AM,Obstruction,0,NEW HAVEN,CT,42,2.0,Day,Clear,Yard,Light loco(s),0,2688,82789,184982,H099,41.295285,-72.928377,47.0,46.3,56.1,-0.7000000000000028,9.800000000000004,9.100000000000001,hot,Other
CDOT,172570,2022-10-30,8:03 AM,Obstruction,0,NEW HAVEN,CT,42,2.0,Day,Clear,Yard,Light loco(s),5,16716,82789,184982,H099,41.295285,-72.928377,47.0,46.3,56.1,-0.7000000000000028,9.800000000000004,9.100000000000001,hot,Other
MNCW,2017112411,2017-11-24,9:45 AM,Obstruction,0,NEW HAVEN,CT,42,2.0,Day,Clear,Yard,Yard/switching,1,19000,1000,20000,H999,41.29663,-72.92569,37.1,37.8,46.3,0.6999999999999957,8.5,9.199999999999996,hot,Other
NS,135251,2019-08-26,3:05 PM,Derailment,0,NEW HAVEN,IN,69,2.0,Day,Rain,Yard,Freight Train,3,28595,300,28895,T314,41.074342,-85.053839,64.1,65.8,72.7,1.7000000000000028,6.900000000000006,8.600000000000009,hot,Track-related
CSX,000208819,2022-12-14,9:10 AM,Derailment,0,NEW MARTINSVILLE,WV,53,2.0,Day,Clear,Yard,Freight Train,2,57174,574,57748,H702,39.634455,-80.864163,36.0,36.7,45.1,0.7000000000000028,8.399999999999999,9.100000000000001,hot,Other
CSX,000215402,2024-01-08,5:00 PM,Derailment,0,NEW MARTINSVILLE,WV,40,3.0,Dusk,Clear,Yard,Freight Train,3,26773,1155,27928,H702,39.634455,-80.864163,35.5,35.0,42.8,-0.5,7.799999999999997,7.299999999999997,hot,Other
NOPB,020150405T,2015-04-05,7:00 PM,Other impacts,0,NEW ORLEANS,LA,80,3.0,Dusk,Clear,Yard,Yard/switching,4,11074,0,11074,H018,29.915593,-90.106228,68.8,68.6,76.0,-0.20000000000000284,7.400000000000006,7.200000000000003,hot,Other
NS,137107,2020-02-09,3:10 PM,Other impacts,0,NEW ORLEANS,LA,72,2.0,Day,Clear,Yard,Single Car,6,4000,0,14881,H312,29.973692,-90.045276,60.6,64.5,71.2,3.8999999999999986,6.700000000000003,10.600000000000001,hot,Other
NS,137107,2020-02-09,3:10 PM,Other impacts,0,NEW ORLEANS,LA,72,2.0,Day,Clear,Yard,Single Car,6,4000,6881,14881,H312,29.973692,-90.045276,60.6,64.5,71.2,3.8999999999999986,6.700000000000003,10.600000000000001,hot,Other
NOPB,D20150301E,2015-03-01,6:15 PM,Derailment,0,NEW ORLEANS,LA,58,4.0,Dark,Clear,Industry,Freight Train,5,45868,16337,62205,M507,30.00468,-90.02233,52.6,58.9,65.8,6.299999999999997,6.899999999999999,13.199999999999996,hot,Other
NOPB,D20180405T,2018-04-05,12:05 AM,Derailment,0,NEW ORLEANS,LA,55,4.0,Dark,Clear,Yard,Freight Train,5,3680,9530,13210,T319,29.91598,-90.102899,67.8,62.3,70.3,-5.5,8.0,2.5,hot,Track-related
NJTR,201811531,2018-11-15,5:52 PM,Hwy-rail crossing,0,NEW PROVIDENCE,NJ,29,4.0,Dark,Snow,Main,EMU,53,9525,9321,18846,M306,40.687793,-74.416781,36.7,30.9,38.7,-5.800000000000004,7.800000000000004,2.0,hot,Other
BNSF,TC1119201,2019-11-07,10:58 AM,Hwy-rail crossing,0,NEW ROCKFORD,ND,32,2.0,Day,Cloudy,Main,Freight Train,59,300000,0,300000,M302,47.630847,-99.005898,14.7,15.4,28.9,0.7000000000000011,13.499999999999998,14.2,cold,Other
RCPE,826918D,2018-10-23,11:15 AM,Derailment,0,NEW UNDERWOOD,SD,50,2.0,Day,Clear,Main,Freight Train,38,2500,10950,13450,E53C,44.046978,-102.661251,46.9,47.9,55.9,1.0,8.0,9.0,hot,Other
ATK,177434,2023-11-21,11:55 AM,Derailment,0,NEW YORK,NY,48,2.0,Day,Cloudy,Main,Freight Train,0,0,0,85960,E49C,40.750477,-73.994749,41.0,41.4,51.7,0.3999999999999986,10.300000000000004,10.700000000000003,hot,Other
ATK,160161,2019-07-19,11:40 AM,Other (describe in narrative),0,NEW YORK,NY,90,2.0,Day,Clear,Yard,Light loco(s),10,27364,0,27364,H399,40.739824,-73.935415,75.1,81.5,89.4,6.400000000000006,7.900000000000006,14.300000000000011,hot,Other
ATK,171417,2022-05-26,6:35 AM,Other (describe in narrative),0,NEW YORK,NY,51,1.0,Dawn,Clear,Main,Passenger Train - Pulling,0,0,9715,26033,E78L,40.754507,-74.003118,60.8,62.7,69.4,1.9000000000000057,6.700000000000003,8.600000000000009,hot,Other
ATK,169780,2022-02-02,3:04 PM,Other (describe in narrative),0,NEW YORK,NY,72,2.0,Day,Clear,Main,Passenger Train - Pulling,0,0,60580,82698,E78L,40.7506,-73.9935,29.4,38.1,44.7,8.700000000000003,6.600000000000001,15.300000000000004,hot,Other
ATK,157298,2019-01-23,7:53 AM,Other (describe in narrative),0,NEW YORK,NY,32,2.0,Day,Clear,Main,EMU,0,0,564,11065,T404,40.750592,-73.993538,22.0,38.0,50.2,16.0,12.200000000000003,28.200000000000003,hot,Track-related
ATK,162700,2020-01-09,11:35 PM,Derailment,0,NEW YORK,NY,40,4.0,Dark,Clear,Yard,Light loco(s),5,31034,800,31834,T111,40.743163,-73.922891,35.0,28.8,44.4,-6.199999999999999,15.599999999999998,9.399999999999999,hot,Track-related
MNCW,75777,2021-10-19,11:30 AM,Obstruction,0,NEW YORK -BRONX,NY,57,2.0,Day,Clear,Main,Spec. MoW Equip.,0,800,0,32774,H607,40.90077,-73.859155,53.7,57.0,67.0,3.299999999999997,10.0,13.299999999999997,hot,Other
MNCW,75777,2021-10-19,11:30 AM,Obstruction,0,NEW YORK -BRONX,NY,57,2.0,Day,Clear,Main,Spec. MoW Equip.,11,15912,0,32774,H607,40.90077,-73.859155,53.7,57.0,67.0,3.299999999999997,10.0,13.299999999999997,hot,Other
MNCW,2018022426,2018-02-23,11:05 PM,Obstruction,0,NEW YORK -BRONX,NY,30,4.0,Dark,Clear,Yard,Light loco(s),5,0,64000,64000,H997,40.834565,-73.932162,44.9,38.3,47.3,-6.600000000000001,9.0,2.3999999999999986,hot,Other
MNCW,75777,2021-10-19,11:30 AM,Obstruction,0,NEW YORK -BRONX,NY,57,2.0,Day,Clear,Main,Spec. MoW Equip.,0,2100,0,32774,H607,40.90077,-73.859155,53.7,57.0,67.0,3.299999999999997,10.0,13.299999999999997,hot,Other
MNCW,75777,2021-10-19,11:30 AM,Obstruction,0,NEW YORK -BRONX,NY,57,2.0,Day,Clear,Main,Spec. MoW Equip.,0,13962,0,32774,H607,40.90077,-73.859155,53.7,57.0,67.0,3.299999999999997,10.0,13.299999999999997,hot,Other
CSX,000170209,2017-07-14,3:30 AM,Derailment,0,NEW YORK -BRONX,NY,68,4.0,Dark,Cloudy,Yard,Freight Train,0,0,2351,50249,T311,40.804146,-73.908687,83.4,68.5,75.2,-14.900000000000006,6.700000000000003,-8.200000000000003,hot,Track-related
PW,PWR366117R,2017-07-14,3:30 AM,Derailment,0,NEW YORK -BRONX,NY,68,4.0,Dark,Cloudy,Yard,Freight Train,10,47898,0,50249,T311,40.804147,-73.908687,83.4,68.5,75.2,-14.900000000000006,6.700000000000003,-8.200000000000003,hot,Track-related
NJTR,201703105,2017-03-24,9:00 AM,Derailment,0,NEW YORK NEW YORK,NY,42,2.0,Day,Clear,Main,Commuter Train - Pulling,5,53271,0,342031,T217,40.751731,-73.996882,32.6,45.4,52.7,12.799999999999997,7.300000000000004,20.1,hot,Other
ATK,146813,2017-03-24,9:00 AM,Derailment,0,NEW YORK NEW YORK,NY,42,2.0,Day,Clear,Main,Passenger Train - Pulling,5,288760,0,342031,T217,40.751731,-73.996882,32.6,45.4,52.7,12.799999999999997,7.300000000000004,20.1,hot,Other
NJTR,202312549,2023-11-21,11:55 AM,Derailment,0,NEW YORK NEW YORK,NY,48,2.0,Day,Cloudy,Main,Commuter Train - Pushing,5,85960,0,85960,E49C,40.750477,-73.994749,41.0,41.4,51.7,0.3999999999999986,10.300000000000004,10.700000000000003,hot,Other
MNCW,76450,2022-02-01,6:30 AM,Other impacts,0,NEW YORK NEW YORK,NY,15,1.0,Dawn,Clear,Yard,EMU,0,49938,0,49938,M507,40.75409,-73.97536,25.0,29.4,38.1,4.399999999999999,8.700000000000003,13.100000000000001,hot,Other
LI,75957,2021-11-11,3:30 AM,Other impacts,0,NEW YORK NEW YORK,NY,48,4.0,Dark,Clear,Yard,EMU,2,15542,0,15542,E31C,40.755131,-74.004172,59.0,53.9,61.6,-5.100000000000001,7.700000000000003,2.6000000000000014,hot,Other
NJTR,202206237,2022-05-26,6:35 AM,Other (describe in narrative),0,NEW YORK NEW YORK,NY,51,1.0,Dawn,Clear,Main,EMU,5,16318,0,26033,T404,40.754507,-74.003118,60.8,62.7,69.4,1.9000000000000057,6.700000000000003,8.600000000000009,hot,Track-related
NJTR,201909509,2019-01-23,7:57 AM,Other (describe in narrative),0,NEW YORK NEW YORK,NY,32,2.0,Day,Clear,Main,Commuter Train - Pulling,5,10501,0,11065,T404,40.750592,-73.993538,22.0,38.0,50.2,16.0,12.200000000000003,28.200000000000003,hot,Track-related
NYA,122619,2019-12-26,7:35 PM,Derailment,0,NEW YORK -QUEENS,NY,40,4.0,Dark,Clear,Yard,Yard/switching,5,31083,4630,35713,T220,40.710204,-73.894884,37.7,39.9,49.9,2.1999999999999957,10.0,12.199999999999996,hot,Other
NYA,NYA000043,2022-01-04,11:50 PM,Derailment,0,NEW YORK-KINGS,NY,30,4.0,Dark,Clear,Yard,Yard/switching,7,7328,22800,30128,E44C,40.637529,-74.021243,30.6,27.2,39.4,-3.400000000000002,12.2,8.799999999999997,hot,Other
CRSH,118866,2016-01-09,9:30 PM,Raking collision,0,NEWARK,NJ,42,4.0,Dark,Rain,Yard,Yard/switching,2,248,0,121784,H316,40.706713,-74.13466,39.2,44.4,52.5,5.199999999999996,8.100000000000001,13.299999999999997,hot,Other
CRSH,118866,2016-01-09,9:30 PM,Raking collision,0,NEWARK,NJ,42,4.0,Dark,Rain,Yard,Yard/switching,7,116536,5000,121784,H316,40.706713,-74.13466,39.2,44.4,52.5,5.199999999999996,8.100000000000001,13.299999999999997,hot,Other
NS,152250,2023-02-07,8:40 AM,Other (describe in narrative),0,NEWARK,NJ,40,2.0,Day,Clear,Yard,Freight Train,8,12000,0,12000,H702,40.707791,-74.143552,43.2,36.2,46.0,-7.0,9.799999999999997,2.799999999999997,hot,Other
ATK,166702,2021-03-25,12:40 AM,Obstruction,0,NEWARK,NJ,57,4.0,Dark,Rain,Main,Spec. MoW Equip.,10,0,0,32006,H607,40.715136,-74.177267,52.0,57.1,64.2,5.100000000000001,7.100000000000001,12.200000000000003,hot,Other
ATK,166702,2021-03-25,12:40 AM,Obstruction,0,NEWARK,NJ,57,4.0,Dark,Rain,Main,Spec. MoW Equip.,0,16003,0,32006,H607,40.715136,-74.177267,52.0,57.1,64.2,5.100000000000001,7.100000000000001,12.200000000000003,hot,Other
CRSH,140159,2021-01-01,4:00 AM,Other impacts,0,NEWARK,NJ,37,1.0,Dawn,Clear,Yard,Yard/switching,5,915,500,168153,H317,40.706693,-74.133706,42.5,34.8,41.9,-7.700000000000003,7.100000000000001,-0.6000000000000014,hot,Other
CRSH,140159,2021-01-01,4:00 AM,Other impacts,0,NEWARK,NJ,37,1.0,Dawn,Clear,Yard,Yard/switching,5,166738,0,168153,H317,40.706693,-74.133706,42.5,34.8,41.9,-7.700000000000003,7.100000000000001,-0.6000000000000014,hot,Other
ATK,166702,2021-03-25,12:40 AM,Obstruction,0,NEWARK,NJ,50,4.0,Dark,Rain,Main,Spec. MoW Equip.,5,16003,0,32006,H699,40.715136,-74.177267,52.0,57.1,64.2,5.100000000000001,7.100000000000001,12.200000000000003,hot,Other
CRSH,143399,2021-11-07,6:43 PM,Derailment,0,NEWARK,NJ,50,3.0,Dusk,Clear,Yard,Yard/switching,7,2482958,277031,2759989,H704,40.711028,-74.144926,45.2,46.0,55.7,0.7999999999999972,9.700000000000003,10.5,hot,Other
CRSH,119172,2016-01-30,4:45 AM,Derailment,0,NEWARK,NJ,28,1.0,Dawn,Clear,Yard,Freight Train,4,24999,4000,28999,T110,40.713668,-74.142477,35.7,32.7,40.8,-3.0,8.099999999999994,5.099999999999994,hot,Track-related
CSX,000167261,2017-03-07,3:11 PM,Hwy-rail crossing,0,NEWBURGH,NY,52,2.0,Day,Cloudy,Siding,Spec. MoW Equip.,0,330000,0,1888187,M303,41.4894,-74.009238,29.0,41.0,50.1,12.0,9.100000000000001,21.1,hot,Other
CSX,000167261,2017-03-07,3:11 PM,Hwy-rail crossing,0,NEWBURGH,NY,52,2.0,Day,Cloudy,Siding,Spec. MoW Equip.,0,850000,0,1888187,M303,41.4894,-74.009238,29.0,41.0,50.1,12.0,9.100000000000001,21.1,hot,Other
CSX,000167261,2017-03-07,3:11 PM,Hwy-rail crossing,0,NEWBURGH,NY,52,2.0,Day,Cloudy,Main,Freight Train,31,563100,145087,1888187,M303,41.4894,-74.009238,29.0,41.0,50.1,12.0,9.100000000000001,21.1,hot,Other
MBTA,YR202225,2022-02-20,4:50 AM,Obstruction,0,NEWBURYPORT,MA,19,1.0,Dawn,Clear,Main,Passenger Train - Pulling,61,83582,0,83582,M404,42.702497,-70.852653,25.6,23.3,40.5,-2.3000000000000007,17.2,14.899999999999999,moderate,Other
CUOH,CUO681315D,2015-01-15,3:13 AM,Derailment,0,NEWCOMERSTOWN,OH,10,4.0,Dark,Clear,Main,Freight Train,32,40500,14000,54500,E52C,40.279184,-81.585613,17.2,22.8,30.2,5.600000000000001,7.399999999999999,13.0,moderate,Other
NS,140709,2021-02-22,6:30 PM,Derailment,0,NEWPORT,PA,30,3.0,Dusk,Clear,Main,Freight Train,55,1167855,837721,2005576,E61C,40.498715,-77.135367,27.4,32.3,39.9,4.899999999999999,7.600000000000001,12.5,hot,Other
CSX,000203121,2022-02-16,8:30 AM,Other impacts,0,NEWPORT NEWS,VA,40,2.0,Day,Clear,Industry,Cut of cars,2,52418,0,60095,H302,37.017219,-76.448281,30.1,44.1,61.3,14.0,17.199999999999996,31.199999999999996,hot,Other
CSX,000203121,2022-02-16,8:30 AM,Other impacts,0,NEWPORT NEWS,VA,40,2.0,Day,Clear,Industry,Freight Train,2,7581,96,60095,H302,37.017219,-76.448281,30.1,44.1,61.3,14.0,17.199999999999996,31.199999999999996,hot,Other
BNSF,KS0220203,2020-02-21,9:22 AM,Hwy-rail crossing,0,NEWTON,KS,24,2.0,Day,Clear,Main,Freight Train,28,500,12990,13490,M308,38.042734,-97.351642,22.7,27.9,43.4,5.199999999999999,15.5,20.7,hot,Other
BNSF,KS1214101,2014-12-03,8:09 AM,Derailment,0,NEWTON,KS,30,1.0,Dawn,Clear,Yard,Yard/switching,5,11509,500,12009,H303,38.04472,-97.348179,27.2,33.8,41.3,6.599999999999998,7.5,14.099999999999998,hot,Other
BNSF,KS0123115,2023-01-26,10:36 PM,Derailment,0,NEWTON,KS,24,4.0,Dark,Clear,Yard,Freight Train,7,12829,21250,34079,E64C,38.025081,-97.375827,28.6,29.4,39.2,0.7999999999999972,9.800000000000004,10.600000000000001,hot,Other
NS,152714,2023-04-04,9:43 AM,Hwy-rail crossing,0,NORCROSS,GA,58,2.0,Day,Clear,Main,Freight Train,37,6189,16316,22505,M303,33.939098,-84.215302,54.0,64.3,73.2,10.299999999999997,8.900000000000006,19.200000000000003,hot,Other
NS,128340,2018-01-31,1:40 AM,Derailment,0,NORFOLK,VA,26,4.0,Dark,Clear,Yard,Cut of cars,2,3200,9850,13050,H999,36.873777,-76.301703,36.3,32.0,50.3,-4.299999999999997,18.299999999999997,14.0,hot,Other
NS,132309,2019-01-04,9:45 PM,Derailment,0,NORFOLK,VA,72,4.0,Dark,Cloudy,Yard,Cut of cars,4,500,41108,41608,M599,36.873777,-76.301703,49.1,49.5,57.2,0.3999999999999986,7.700000000000003,8.100000000000001,hot,Other
NS,133223,2019-03-14,6:15 PM,Other (describe in narrative),0,NORFOLK,VA,70,3.0,Dusk,Clear,Yard,Yard/switching,4,18963,5477,24440,H306,36.873777,-76.301703,45.2,59.1,69.0,13.899999999999999,9.899999999999999,23.799999999999997,hot,Other
SLWC,220122003,2022-01-22,8:00 AM,Derailment,0,NORGE,OK,22,2.0,Day,Clear,Main,Freight Train,21,250000,150000,400000,T210,34.991387,-98.057819,21.0,31.2,39.9,10.2,8.7,18.9,hot,Track-related
CSX,000187621,2020-01-01,9:30 AM,Side collision,0,NORTH BALTIMORE,OH,31,2.0,Day,Cloudy,Yard,Light loco(s),8,53430,12100,135451,H306,41.182016,-83.684342,31.9,34.2,43.9,2.3000000000000043,9.699999999999996,12.0,hot,Other
CSX,000187621,2020-01-01,9:30 AM,Side collision,0,NORTH BALTIMORE,OH,31,2.0,Day,Cloudy,Yard,Freight Train,5,69921,0,135451,H306,41.182016,-83.684342,31.9,34.2,43.9,2.3000000000000043,9.699999999999996,12.0,hot,Other
CSX,000179141,2018-10-05,10:15 PM,Raking collision,0,NORTH BALTIMORE,OH,61,4.0,Dark,Cloudy,Yard,Light loco(s),5,64,32,21412,H306,41.182016,-83.684342,71.9,56.2,73.3,-15.700000000000003,17.099999999999994,1.3999999999999915,hot,Other