reportingrailroadcode,accidentnumber,date,time,accidenttype,hazmatreleasedcars,station,stateabbr,temperature,visibility_code,visibility,weathercondition,tracktype,equipmenttype,trainspeed,equipmentdamagecost,trackdamagecost,totaldamagecost,primaryaccidentcausecode,latitude,longitude,prior_temp,actual_temp,following_temp,before_temp_change,after_temp_change,across_temp_change,temp_category,accident_category
CSX,000179141,2018-10-05,10:15 PM,Raking collision,0,NORTH BALTIMORE,OH,61,4.0,Dark,Cloudy,Yard,Light loco(s),5,21316,0,21412,H306,41.182016,-83.684342,71.9,56.2,73.3,-15.700000000000003,17.099999999999994,1.3999999999999915,hot,Other
CSX,000166373,2017-01-30,6:39 AM,Derailment,0,NORTH BALTIMORE,OH,25,4.0,Dark,Clear,Yard,Light loco(s),4,13350,1339,14689,H307,41.182016,-83.684343,28.6,26.0,35.8,-2.6000000000000014,9.799999999999997,7.199999999999996,moderate,Other
GRS,20210811N1,2021-08-11,4:56 PM,Obstruction,0,NORTH BERWICK,ME,87,2.0,Day,Cloudy,Main,Freight Train,0,0,0,14324,M404,43.286594,-70.752922,67.2,75.9,82.7,8.700000000000003,6.799999999999997,15.5,hot,Other
ATK,168043,2021-08-11,4:56 PM,Obstruction,0,NORTH BERWICK,ME,87,2.0,Day,Cloudy,Main,Passenger Train - Pulling,78,14324,0,14324,M404,43.286594,-70.752922,67.2,75.9,82.7,8.700000000000003,6.799999999999997,15.5,hot,Other
CSX,000181828,2019-03-13,5:20 PM,Side collision,0,NORTH CHARLESTON,SC,60,2.0,Day,Clear,Yard,Single Car,7,10764,97,11315,H318,32.85697,-80.022954,57.6,56.6,64.1,-1.0,7.499999999999993,6.499999999999993,hot,Other
CSX,000180903,2019-01-22,4:30 PM,Other impacts,0,NORTH CHARLESTON,SC,50,2.0,Day,Clear,Yard,Freight Train,7,113827,0,258251,H018,32.85697,-80.022954,36.0,39.9,57.7,3.8999999999999986,17.800000000000004,21.700000000000003,hot,Other
CSX,000194687,2020-12-27,8:21 PM,Derailment,0,NORTH CHARLESTON,SC,41,4.0,Dark,Clear,Yard,Freight Train,8,9450,2449,11899,H505,32.889354,-79.980004,33.3,40.6,49.1,7.300000000000004,8.5,15.800000000000004,hot,Other
CSX,000180903,2019-01-22,4:30 PM,Other impacts,0,NORTH CHARLESTON,SC,50,2.0,Day,Clear,Yard,Cut of cars,4,41932,102492,258251,H018,32.85697,-80.022954,36.0,39.9,57.7,3.8999999999999986,17.800000000000004,21.700000000000003,hot,Other
CSX,000181828,2019-03-13,5:20 PM,Side collision,0,NORTH CHARLESTON,SC,60,2.0,Day,Clear,Yard,Single Car,5,454,0,11315,H318,32.85697,-80.022954,57.6,56.6,64.1,-1.0,7.499999999999993,6.499999999999993,hot,Other
PR,2023120206,2023-12-15,9:00 PM,Derailment,0,NORTH CHARLESTON,SC,48,4.0,Dark,Clear,Yard,Freight Train,4,10500,500,11000,H306,32.90443,-79.9676,49.7,49.2,58.0,-0.5,8.799999999999997,8.299999999999997,hot,Other
UP,0120HL030,2020-01-21,7:29 AM,Derailment,0,NORTH ENID,OK,20,2.0,Day,Cloudy,Yard,Cut of cars,0,0,0,326274,H503,36.433915,-97.862847,31.3,31.1,38.0,-0.1999999999999993,6.899999999999999,6.699999999999999,hot,Other
UP,0120HL030,2020-01-21,7:29 AM,Derailment,0,NORTH ENID,OK,20,2.0,Day,Cloudy,Yard,Freight Train,2,260168,66106,326274,H503,36.433915,-97.862847,31.3,31.1,38.0,-0.1999999999999993,6.899999999999999,6.699999999999999,hot,Other
KAW,220220001,2022-02-20,7:30 AM,Derailment,0,NORTH KANSAS CITY,MO,55,1.0,Dawn,Clear,Industry,Yard/switching,5,0,28000,28000,T001,39.123563,-94.574815,28.8,47.3,54.4,18.499999999999996,7.100000000000001,25.599999999999998,hot,Track-related
NS,132817,2019-02-12,1:30 PM,Derailment,0,NORTH KANSAS CITY,MO,38,2.0,Day,Clear,Yard,Work train,5,4704,60633,65337,T110,39.146504,-94.548902,34.6,33.2,40.0,-1.3999999999999986,6.799999999999997,5.399999999999999,hot,Track-related
MBTA,202333,2023-03-20,4:52 PM,Other (describe in narrative),0,NORTH KINGSTOWN,RI,46,2.0,Day,Clear,Siding,Passenger Train - Pushing,79,111539,0,111539,H999,41.582509,-71.490545,34.9,36.1,43.8,1.2000000000000028,7.699999999999996,8.899999999999999,hot,Other
UP,1021MA039,2021-10-23,11:25 AM,Other impacts,0,NORTH LITTLE ROCK,AR,73,2.0,Day,Cloudy,Yard,Yard/switching,3,6901,0,138038,S016,34.775166,-92.221826,60.3,67.2,74.2,6.900000000000006,7.0,13.900000000000006,hot,Other
UP,0417LK005,2017-04-07,7:21 PM,Derailment,0,NORTH LITTLE ROCK,AR,74,2.0,Day,Clear,Yard,Single Car,0,516,0,304336,M405,34.763996,-92.260131,56.1,55.7,62.5,-0.3999999999999986,6.799999999999997,6.399999999999999,hot,Other
UP,1021MA039,2021-10-23,11:25 AM,Other impacts,0,NORTH LITTLE ROCK,AR,73,2.0,Day,Cloudy,Yard,Single Car,3,131137,0,138038,S016,34.775166,-92.221826,60.3,67.2,74.2,6.900000000000006,7.0,13.900000000000006,hot,Other
UP,1018LK033,2018-10-29,8:48 AM,Other impacts,0,NORTH LITTLE ROCK,AR,80,2.0,Day,Clear,Yard,Yard/switching,4,487,13310,14284,M411,34.774857,-92.220709,63.1,58.7,65.5,-4.399999999999999,6.799999999999997,2.3999999999999986,hot,Other
UP,0121MA030,2021-01-23,9:14 AM,Other impacts,0,NORTH LITTLE ROCK,AR,34,2.0,Day,Cloudy,Yard,Yard/switching,4,652,23012,23936,M411,34.77479,-92.224544,44.9,38.8,47.1,-6.100000000000001,8.300000000000004,2.200000000000003,hot,Other
UP,0121MA030,2021-01-23,9:14 AM,Other impacts,0,NORTH LITTLE ROCK,AR,34,2.0,Day,Cloudy,Yard,Single Car,0,272,0,23936,M411,34.77479,-92.224544,44.9,38.8,47.1,-6.100000000000001,8.300000000000004,2.200000000000003,hot,Other
UP,1221MA027,2021-12-26,4:10 AM,Other impacts,0,NORTH LITTLE ROCK,AR,55,1.0,Dawn,Fog,Yard,Yard/switching,5,169313,952,174447,H307,34.780699,-92.211087,68.6,61.2,68.1,-7.3999999999999915,6.8999999999999915,-0.5,hot,Other
UP,1221MA027,2021-12-26,4:10 AM,Other impacts,0,NORTH LITTLE ROCK,AR,55,1.0,Dawn,Fog,Yard,Yard/switching,0,4182,0,174447,H307,34.780699,-92.211087,68.6,61.2,68.1,-7.3999999999999915,6.8999999999999915,-0.5,hot,Other
UP,0415LK012,2015-04-11,6:45 PM,Derailment,0,NORTH LITTLE ROCK,AR,71,2.0,Day,Clear,Yard,Yard/switching,8,225,21877,22102,S006,34.763821,-92.260122,60.8,60.6,67.2,-0.19999999999999574,6.600000000000001,6.400000000000006,hot,Other
UP,0417LK005,2017-04-07,7:21 PM,Derailment,0,NORTH LITTLE ROCK,AR,74,2.0,Day,Clear,Yard,Yard/switching,6,176374,127446,304336,M405,34.763996,-92.260131,56.1,55.7,62.5,-0.3999999999999986,6.799999999999997,6.399999999999999,hot,Other
UP,1018LK033,2018-10-29,8:48 AM,Other impacts,0,NORTH LITTLE ROCK,AR,80,2.0,Day,Clear,Yard,Single Car,4,487,0,14284,M411,34.774857,-92.220709,63.1,58.7,65.5,-4.399999999999999,6.799999999999997,2.3999999999999986,hot,Other
UP,0323MA019,2023-03-15,5:02 AM,Derailment,0,NORTH LITTLE ROCK,AR,35,1.0,Dawn,Clear,Yard,Yard/switching,8,50577,0,102264,T210,34.774465,-92.225579,41.9,46.0,56.8,4.100000000000001,10.799999999999997,14.899999999999999,hot,Track-related
UP,0323MA019,2023-03-15,5:02 AM,Derailment,0,NORTH LITTLE ROCK,AR,35,1.0,Dawn,Clear,Yard,Cut of cars,6,49102,2585,102264,T210,34.774465,-92.225579,41.9,46.0,56.8,4.100000000000001,10.799999999999997,14.899999999999999,hot,Track-related
UP,0618NP016,2018-06-13,7:31 PM,Derailment,0,NORTH PLATTE,NE,80,2.0,Day,Cloudy,Yard,Yard/switching,4,31381,5040,36421,M411,41.152459,-100.822993,68.6,72.5,82.8,3.9000000000000057,10.299999999999997,14.200000000000003,hot,Other
UP,0423GP011,2023-04-10,2:37 PM,Other impacts,0,NORTH PLATTE,NE,72,2.0,Day,Clear,Yard,Cut of cars,15,0,0,323657,M407,41.146889,-100.837752,57.7,56.0,66.9,-1.7000000000000028,10.900000000000006,9.200000000000003,hot,Other
UP,0423GP011,2023-04-10,2:37 PM,Other impacts,0,NORTH PLATTE,NE,72,2.0,Day,Clear,Yard,Yard/switching,0,321137,2520,323657,M407,41.146889,-100.837752,57.7,56.0,66.9,-1.7000000000000028,10.900000000000006,9.200000000000003,hot,Other
UP,1222GP039,2022-12-23,12:00 PM,Other (describe in narrative),0,NORTH PLATTE,NE,5,2.0,Day,Clear,Yard,Single Car,0,13657,0,13657,M507,41.151429,-100.871932,-8.8,-1.4,11.4,7.4,12.8,20.200000000000003,cold,Other
UP,0122GP031,2022-01-20,1:06 PM,Other impacts,0,NORTH PLATTE,NE,13,2.0,Day,Cloudy,Yard,Yard/switching,5,41399,0,41399,E49C,41.146686,-100.837987,16.5,10.3,20.1,-6.199999999999999,9.8,3.6000000000000014,cold,Other
UP,0418NP012,2018-04-16,5:09 PM,Other impacts,0,NORTH PLATTE,NE,52,2.0,Day,Clear,Yard,Yard/switching,7,12354,15200,33303,M411,41.146788,-100.833913,26.2,34.5,44.6,8.3,10.100000000000001,18.400000000000002,hot,Other
UP,0623GP022,2023-06-17,3:27 PM,Derailment,0,NORTH PLATTE,NE,73,2.0,Day,Clear,Yard,Yard/switching,7,41875,119160,161035,H607,41.1473,-100.830796,65.2,63.9,71.1,-1.3000000000000043,7.199999999999996,5.8999999999999915,hot,Other
UP,0315NP038,2015-03-31,5:30 AM,Derailment,0,NORTH PLATTE,NE,50,4.0,Dark,Clear,Yard,Freight Train,7,7686,4814,12500,H303,41.15313,-100.870713,54.5,55.2,64.2,0.7000000000000028,9.0,9.700000000000003,hot,Other
UP,0418NP012,2018-04-16,5:09 PM,Other impacts,0,NORTH PLATTE,NE,52,2.0,Day,Clear,Yard,Single Car,0,5749,0,33303,M411,41.146788,-100.833913,26.2,34.5,44.6,8.3,10.100000000000001,18.400000000000002,hot,Other
UP,0118NP007,2018-01-06,8:48 PM,Other impacts,0,NORTH PLATTE,NE,18,4.0,Dark,Cloudy,Yard,Yard/switching,4,5717,0,12855,M411,41.15221,-100.819072,17.0,16.7,32.9,-0.3000000000000007,16.2,15.899999999999999,moderate,Other
UP,1123GP012,2023-11-10,7:45 PM,Derailment,0,NORTH PLATTE,NE,41,3.0,Dusk,Clear,Yard,Yard/switching,4,8740,5280,14020,E67C,41.153953,-100.871933,35.0,35.3,43.1,0.29999999999999716,7.800000000000004,8.100000000000001,hot,Other
UP,0218NP039,2018-02-16,12:00 PM,Fire/violent rupture,0,NORTH PLATTE,NE,33,2.0,Day,Clear,Yard,Light loco(s),0,16000,0,16000,E74L,41.145307,-100.832668,32.8,24.0,35.2,-8.799999999999997,11.200000000000003,2.4000000000000057,moderate,Other
UP,1222GP030,2022-12-24,4:45 AM,Derailment,0,NORTH PLATTE,NE,5,1.0,Dawn,Clear,Yard,Yard/switching,4,22461,22000,44461,M409,41.152091,-100.819102,-1.4,11.4,23.7,12.8,12.299999999999999,25.099999999999998,cold,Other
UP,1222GP029,2022-12-24,2:06 AM,Other impacts,0,NORTH PLATTE,NE,3,4.0,Dark,Clear,Yard,Single Car,0,10993,0,40986,S016,41.146781,-100.832939,-1.4,11.4,23.7,12.8,12.299999999999999,25.099999999999998,cold,Other
UP,1222GP029,2022-12-24,2:06 AM,Other impacts,0,NORTH PLATTE,NE,3,4.0,Dark,Clear,Yard,Yard/switching,21,29894,99,40986,S016,41.146781,-100.832939,-1.4,11.4,23.7,12.8,12.299999999999999,25.099999999999998,cold,Other
UP,0921GP029,2021-09-25,10:45 AM,Other impacts,0,NORTH PLATTE,NE,63,2.0,Day,Clear,Yard,Yard/switching,0,0,0,86297,M407,41.151168,-100.817313,60.4,62.7,69.4,2.3000000000000043,6.700000000000003,9.000000000000007,hot,Other
UP,0415NP010,2015-04-13,5:00 AM,Derailment,0,NORTH PLATTE,NE,38,4.0,Dark,Cloudy,Yard,Yard/switching,7,14930,128236,143166,H704,41.144081,-100.793337,59.5,48.3,56.6,-11.200000000000003,8.300000000000004,-2.8999999999999986,hot,Other
UP,0220GP016,2020-02-13,9:21 PM,Other impacts,0,NORTH PLATTE,NE,18,4.0,Dark,Clear,Yard,Yard/switching,1,26508,66,58018,S016,41.146011,-100.835028,26.4,14.2,28.2,-12.2,14.0,1.8000000000000007,cold,Other
UP,0324GP017,2024-03-11,4:30 PM,Derailment,0,NORTH PLATTE,NE,62,2.0,Day,Cloudy,Yard,Yard/switching,4,186811,182918,369729,H506,41.156465,-100.85908,30.1,37.5,45.1,7.399999999999999,7.600000000000001,15.0,hot,Other
UP,0219GP031,2019-02-12,10:29 PM,Other impacts,0,NORTH PLATTE,NE,34,4.0,Dark,Cloudy,Yard,Cut of cars,0,745,0,56534,M411,41.150681,-100.819395,24.3,24.1,39.0,-0.1999999999999993,14.899999999999999,14.7,moderate,Other
UP,0921GP029,2021-09-25,10:45 AM,Other impacts,0,NORTH PLATTE,NE,63,2.0,Day,Clear,Yard,Single Car,0,86297,0,86297,M407,41.151168,-100.817313,60.4,62.7,69.4,2.3000000000000043,6.700000000000003,9.000000000000007,hot,Other
UP,0219GP031,2019-02-12,10:29 PM,Other impacts,0,NORTH PLATTE,NE,34,4.0,Dark,Cloudy,Yard,Yard/switching,5,7789,48000,56534,M411,41.150681,-100.819395,24.3,24.1,39.0,-0.1999999999999993,14.899999999999999,14.7,moderate,Other
UP,0319GP006,2019-03-04,4:11 PM,Other impacts,0,NORTH PLATTE,NE,14,2.0,Day,Clear,Yard,Cut of cars,0,492,0,18025,M411,41.147688,-100.833722,-0.3,-3.5,8.2,-3.2,11.7,8.5,cold,Other
UP,0115NP034,2015-01-23,7:15 PM,Derailment,0,NORTH PLATTE,NE,30,4.0,Dark,Cloudy,Yard,Yard/switching,9,3392,7322,10714,H702,41.154746,-100.855578,25.0,28.4,35.9,3.3999999999999986,7.5,10.899999999999999,hot,Other
UP,0319GP006,2019-03-04,4:11 PM,Other impacts,0,NORTH PLATTE,NE,14,2.0,Day,Clear,Yard,Yard/switching,4,2051,15482,18025,M411,41.147688,-100.833722,-0.3,-3.5,8.2,-3.2,11.7,8.5,cold,Other
UP,0417NP025,2017-04-22,12:16 PM,Other impacts,0,NORTH PLATTE,NE,75,2.0,Day,Cloudy,Yard,Yard/switching,6,10812,93048,109811,H601,41.146186,-100.834233,49.8,46.6,54.1,-3.1999999999999957,7.5,4.300000000000004,hot,Other
UP,0816NP025,2016-08-27,3:01 AM,Derailment,0,NORTH PLATTE,NE,78,4.0,Dark,Fog,Yard,Yard/switching,2,3233,0,84939,S016,41.15398,-100.829009,61.0,66.9,74.4,5.900000000000006,7.5,13.400000000000006,hot,Other
UP,1019GP007,2019-10-13,8:22 AM,Derailment,0,NORTH PLATTE,NE,22,2.0,Day,Clear,Yard,Yard/switching,4,1440,22284,23724,M404,41.145843,-100.794809,38.2,41.2,49.2,3.0,8.0,11.0,hot,Other
UP,0621GP003,2021-06-02,3:27 PM,Derailment,0,NORTH PLATTE,NE,79,2.0,Day,Clear,Yard,Yard/switching,4,46827,11751,58578,M204,41.147238,-100.828764,60.0,65.3,71.9,5.299999999999997,6.6000000000000085,11.900000000000006,hot,Other
UP,0519GP010,2019-05-12,1:45 AM,Derailment,0,NORTH PLATTE,NE,35,4.0,Dark,Clear,Yard,Yard/switching,4,37435,150251,187686,H702,41.15067,-100.814451,49.1,50.3,58.9,1.1999999999999957,8.600000000000001,9.799999999999997,hot,Other
UP,0315NP003,2015-03-05,2:00 PM,Derailment,0,NORTH PLATTE,NE,48,2.0,Day,Clear,Yard,Yard/switching,4,38206,123146,161352,E39C,41.143616,-100.794382,17.9,22.1,36.1,4.200000000000003,14.0,18.200000000000003,moderate,Other
UP,0120ME015,2020-01-20,6:15 AM,Other impacts,0,NORTH PLATTE,NE,10,1.0,Dawn,Clear,Yard,Light loco(s),5,0,0,19217,H017,41.15145,-100.812906,23.4,16.6,25.3,-6.799999999999997,8.7,1.9000000000000021,moderate,Other
UP,1119GP008,2019-11-07,5:50 AM,Derailment,0,NORTH PLATTE,NE,16,1.0,Dawn,Clear,Yard,Light loco(s),5,37734,696,38430,H702,41.155128,-100.852074,29.2,26.7,39.1,-2.5,12.400000000000002,9.900000000000002,hot,Other
UP,0417NP025,2017-04-22,12:16 PM,Other impacts,0,NORTH PLATTE,NE,75,2.0,Day,Cloudy,Yard,Single Car,0,5951,0,109811,H601,41.146186,-100.834233,49.8,46.6,54.1,-3.1999999999999957,7.5,4.300000000000004,hot,Other
UP,0120ME015,2020-01-20,6:15 AM,Other impacts,0,NORTH PLATTE,NE,10,1.0,Dawn,Clear,Yard,Light loco(s),5,19217,0,19217,H017,41.15145,-100.812906,23.4,16.6,25.3,-6.799999999999997,8.7,1.9000000000000021,moderate,Other
UP,0816NP025,2016-08-27,3:01 AM,Derailment,0,NORTH PLATTE,NE,78,4.0,Dark,Fog,Yard,Yard/switching,3,75722,5984,84939,S016,41.15398,-100.829009,61.0,66.9,74.4,5.900000000000006,7.5,13.400000000000006,hot,Other
UP,0118NP055,2018-01-08,8:09 PM,Fire/violent rupture,0,NORTH PLATTE,NE,32,4.0,Dark,Clear,Yard,Light loco(s),0,70861,0,70861,E73L,41.145307,-100.832668,32.9,32.1,39.9,-0.7999999999999972,7.799999999999997,7.0,hot,Other
UP,0524GP023,2024-05-22,8:17 PM,Derailment,0,NORTH PLATTE,NE,65,4.0,Dark,Cloudy,Yard,Freight Train,8,58797,92662,151459,E64C,41.143811,-100.785672,53.7,57.4,64.3,3.6999999999999957,6.899999999999999,10.599999999999994,hot,Other
UP,0122GP031,2022-01-20,1:06 PM,Other impacts,0,NORTH PLATTE,NE,13,2.0,Day,Cloudy,Yard,Cut of cars,4,0,0,41399,E49C,41.146686,-100.837987,16.5,10.3,20.1,-6.199999999999999,9.8,3.6000000000000014,cold,Other
UP,0220GP016,2020-02-13,9:21 PM,Other impacts,0,NORTH PLATTE,NE,18,4.0,Dark,Clear,Yard,Single Car,0,31444,0,58018,S016,41.146011,-100.835028,26.4,14.2,28.2,-12.2,14.0,1.8000000000000007,cold,Other
UP,0319GP008,2019-03-05,1:30 AM,Derailment,0,NORTH PLATTE,NE,-4,4.0,Dark,Clear,Yard,Yard/switching,10,23548,29056,52604,H607,41.143189,-100.780167,-3.5,8.2,18.8,11.7,10.600000000000001,22.3,cold,Other
UP,0224GP022,2024-02-17,1:00 AM,Obstruction,0,NORTH PLATTE,NE,8,4.0,Dark,Clear,Yard,Yard/switching,6,90771,16356,107127,M410,41.150145,-100.813963,20.9,19.7,29.9,-1.1999999999999993,10.2,9.0,moderate,Other
UP,0721GP006,2021-07-07,1:10 AM,Derailment,0,NORTH PLATTE,NE,67,4.0,Dark,Cloudy,Yard,Yard/switching,6,22116,3700,25816,H306,41.1465,-100.834926,75.8,72.7,80.2,-3.0999999999999943,7.5,4.400000000000006,hot,Other
UP,0118NP007,2018-01-06,8:48 PM,Other impacts,0,NORTH PLATTE,NE,18,4.0,Dark,Cloudy,Yard,Single Car,0,5717,1421,12855,M411,41.15221,-100.819072,17.0,16.7,32.9,-0.3000000000000007,16.2,15.899999999999999,moderate,Other
UP,1216NP005,2016-12-09,9:03 PM,Derailment,0,NORTH PLATTE,NE,12,4.0,Dark,Cloudy,Yard,Yard/switching,8,28967,2000,30967,M405,41.143596,-100.791986,8.3,14.4,23.6,6.1,9.200000000000001,15.3,cold,Other
CSX,000208204,2022-11-04,6:30 AM,Derailment,0,NORTH VERSAILLES,PA,55,1.0,Dawn,Clear,Yard,Freight Train,7,15977,798,16775,T311,40.386139,-79.846696,55.9,60.7,68.1,4.800000000000004,7.3999999999999915,12.199999999999996,hot,Track-related
NS,144459,2022-02-19,2:15 AM,Other (describe in narrative),0,NORTHFORK,WV,18,4.0,Dark,Clear,Main,Freight Train,14,2430,26570,29000,E30C,37.405647,-81.421709,32.3,26.5,34.8,-5.799999999999997,8.299999999999997,2.5,moderate,Other
UP,0615PR005,2015-06-12,6:26 AM,Other (describe in narrative),0,NORTHLAKE,IL,65,1.0,Dawn,Rain,Yard,Single Car,10,36466,0,36466,H601,41.895953,-87.907423,67.0,60.8,69.4,-6.200000000000003,8.600000000000009,2.4000000000000057,hot,Other
UP,0515PR003,2015-05-01,10:30 AM,Other impacts,0,NORTHLAKE,IL,65,2.0,Day,Clear,Yard,Cut of cars,10,9289,0,68732,H601,41.895953,-87.907423,45.3,52.8,64.8,7.5,12.0,19.5,hot,Other
UP,0215PR019,2015-02-20,5:45 AM,Derailment,0,NORTHLAKE,IL,10,4.0,Dark,Cloudy,Yard,Yard/switching,5,27564,1984,29548,M404,41.903089,-87.917877,-1.4,7.9,24.6,9.3,16.700000000000003,26.0,cold,Other
UP,0117PR020,2017-01-30,8:00 AM,Other (describe in narrative),0,NORTHLAKE,IL,25,2.0,Day,Clear,Yard,Single Car,6,71312,0,71312,M411,41.909328,-87.91514,26.1,24.4,37.1,-1.7000000000000028,12.700000000000003,11.0,moderate,Other
UP,1216PR005,2016-12-10,10:00 PM,Derailment,0,NORTHLAKE,IL,22,4.0,Dark,Snow,Yard,Yard/switching,5,46783,5980,52763,M101,41.905174,-87.915655,22.2,20.9,28.9,-1.3000000000000007,8.0,6.699999999999999,moderate,Other
UP,0317PR004,2017-03-05,9:30 PM,Derailment,0,NORTHLAKE,IL,46,4.0,Dark,Cloudy,Yard,Yard/switching,5,25444,1320,26764,H702,41.909336,-87.915386,34.4,46.3,56.8,11.899999999999999,10.5,22.4,hot,Other
UP,1214PR021,2014-12-01,9:00 AM,Other impacts,0,NORTHLAKE,IL,40,2.0,Day,Clear,Yard,Single Car,4,11785,0,11785,H601,41.893482,-87.87542,40.8,20.2,27.2,-20.599999999999998,7.0,-13.599999999999998,moderate,Other
UP,0517PR026,2017-05-15,12:00 PM,Other (describe in narrative),0,NORTHLAKE,IL,65,2.0,Day,Clear,Yard,Single Car,0,11953,0,11953,M411,41.900159,-87.911359,58.9,66.6,75.9,7.699999999999996,9.300000000000011,17.000000000000007,hot,Other
UP,0515PR003,2015-05-01,10:30 AM,Other impacts,0,NORTHLAKE,IL,65,2.0,Day,Clear,Yard,Single Car,0,59443,0,68732,H601,41.895953,-87.907423,45.3,52.8,64.8,7.5,12.0,19.5,hot,Other
UP,0415PR006,2015-04-08,6:10 PM,Derailment,0,NORTHLAKE,IL,65,3.0,Dusk,Cloudy,Yard,Yard/switching,0,26720,264,26984,M411,41.89718,-87.901289,41.5,43.8,56.7,2.299999999999997,12.900000000000006,15.200000000000003,hot,Other
UP,0515PR001,2015-05-01,10:00 AM,Other (describe in narrative),0,NORTHLAKE,IL,58,2.0,Day,Clear,Yard,Single Car,5,34591,0,34591,H601,41.910672,-87.915234,45.3,52.8,64.8,7.5,12.0,19.5,hot,Other
UP,0515PR023,2015-05-22,10:59 AM,Other (describe in narrative),0,NORTHLAKE,IL,65,2.0,Day,Clear,Yard,Single Car,10,48096,0,48096,H601,41.895953,-87.907423,55.9,57.1,65.2,1.2000000000000028,8.100000000000001,9.300000000000004,hot,Other
UP,0216PR008,2016-02-18,5:00 AM,Derailment,0,NORTHLAKE,IL,26,1.0,Dawn,Cloudy,Yard,Yard/switching,4,37788,36856,74644,T207,41.894722,-87.896426,27.7,33.3,50.2,5.599999999999998,16.900000000000006,22.500000000000004,hot,Track-related
TCWR,20190110A,2019-01-10,9:00 PM,Derailment,0,NORWOOD,MN,20,4.0,Dark,Cloudy,Main,Freight Train,10,20000,5500,25500,E67C,44.767246,-93.911047,9.6,18.1,25.4,8.500000000000002,7.299999999999997,15.799999999999999,moderate,Other
BNSF,TC0317115,2017-03-21,8:30 PM,Other (describe in narrative),0,NOYES,MN,27,3.0,Dusk,Clear,Siding,Freight Train,10,0,25570,25570,H704,48.962452,-97.183196,34.4,16.4,23.5,-18.0,7.100000000000001,-10.899999999999999,moderate,Other
RRVW,102018,2018-10-20,11:30 AM,Hwy-rail crossing,0,OAKES,ND,40,2.0,Day,Clear,Main,Freight Train,22,43387,0,43387,M302,46.230639,-98.131134,49.3,33.7,41.1,-15.599999999999994,7.399999999999999,-8.199999999999996,hot,Other
DMVW,DE531NOR,2017-05-31,4:35 PM,Derailment,0,OAKES,ND,77,2.0,Day,Clear,Main,Freight Train,10,28220,6168,34388,T319,46.141033,-98.150291,53.1,60.7,67.7,7.600000000000001,7.0,14.600000000000001,hot,Track-related
UP,1017HO034,2017-10-31,10:58 AM,Fire/violent rupture,0,OAKWOOD,TX,72,2.0,Day,Cloudy,Main,Freight Train,20,88649,9184,97833,M506,31.555655,-95.87646,59.1,56.0,62.7,-3.1000000000000014,6.700000000000003,3.6000000000000014,hot,Other
NS,137530,2020-03-19,4:00 PM,Other (describe in narrative),0,OBERLIN,PA,55,3.0,Dusk,Cloudy,Yard,Yard/switching,8,114000,9312,123312,H306,40.262669,-76.788229,47.8,48.6,60.6,0.8000000000000043,12.0,12.800000000000004,hot,Other
ATK,136592,2015-03-06,9:23 PM,Derailment,0,ODENTON,MD,15,4.0,Dark,Clear,Main,Passenger Train - Pulling,85,57406,288630,346036,E69C,39.084205,-76.707895,30.4,18.6,27.9,-11.799999999999997,9.299999999999997,-2.5,moderate,Other
UP,0317FW040,2017-03-29,4:20 PM,Derailment,0,ODESSA,TX,70,2.0,Day,Clear,Yard,Yard/switching,5,14042,3860,17902,H704,31.870092,-102.317177,69.8,54.7,61.7,-15.099999999999994,7.0,-8.099999999999994,hot,Other
UP,0419TO037,2019-04-24,2:00 AM,Derailment,0,ODESSA,TX,54,4.0,Dark,Rain,Industry,Yard/switching,5,132125,31200,163325,T201,31.874753,-102.296746,64.2,57.3,66.9,-6.900000000000006,9.600000000000009,2.700000000000003,hot,Track-related
UP,1222RM021,2022-12-20,10:05 AM,Other impacts,0,OGDEN,UT,26,2.0,Day,Cloudy,Main,Yard/switching,5,500,12758,299666,E04L,41.23345,-111.987805,19.8,28.5,36.5,8.7,8.0,16.7,hot,Other
UP,0119RM042,2019-01-15,11:50 PM,Side collision,0,OGDEN,UT,28,4.0,Dark,Snow,Yard,Yard/switching,7,13920,250,14600,H020,41.227195,-111.985771,18.3,23.1,31.9,4.800000000000001,8.799999999999997,13.599999999999998,moderate,Other
UP,1222RM021,2022-12-20,10:05 AM,Other impacts,0,OGDEN,UT,26,2.0,Day,Cloudy,Main,Freight Train,5,286408,0,299666,E04L,41.23345,-111.987805,19.8,28.5,36.5,8.7,8.0,16.7,hot,Other
UP,0418UT010,2018-04-14,10:00 PM,Derailment,0,OGDEN,UT,50,4.0,Dark,Clear,Yard,Yard/switching,3,11840,600,12440,E04C,41.199108,-111.986744,39.2,44.5,54.0,5.299999999999997,9.5,14.799999999999997,hot,Other