reportingrailroadcode,accidentnumber,date,time,accidenttype,hazmatreleasedcars,station,stateabbr,temperature,visibility_code,visibility,weathercondition,tracktype,equipmenttype,trainspeed,equipmentdamagecost,trackdamagecost,totaldamagecost,primaryaccidentcausecode,latitude,longitude,prior_temp,actual_temp,following_temp,before_temp_change,after_temp_change,across_temp_change,temp_category,accident_category
NS,118339,2015-11-23,1:42 PM,Other (describe in narrative),0,ROSSVILLE,TN,56,2.0,Day,Clear,Main,Yard/switching,10,0,14500,14500,H221,35.048109,-89.568087,34.6,40.8,47.9,6.199999999999996,7.100000000000001,13.299999999999997,hot,Other
UP,0315SL003,2015-03-02,2:23 AM,Fire/violent rupture,0,ROYAL,IL,20,4.0,Dark,Clear,Main,Freight Train,47,199889,0,199889,E72L,40.25939,-87.935922,22.7,20.3,33.0,-2.3999999999999986,12.7,10.3,moderate,Other
BNSF,PR0315116,2015-03-26,11:00 PM,Derailment,0,ROZET,WY,44,4.0,Dark,Rain,Yard,Yard/switching,5,17388,0,17388,H607,44.289889,-105.282904,33.4,43.3,52.1,9.899999999999999,8.800000000000004,18.700000000000003,hot,Other
CSX,000142805,2015-03-10,8:40 PM,Derailment,0,RUSSELL,KY,52,4.0,Dark,Rain,Yard,Cut of cars,5,12849,100,12949,H318,38.531911,-82.69725,44.2,44.8,53.1,0.5999999999999943,8.300000000000004,8.899999999999999,hot,Other
BNSF,TX1114106,2014-11-18,3:45 PM,Derailment,0,SAGINAW,TX,48,2.0,Day,Clear,Industry,Yard/switching,4,2776,8500,11276,T110,32.848788,-97.352907,33.8,41.7,50.1,7.900000000000006,8.399999999999999,16.300000000000004,hot,Track-related
NECR,NEC324117D,2017-06-07,5:00 AM,Derailment,0,SAINT ALBANS,VT,39,1.0,Dawn,Clear,Main,Freight Train,10,180,12675,12855,T111,44.813501,-73.086591,52.0,58.4,66.1,6.399999999999999,7.699999999999996,14.099999999999994,hot,Track-related
NS,120277,2016-04-27,6:20 AM,Derailment,0,SAINT BERNARD,OH,62,1.0,Dawn,Clear,Yard,Freight Train,7,55583,0,65457,H306,39.143378,-84.543969,68.6,57.7,64.6,-10.899999999999991,6.8999999999999915,-4.0,hot,Other
NS,120277,2016-04-27,6:20 AM,Derailment,0,SAINT BERNARD,OH,62,1.0,Dawn,Clear,Yard,Single Car,0,460,9414,65457,H306,39.143378,-84.543969,68.6,57.7,64.6,-10.899999999999991,6.8999999999999915,-4.0,hot,Other
UP,0215SL006,2015-02-19,4:50 AM,Derailment,0,SALEM,IL,-5,4.0,Dark,Cloudy,Yard,Freight Train,6,40265,2178,66916,T220,38.649398,-88.919917,14.0,5.6,16.2,-8.4,10.6,2.1999999999999993,cold,Other
UP,0215SL006,2015-02-19,4:50 AM,Derailment,0,SALEM,IL,-5,4.0,Dark,Cloudy,Yard,Freight Train,0,24473,0,66916,T220,38.649398,-88.919917,14.0,5.6,16.2,-8.4,10.6,2.1999999999999993,cold,Other
UP,0715DV003,2015-07-04,2:38 AM,Derailment,0,SALINA,KS,70,4.0,Dark,Cloudy,Yard,Yard/switching,6,55791,66,55857,H702,38.851557,-97.604484,75.7,78.5,87.9,2.799999999999997,9.400000000000006,12.200000000000003,hot,Other
UP,0516UT001,2016-05-03,1:10 AM,Derailment,0,SALT LAKE CITY,UT,48,4.0,Dark,Clear,Yard,Yard/switching,6,61072,37888,98960,T205,40.706624,-111.909348,56.8,60.8,67.6,4.0,6.799999999999997,10.799999999999997,hot,Track-related
UP,0116SA006,2016-01-13,9:45 AM,Other (describe in narrative),0,SAN ANTONIO,TX,61,2.0,Day,Clear,Yard,Yard/switching,4,0,25001,25001,H706,29.35911,-98.571413,48.4,49.4,57.6,1.0,8.200000000000003,9.200000000000003,hot,Other
UP,0223SX003,2023-02-04,6:25 AM,Other impacts,0,SAN ANTONIO,TX,32,1.0,Dawn,Clear,Yard,Yard/switching,4,31869,366,32723,E27C,29.375779,-98.55647,44.7,47.7,56.0,3.0,8.299999999999997,11.299999999999997,hot,Other
UP,0324ES020,2024-03-12,3:40 PM,Obstruction,0,SAN ANTONIO,TX,73,2.0,Day,Clear,Main,Spec. MoW Equip.,0,35000,0,40000,H025,29.492415,-98.356211,61.6,67.0,74.6,5.399999999999999,7.599999999999994,12.999999999999993,hot,Other
UP,0321SX004,2021-03-04,12:45 PM,Derailment,0,SAN ANTONIO,TX,69,2.0,Day,Clear,Yard,Maint./inspect Car,5,17183,99,17282,E27C,29.371628,-98.560392,54.6,59.8,66.5,5.199999999999996,6.700000000000003,11.899999999999999,hot,Other
UP,0118SA009,2018-01-17,3:30 AM,Derailment,0,SAN ANTONIO,TX,25,4.0,Dark,Cloudy,Main,Freight Train,5,12225,3365,15590,M299,29.394801,-98.487744,31.9,31.6,39.8,-0.29999999999999716,8.199999999999996,7.899999999999999,hot,Other
UP,0321SX003,2021-03-04,7:41 PM,Derailment,0,SAN ANTONIO,TX,70,3.0,Dusk,Cloudy,Yard,Yard/switching,8,142959,59060,202019,H702,29.383934,-98.547246,54.6,59.8,66.5,5.199999999999996,6.700000000000003,11.899999999999999,hot,Other
UP,1122SX001,2022-11-02,5:15 AM,Other impacts,0,SAN ANTONIO,TX,57,1.0,Dawn,Clear,Yard,Single Car,5,6312,0,78013,H312,29.38057,-98.554212,65.9,67.1,74.6,1.1999999999999886,7.5,8.699999999999989,hot,Other
UP,0118SA018,2018-01-25,11:20 PM,Derailment,0,SAN ANTONIO,TX,55,4.0,Dark,Clear,Main,Freight Train,5,19325,2283,21608,H704,29.564869,-98.576467,47.3,47.8,58.7,0.5,10.900000000000006,11.400000000000006,hot,Other
UP,0324ES020,2024-03-12,3:40 PM,Obstruction,0,SAN ANTONIO,TX,73,2.0,Day,Clear,Main,Spec. MoW Equip.,10,5000,0,40000,H025,29.492415,-98.356211,61.6,67.0,74.6,5.399999999999999,7.599999999999994,12.999999999999993,hot,Other
UP,1122SX001,2022-11-02,5:15 AM,Other impacts,0,SAN ANTONIO,TX,57,1.0,Dawn,Clear,Yard,Yard/switching,8,17877,53824,78013,H312,29.38057,-98.554212,65.9,67.1,74.6,1.1999999999999886,7.5,8.699999999999989,hot,Other
UP,0223SX003,2023-02-04,6:25 AM,Other impacts,0,SAN ANTONIO,TX,32,1.0,Dawn,Clear,Yard,Cut of cars,5,488,0,32723,E27C,29.375779,-98.55647,44.7,47.7,56.0,3.0,8.299999999999997,11.299999999999997,hot,Other
UP,0122SX001,2022-01-03,5:30 PM,Derailment,0,SAN ANTONIO,TX,55,2.0,Day,Clear,Yard,Yard/switching,10,32722,55101,87823,H707,29.372438,-98.560651,41.1,41.3,51.6,0.19999999999999574,10.300000000000004,10.5,hot,Other
UP,1118SA035,2018-11-29,12:35 AM,Derailment,0,SAN ANTONIO,TX,56,4.0,Dark,Cloudy,Yard,Yard/switching,5,9380,7156,16536,T314,29.435688,-98.469887,56.2,60.2,69.9,4.0,9.700000000000003,13.700000000000003,hot,Track-related
UP,0319SX002,2019-03-06,6:05 AM,Derailment,0,SAN ANTONIO,TX,36,1.0,Dawn,Cloudy,Yard,Freight Train,9,12175,764,12939,T207,29.370881,-98.562108,39.2,46.4,59.3,7.199999999999996,12.899999999999999,20.099999999999994,hot,Track-related
UP,1115SA005,2015-11-04,8:48 AM,Derailment,0,SAN ANTONIO,TX,78,2.0,Day,Clear,Main,Freight Train,9,7926,6212,14138,T303,29.348933,-98.581431,68.7,72.2,79.5,3.5,7.299999999999997,10.799999999999997,hot,Track-related
UP,1217SA016,2017-12-18,7:46 PM,Hwy-rail crossing,0,SAN MARCOS,TX,56,4.0,Dark,Fog,Main,Passenger Train - Pulling,0,0,850,20305,M302,29.859254,-97.957223,48.7,53.6,63.6,4.899999999999999,10.0,14.899999999999999,hot,Other
ATK,151016,2017-12-18,7:46 PM,Hwy-rail crossing,0,SAN MARCOS,TX,56,4.0,Dark,Fog,Main,Passenger Train - Pulling,50,19455,0,20305,M302,29.859911,-97.956389,48.7,53.6,63.6,4.899999999999999,10.0,14.899999999999999,hot,Other
BNSF,MT1120201,2020-11-03,6:35 AM,Hwy-rail crossing,0,SANDPOINT,ID,35,1.0,Dawn,Cloudy,Main,Freight Train,51,39580,130943,170523,M302,48.42929,-116.493208,36.1,36.7,52.7,0.6000000000000014,16.0,16.6,hot,Other
CSX,000210247,2023-03-08,4:47 AM,Derailment,0,SANDSTONE,WV,27,4.0,Dark,Clear,Main,Freight Train,47,2003799,212778,2216577,M404,37.763656,-80.894515,46.1,34.1,42.1,-12.0,8.0,-4.0,hot,Other
NS,129198,2017-04-25,3:59 PM,Derailment,0,SANFORD,NC,65,2.0,Day,Cloudy,Yard,Freight Train,0,0,8000,11150,T110,35.556882,-79.237539,54.7,60.3,67.4,5.599999999999994,7.1000000000000085,12.700000000000003,hot,Track-related
ATW,ATW034817,2017-04-25,3:59 PM,Derailment,0,SANFORD,NC,65,2.0,Day,Cloudy,Yard,Freight Train,7,3150,0,11150,T110,35.556882,-79.237539,54.7,60.3,67.4,5.599999999999994,7.1000000000000085,12.700000000000003,hot,Track-related
NS,114715,2015-03-06,11:30 PM,Derailment,0,SANKERTOWN,PA,10,4.0,Dark,Cloudy,Yard,Light loco(s),5,120,14256,14376,H702,40.466877,-78.588003,17.3,11.1,29.1,-6.200000000000001,18.0,11.8,cold,Other
NS,136137,2019-11-09,2:18 AM,Derailment,0,SANKERTOWN,PA,19,4.0,Dark,Clear,Yard,Freight Train,6,226,46327,46553,T110,40.474398,-78.581959,28.3,29.4,43.9,1.0999999999999979,14.5,15.599999999999998,hot,Track-related
HOS,001,2021-11-29,8:45 AM,Derailment,0,SANTA CLAUS,IN,34,2.0,Day,Clear,Main,Freight Train,0,0,9759,78759,H602,38.107134,-86.975507,39.3,35.9,43.0,-3.3999999999999986,7.100000000000001,3.700000000000003,hot,Other
ORSR,001,2021-11-29,8:45 AM,Derailment,0,SANTA CLAUS,IN,34,2.0,Day,Clear,Main,Passenger Train - Pulling,7,69000,0,78759,T110,38.107134,-86.975507,39.3,35.9,43.0,-3.3999999999999986,7.100000000000001,3.700000000000003,hot,Track-related
CCET,042301,2023-04-04,3:30 PM,Derailment,0,SARDINIA,OH,63,2.0,Day,Cloudy,Main,Freight Train,10,250000,250000,500000,T221,39.01315,-83.83204,54.6,63.3,69.9,8.699999999999996,6.6000000000000085,15.300000000000004,hot,Other
BNSF,TC0918110,2018-09-22,7:01 AM,Obstruction,0,SARTELL,MN,40,1.0,Dawn,Clear,Main,Freight Train,50,11000,0,11000,M402,45.621112,-94.200243,51.4,51.0,59.3,-0.3999999999999986,8.299999999999997,7.899999999999999,hot,Other
CSX,000181988,2019-03-27,6:20 AM,Raking collision,0,SAUGERTIES,NY,25,4.0,Dark,Clear,Main,Freight Train,45,3116,0,27207,E89C,42.116143,-73.930162,35.0,35.3,42.8,0.29999999999999716,7.5,7.799999999999997,hot,Other
CSX,000181988,2019-03-27,6:20 AM,Raking collision,0,SAUGERTIES,NY,25,4.0,Dark,Clear,Main,Freight Train,35,24091,0,27207,E89C,42.116143,-73.930162,35.0,35.3,42.8,0.29999999999999716,7.5,7.799999999999997,hot,Other
GIMY,GIM821216,2016-01-20,11:30 AM,Derailment,0,SAVANNAH,GA,60,2.0,Day,Clear,Yard,Yard/switching,8,157202,1000,158202,H704,32.051368,-81.155838,36.5,41.4,51.3,4.899999999999999,9.899999999999999,14.799999999999997,hot,Other
GC,GCR557820,2020-02-23,12:15 PM,Derailment,0,SAVANNAH,GA,56,2.0,Day,Cloudy,Yard,Yard/switching,5,8783350,0,8783350,H704,32.080385,-81.132724,41.7,48.6,60.0,6.899999999999999,11.399999999999999,18.299999999999997,hot,Other
LI,82162,2024-03-22,3:18 AM,Obstruction,0,SAYVILLE,NY,29,4.0,Dark,Clear,Siding,Spec. MoW Equip.,5,12601,0,12601,H607,40.7405,-73.09192,34.7,33.8,45.3,-0.9000000000000057,11.5,10.599999999999994,hot,Other
KYLE,KYL900616D,2016-03-01,10:45 PM,Derailment,0,SCANDIA,KS,34,4.0,Dark,Clear,Main,Freight Train,5,92000,800,92800,H511,39.787026,-97.786674,49.0,32.9,44.8,-16.1,11.899999999999999,-4.200000000000003,hot,Other
PNWR,PNW964816G,2016-05-05,8:39 AM,Hwy-rail crossing,0,SCAPPOOSE,OR,59,2.0,Day,Clear,Main,Freight Train,10,463,11120,11583,M302,45.780235,-122.873619,56.4,60.5,68.1,4.100000000000001,7.599999999999994,11.699999999999996,hot,Other
UP,0323SX017,2023-03-21,8:45 AM,Hwy-rail crossing,0,SCHERTZ,TX,59,2.0,Day,Rain,Main,Freight Train,25,362,25200,25562,M303,29.555307,-98.263684,50.5,62.3,71.8,11.799999999999997,9.5,21.299999999999997,hot,Other
GDLK,210226002,2021-02-26,4:30 PM,Derailment,0,SCHOOLCRAFT,MI,40,3.0,Dusk,Clear,Main,Freight Train,10,19000,0,19000,E53C,42.094011,-85.632032,30.6,30.5,39.1,-0.10000000000000142,8.600000000000001,8.5,hot,Other
BNSF,TC0915110,2015-09-19,6:18 AM,Derailment,3,SCOTLAND,SD,45,1.0,Dawn,Fog,Main,Freight Train,10,699748,1107649,1807397,T207,43.088747,-97.676927,55.3,54.8,65.0,-0.5,10.200000000000003,9.700000000000003,hot,Track-related
BNSF,MT0122103,2022-01-07,12:13 AM,Derailment,0,SCRANTON,ND,-10,4.0,Dark,Clear,Main,Freight Train,32,17208,2000,19208,E00C,46.166554,-103.204829,-10.0,6.9,13.9,16.9,7.0,23.9,cold,Other
BNSF,TX1114103,2014-11-09,10:32 AM,Derailment,0,SCULLIN,OK,60,2.0,Day,Clear,Yard,Freight Train,9,159914,208000,367914,T001,34.466152,-96.841686,54.3,52.2,64.5,-2.0999999999999943,12.299999999999997,10.200000000000003,hot,Track-related
BNSF,NW0323117,2023-03-27,12:50 PM,Derailment,0,SEATTLE,WA,55,2.0,Day,Clear,Yard,Yard/switching,5,12934,28090,41024,H607,47.656665,-122.386813,42.9,45.3,53.3,2.3999999999999986,8.0,10.399999999999999,hot,Other
BNSF,NW0220104,2020-02-04,2:30 AM,Derailment,0,SEATTLE,WA,45,4.0,Dark,Clear,Industry,Yard/switching,3,1500,12000,13500,T110,47.624657,-122.367947,38.4,35.8,46.6,-2.6000000000000014,10.800000000000004,8.200000000000003,hot,Track-related
EMRY,144574,2019-02-15,6:35 AM,Derailment,0,SEBOEIS,ME,5,1.0,Dawn,Cloudy,Main,Freight Train,10,862813,187829,1050642,T202,45.330017,-68.816278,18.1,19.0,29.2,0.8999999999999986,10.2,11.099999999999998,moderate,Track-related
BNSF,SW1018110,2018-10-19,10:45 AM,Raking collision,0,SELIGMAN,AZ,50,2.0,Day,Clear,Main,Spec. MoW Equip.,1,15000,0,16000,H997,35.30175,-112.780862,42.2,44.6,52.3,2.3999999999999986,7.699999999999996,10.099999999999994,hot,Other
BNSF,SW1018110,2018-10-19,10:45 AM,Raking collision,0,SELIGMAN,AZ,50,2.0,Day,Clear,Main,Freight Train,10,1000,0,16000,H997,35.30175,-112.780862,42.2,44.6,52.3,2.3999999999999986,7.699999999999996,10.099999999999994,hot,Other
CSX,000143139,2015-03-10,12:10 AM,Other impacts,0,SELKIRK,NY,28,4.0,Dark,Clear,Yard,Single Car,2,189,0,24333,H019,42.564654,-73.85257,30.3,35.3,41.9,4.9999999999999964,6.600000000000001,11.599999999999998,hot,Other
CSX,000143139,2015-03-10,12:10 AM,Other impacts,0,SELKIRK,NY,28,4.0,Dark,Clear,Yard,Single Car,0,24144,0,24333,H019,42.564654,-73.85257,30.3,35.3,41.9,4.9999999999999964,6.600000000000001,11.599999999999998,hot,Other
CSX,000176534,2018-05-12,9:50 AM,Other impacts,0,SELKIRK,NY,48,2.0,Day,Cloudy,Yard,Single Car,24,28170,0,28170,M507,42.565903,-73.854184,57.7,48.1,54.9,-9.600000000000001,6.799999999999997,-2.8000000000000043,hot,Other
CSX,000176535,2018-05-12,10:49 PM,Other impacts,0,SELKIRK,NY,45,4.0,Dark,Cloudy,Yard,Single Car,18,22177,0,22177,S016,42.565903,-73.854184,57.7,48.1,54.9,-9.600000000000001,6.799999999999997,-2.8000000000000043,hot,Other
CSX,000171416,2017-09-03,6:02 AM,Derailment,0,SELKIRK,NY,51,1.0,Dawn,Rain,Yard,Freight Train,4,27225,1152,28377,H702,42.565903,-73.854184,54.4,53.9,66.3,-0.5,12.399999999999999,11.899999999999999,hot,Other
CSX,000176553,2018-05-19,9:22 PM,Other impacts,0,SELKIRK,NY,55,4.0,Dark,Cloudy,Yard,Cut of cars,18,44459,0,44459,M203,42.565903,-73.854184,61.4,53.1,64.1,-8.299999999999997,10.999999999999993,2.6999999999999957,hot,Other
CSX,000161469,2016-07-21,4:30 AM,Other impacts,0,SELKIRK,NY,58,1.0,Dawn,Clear,Yard,Single Car,7,100,0,24000,S014,42.565903,-73.854184,66.7,71.7,79.3,5.0,7.599999999999994,12.599999999999994,hot,Other
CSX,000140370,2015-01-21,5:37 PM,Side collision,0,SELKIRK,NY,17,3.0,Dusk,Cloudy,Yard,Light loco(s),0,325,0,62974,H607,42.566588,-73.852296,24.5,16.0,22.9,-8.5,6.899999999999999,-1.6000000000000014,moderate,Other
CSX,000140370,2015-01-21,5:37 PM,Side collision,0,SELKIRK,NY,17,3.0,Dusk,Cloudy,Yard,Yard/switching,4,59461,3188,62974,H607,42.566588,-73.852296,24.5,16.0,22.9,-8.5,6.899999999999999,-1.6000000000000014,moderate,Other
CSX,000161469,2016-07-21,4:30 AM,Other impacts,0,SELKIRK,NY,58,1.0,Dawn,Clear,Yard,Single Car,11,23900,0,24000,S014,42.565903,-73.854184,66.7,71.7,79.3,5.0,7.599999999999994,12.599999999999994,hot,Other
CSX,000166694,2017-02-10,4:46 PM,Derailment,0,SELKIRK,NY,24,3.0,Dusk,Clear,Yard,Yard/switching,4,31431,0,31431,E44C,42.565903,-73.854184,19.1,15.5,27.4,-3.6000000000000014,11.899999999999999,8.299999999999997,cold,Other
CSX,000143947,2015-03-29,2:28 AM,Side collision,0,SELKIRK,NY,21,4.0,Dark,Cloudy,Yard,Single Car,12,0,0,12600,H316,42.564654,-73.85257,27.9,27.0,36.4,-0.8999999999999986,9.399999999999999,8.5,hot,Other
CSX,000173951,2018-01-10,3:40 AM,Derailment,0,SELKIRK,NY,36,4.0,Dark,Cloudy,Yard,Yard/switching,8,49655,188,49843,M411,42.565903,-73.854184,31.4,26.2,44.1,-5.199999999999999,17.900000000000002,12.700000000000003,moderate,Other
CSX,000189214,2020-03-19,4:44 AM,Side collision,0,SELKIRK,NY,39,1.0,Dawn,Rain,Yard,Yard/switching,7,11578,0,11723,H995,42.565903,-73.854184,43.0,43.2,51.9,0.20000000000000284,8.699999999999996,8.899999999999999,hot,Other
CSX,000180934,2019-01-23,9:38 AM,Derailment,0,SELKIRK,NY,28,2.0,Day,Clear,Yard,Cut of cars,0,11571,0,22906,S007,42.565903,-73.854184,8.6,28.3,41.1,19.700000000000003,12.8,32.5,hot,Other
CSX,000189842,2020-04-24,8:08 AM,Derailment,0,SELKIRK,NY,42,2.0,Day,Rain,Yard,Light loco(s),7,8632,6581,15213,H702,42.565903,-73.854184,40.5,44.2,51.9,3.700000000000003,7.699999999999996,11.399999999999999,hot,Other
CSX,000143947,2015-03-29,2:28 AM,Side collision,0,SELKIRK,NY,21,4.0,Dark,Cloudy,Yard,Single Car,5,12600,0,12600,H316,42.564654,-73.85257,27.9,27.0,36.4,-0.8999999999999986,9.399999999999999,8.5,hot,Other
CSX,000180934,2019-01-23,9:38 AM,Derailment,0,SELKIRK,NY,28,2.0,Day,Clear,Yard,Cut of cars,6,10585,750,22906,S007,42.565903,-73.854184,8.6,28.3,41.1,19.700000000000003,12.8,32.5,hot,Other
CSX,000179403,2018-10-18,2:15 AM,Other impacts,0,SELKIRK,NY,38,4.0,Dark,Clear,Yard,Cut of cars,10,26573,96,26669,S016,42.565903,-73.854184,44.0,38.1,45.4,-5.899999999999999,7.299999999999997,1.3999999999999986,hot,Other
CSX,000189214,2020-03-19,4:44 AM,Side collision,0,SELKIRK,NY,39,1.0,Dawn,Rain,Yard,Single Car,7,145,0,11723,H995,42.565903,-73.854184,43.0,43.2,51.9,0.20000000000000284,8.699999999999996,8.899999999999999,hot,Other
FGLK,11152018,2018-11-15,9:30 AM,Derailment,0,SENNETT,NY,26,2.0,Day,Clear,Industry,Freight Train,8,0,12975,12975,T106,42.958211,-76.553962,26.3,23.8,31.1,-2.5,7.300000000000001,4.800000000000001,moderate,Track-related
BNSF,CH0220105,2020-02-08,8:09 AM,Derailment,0,SESSER,IL,32,2.0,Day,Cloudy,Main,Freight Train,43,947729,806279,1754008,T001,38.051994,-89.043622,32.9,32.0,43.1,-0.8999999999999986,11.100000000000001,10.200000000000003,hot,Track-related
BNSF,PR0117104,2017-01-08,2:45 AM,Derailment,0,SEWARD,NE,-1,4.0,Dark,Clear,Main,Freight Train,47,4711,28000,32711,E61C,40.87414,-97.090215,9.7,18.3,25.1,8.600000000000001,6.800000000000001,15.400000000000002,moderate,Other
UP,1222GL001,2022-12-01,11:30 PM,Derailment,0,SHAKOPEE,MN,31,4.0,Dark,Cloudy,Yard,Freight Train,10,10981,1462,12443,T213,44.788805,-93.417569,17.5,21.5,30.9,4.0,9.399999999999999,13.399999999999999,moderate,Other
UP,0115TC007,2015-01-22,11:55 AM,Other impacts,0,SHAKOPEE,MN,33,2.0,Day,Clear,Yard,Cut of cars,2,6651,0,15284,H020,44.789214,-93.4187,27.7,23.5,32.5,-4.199999999999999,9.0,4.800000000000001,moderate,Other
UP,0115TC007,2015-01-22,11:55 AM,Other impacts,0,SHAKOPEE,MN,33,2.0,Day,Clear,Yard,Light loco(s),2,0,99,15284,H020,44.789214,-93.4187,27.7,23.5,32.5,-4.199999999999999,9.0,4.800000000000001,moderate,Other
UP,0115TC007,2015-01-22,11:55 AM,Other impacts,0,SHAKOPEE,MN,33,2.0,Day,Clear,Yard,Light loco(s),2,8534,0,15284,H020,44.789214,-93.4187,27.7,23.5,32.5,-4.199999999999999,9.0,4.800000000000001,moderate,Other
NECR,NEC339723G,2023-02-27,11:35 AM,Hwy-rail crossing,0,SHARON,VT,30,2.0,Day,Clear,Main,Passenger Train - Pulling,0,0,0,63347,M302,43.743256,-72.440037,11.9,21.7,28.3,9.799999999999999,6.600000000000001,16.4,moderate,Other
ATK,173898,2023-02-27,11:30 AM,Hwy-rail crossing,0,SHARON,VT,30,2.0,Day,Clear,Main,Passenger Train - Pulling,59,63347,0,63347,M302,43.743256,-72.440037,11.9,21.7,28.3,9.799999999999999,6.600000000000001,16.4,moderate,Other
ATK,171032,2022-06-12,3:15 AM,Obstruction,0,SHARON,MA,60,4.0,Dark,Clear,Main,Spec. MoW Equip.,0,125000,0,425000,H607,42.138668,-71.171135,67.3,67.1,74.0,-0.20000000000000284,6.900000000000006,6.700000000000003,hot,Other
ATK,171032,2022-06-12,3:15 AM,Obstruction,0,SHARON,MA,60,4.0,Dark,Clear,Main,Spec. MoW Equip.,5,300000,0,425000,H607,42.138668,-71.171135,67.3,67.1,74.0,-0.20000000000000284,6.900000000000006,6.700000000000003,hot,Other
NS,151979,2023-01-11,8:50 PM,Derailment,0,SHARPSBURG,MD,40,4.0,Dark,Clear,Main,Freight Train,25,863882,368058,1231940,M201,39.507042,-77.764528,35.4,33.5,41.6,-1.8999999999999986,8.100000000000001,6.200000000000003,hot,Other
BNSF,KS1119102,2019-11-02,11:53 PM,Obstruction,0,SHAWNEE,KS,36,4.0,Dark,Clear,Main,Passenger Train - Pulling,0,0,0,18624,M402,39.04016,-94.87086,41.0,40.2,48.4,-0.7999999999999972,8.199999999999996,7.399999999999999,hot,Other
ATK,161820,2019-11-02,11:53 PM,Obstruction,0,SHAWNEE,KS,36,4.0,Dark,Clear,Main,Passenger Train - Pulling,76,18624,0,18624,M402,39.04016,-94.87086,41.0,40.2,48.4,-0.7999999999999972,8.199999999999996,7.399999999999999,hot,Other
BNSF,MT1018104,2018-10-11,6:46 PM,Derailment,0,SHELBY,MT,50,3.0,Dusk,Clear,Industry,Freight Train,5,13000,2000,15000,T110,48.500877,-111.8493,29.3,30.5,43.2,1.1999999999999993,12.700000000000003,13.900000000000002,hot,Track-related
BNSF,MT0417104,2017-04-17,5:52 PM,Derailment,0,SHELBY,MT,40,3.0,Dusk,Clear,Yard,Yard/switching,9,9000,43274,52274,T110,48.518089,-111.880769,35.3,36.3,48.7,1.0,12.400000000000006,13.400000000000006,hot,Track-related
UP,1119GP011,2019-11-08,12:57 PM,Hwy-rail crossing,0,SHELTON,NE,48,2.0,Day,Clear,Main,Freight Train,29,12643,16400,29043,M303,40.778251,-98.740903,24.7,37.7,52.7,13.000000000000004,15.0,28.000000000000004,hot,Other
CSX,000202045,2021-12-23,6:30 PM,Fire/violent rupture,0,SHORTER,AL,50,3.0,Dusk,Clear,Main,Freight Train,50,78000,95,78095,M406,32.41603,-85.964641,46.0,44.6,53.8,-1.3999999999999986,9.199999999999996,7.799999999999997,hot,Other
UP,0319MA013,2019-03-07,2:45 AM,Derailment,0,SHREVEPORT,LA,47,4.0,Dark,Cloudy,Main,Freight Train,8,8480,481808,490288,M507,32.436811,-93.812752,41.4,54.8,69.6,13.399999999999999,14.799999999999997,28.199999999999996,hot,Other
UP,0218LK007,2018-02-03,2:20 PM,Other impacts,0,SHREVEPORT,LA,64,2.0,Day,Cloudy,Yard,Yard/switching,6,45311,0,47925,H020,32.424775,-93.889394,43.8,41.7,53.1,-2.0999999999999943,11.399999999999999,9.300000000000004,hot,Other
UP,0218LK007,2018-02-03,2:20 PM,Other impacts,0,SHREVEPORT,LA,64,2.0,Day,Cloudy,Yard,Cut of cars,2,2614,0,47925,H020,32.424775,-93.889394,43.8,41.7,53.1,-2.0999999999999943,11.399999999999999,9.300000000000004,hot,Other
UP,0316LK030,2016-03-29,3:50 AM,Derailment,0,SHREVEPORT,LA,50,4.0,Dark,Cloudy,Yard,Yard/switching,6,36036,3280,39316,T222,32.458539,-93.790832,57.7,61.5,69.5,3.799999999999997,8.0,11.799999999999997,hot,Other
KCS,19110302,2019-11-03,3:20 PM,Other impacts,0,SHREVEPORT,LA,60,2.0,Day,Clear,Yard,Yard/switching,10,261698,208821,526324,E34C,32.527264,-93.82666,50.0,50.2,59.8,0.20000000000000284,9.599999999999994,9.799999999999997,hot,Other
UP,0223MA025,2023-02-19,7:19 PM,Other impacts,0,SHREVEPORT,LA,63,3.0,Dusk,Clear,Yard,Single Car,0,153,0,36469,H318,32.430323,-93.905929,44.0,56.3,70.4,12.299999999999997,14.100000000000009,26.400000000000006,hot,Other
UP,0223MA025,2023-02-19,7:19 PM,Other impacts,0,SHREVEPORT,LA,63,3.0,Dusk,Clear,Yard,Yard/switching,10,36316,0,36469,H318,32.430323,-93.905929,44.0,56.3,70.4,12.299999999999997,14.100000000000009,26.400000000000006,hot,Other