reportingrailroadcode,accidentnumber,date,time,accidenttype,hazmatreleasedcars,station,stateabbr,temperature,visibility_code,visibility,weathercondition,tracktype,equipmenttype,trainspeed,equipmentdamagecost,trackdamagecost,totaldamagecost,primaryaccidentcausecode,latitude,longitude,prior_temp,actual_temp,following_temp,before_temp_change,after_temp_change,across_temp_change,temp_category,accident_category
UP,0216LK017,2016-02-18,9:30 AM,Derailment,0,SHREVEPORT,LA,59,2.0,Day,Cloudy,Main,Freight Train,4,15915,900,16815,H522,32.512272,-93.744619,52.7,60.6,67.7,7.899999999999999,7.100000000000001,15.0,hot,Other
UP,0317LV019,2017-03-08,12:00 PM,Other (describe in narrative),0,SHREVEPORT,LA,69,2.0,Day,Clear,Industry,Single Car,0,14494,0,14494,M507,32.361386,-93.641933,63.4,59.5,68.3,-3.8999999999999986,8.799999999999997,4.899999999999999,hot,Other
KCS,15012403,2015-01-24,8:15 PM,Derailment,0,SHREVEPORT,LA,40,4.0,Dark,Clear,Yard,Yard/switching,3,8990,17721,26711,T205,32.616111,-93.846667,39.9,43.8,51.2,3.8999999999999986,7.400000000000006,11.300000000000004,hot,Track-related
UP,0217LK011,2017-02-09,12:54 PM,Derailment,0,SHREVEPORT,LA,71,2.0,Day,Clear,Yard,Light loco(s),3,810,10319,11129,T319,32.430999,-93.908534,63.7,49.6,56.8,-14.100000000000001,7.199999999999996,-6.900000000000006,hot,Track-related
UP,1217NP015,2017-12-24,5:33 AM,Derailment,0,SIDNEY,NE,-15,4.0,Dark,Cloudy,Main,Freight Train,36,752503,144690,897193,T221,41.152991,-103.042956,15.1,-0.4,7.6,-15.5,8.0,-7.5,cold,Other
BNSF,PR0418103,2018-04-07,3:11 AM,Derailment,0,SIDNEY,NE,13,4.0,Dark,Cloudy,Main,Freight Train,15,24875,1000,25875,E86C,41.076487,-103.053775,23.7,28.0,49.3,4.300000000000001,21.299999999999997,25.599999999999998,hot,Other
UP,0418ST014,2018-04-28,12:07 AM,Derailment,0,SIERRA BLANCA,TX,75,4.0,Dark,Clear,Industry,Freight Train,10,10467,2215,12682,T205,31.077239,-105.001685,62.7,69.7,76.6,7.0,6.8999999999999915,13.899999999999991,hot,Track-related
BNSF,HL0118117,2018-01-19,1:10 AM,Derailment,0,SIKESTON,MO,12,4.0,Dark,Clear,Industry,Freight Train,3,14108,0,14108,M101,36.880087,-89.619249,19.5,28.7,39.6,9.2,10.900000000000002,20.1,hot,Other
TIBR,M541115,2015-11-24,12:06 AM,Raking collision,0,SILSBEE,TX,42,4.0,Dark,Clear,Yard,Yard/switching,5,25000,0,25000,H018,30.210578,-94.110247,46.4,55.7,63.8,9.300000000000004,8.099999999999994,17.4,hot,Other
BNSF,RD0119109,2019-01-11,2:20 PM,Derailment,0,SILSBEE,TX,50,2.0,Day,Clear,Yard,Freight Train,7,2800,69498,72298,H512,30.35841,-94.199806,48.1,53.2,60.5,5.100000000000001,7.299999999999997,12.399999999999999,hot,Other
BNSF,RD0118112,2018-01-19,5:30 PM,Derailment,0,SILSBEE,TX,50,3.0,Dusk,Clear,Yard,Yard/switching,3,19523,250,19773,H018,30.351406,-94.183705,32.4,45.7,59.0,13.300000000000004,13.299999999999997,26.6,hot,Other
IAIS,2023014,2023-03-29,12:40 PM,Raking collision,0,SILVIS,IL,42,2.0,Day,Clear,Industry,Yard/switching,1,60000,0,60000,H306,41.515273,-90.421017,40.2,38.9,47.6,-1.3000000000000043,8.700000000000003,7.399999999999999,hot,Other
UP,0920RM008,2020-09-10,11:29 AM,Other impacts,0,SINCLAIR,WY,35,2.0,Day,Snow,Industry,Single Car,0,3200,0,195863,H702,41.778131,-107.108835,30.4,38.0,47.4,7.600000000000001,9.399999999999999,17.0,hot,Other
UP,0920RM008,2020-09-10,11:29 AM,Other impacts,0,SINCLAIR,WY,35,2.0,Day,Snow,Industry,Freight Train,9,192363,300,195863,H702,41.778131,-107.108835,30.4,38.0,47.4,7.600000000000001,9.399999999999999,17.0,hot,Other
UP,1017DV027,2017-10-31,11:45 AM,Hwy-rail crossing,0,SINCLAIR,WY,50,2.0,Day,Clear,Main,Freight Train,47,88901,31021,119922,M302,41.759367,-106.855723,27.5,34.9,46.9,7.399999999999999,12.0,19.4,hot,Other
UP,1218RM046,2018-12-28,7:25 AM,Derailment,0,SINCLAIR,WY,4,2.0,Day,Clear,Main,Freight Train,36,10271,2830,13101,S013,41.780747,-106.998525,13.2,6.2,13.6,-6.999999999999999,7.3999999999999995,0.40000000000000036,cold,Other
BNSF,TC0116113,2016-01-27,12:10 PM,Derailment,0,SIOUX CITY,IA,35,2.0,Day,Clear,Yard,Yard/switching,5,7366,26000,33366,H607,42.52225,-96.367302,28.3,27.4,35.3,-0.9000000000000021,7.899999999999999,6.9999999999999964,hot,Other
BNSF,TC0915109,2015-09-19,6:00 AM,Derailment,0,SIOUX CITY,IA,57,1.0,Dawn,Fog,Yard,Freight Train,10,50000,12000,62000,T221,42.528319,-96.364887,57.5,55.3,62.4,-2.200000000000003,7.100000000000001,4.899999999999999,hot,Other
UP,0423GL012,2023-04-06,5:45 PM,Derailment,0,SIOUX CITY,IA,55,2.0,Day,Clear,Main,Yard/switching,3,308257,290871,599128,H019,42.518333,-96.381023,31.4,37.3,47.3,5.899999999999999,10.0,15.899999999999999,hot,Other
BNSF,TC0321102,2021-03-01,8:55 PM,Other (describe in narrative),0,SIOUX CITY,IA,40,3.0,Dusk,Clear,Yard,Freight Train,9,0,34000,34000,H607,42.529636,-96.364063,30.2,28.3,40.1,-1.8999999999999986,11.8,9.900000000000002,hot,Other
UP,1023GL020,2023-10-22,6:30 AM,Derailment,0,SIOUX CITY,IA,37,1.0,Dawn,Clear,Yard,Freight Train,6,121932,10120,132052,T220,42.508947,-96.391493,54.9,48.5,60.0,-6.399999999999999,11.5,5.100000000000001,hot,Other
UP,0624GL007,2024-06-10,5:50 AM,Derailment,0,SIOUX CITY,IA,52,1.0,Dawn,Clear,Main,Freight Train,8,54690,0,119690,H702,42.524009,-96.376953,68.2,68.0,76.6,-0.20000000000000284,8.599999999999994,8.399999999999991,hot,Other
UP,0615CB004,2015-06-08,9:30 PM,Derailment,0,SIOUX CITY,IA,75,4.0,Dark,Clear,Yard,Yard/switching,6,74947,109962,184909,T220,42.51917,-96.380221,69.7,74.0,80.7,4.299999999999997,6.700000000000003,11.0,hot,Other
BNSF,TC0624105,2024-06-10,5:50 AM,Derailment,0,SIOUX CITY,IA,82,1.0,Dawn,Clear,Main,Freight Train,0,0,65000,119690,H702,42.488236,-96.38123,68.2,68.0,76.6,-0.20000000000000284,8.599999999999994,8.399999999999991,hot,Other
UP,0423GL019,2023-04-11,3:24 PM,Derailment,0,SIOUX CITY,IA,85,2.0,Day,Clear,Industry,Freight Train,9,3090,12146,15236,T311,42.418181,-96.374138,62.2,65.6,75.3,3.3999999999999915,9.700000000000003,13.099999999999994,hot,Track-related
BNSF,TC0318114,2018-03-26,11:53 AM,Derailment,0,SIOUX FALLS,SD,33,2.0,Day,Rain,Yard,Freight Train,10,237720,170000,407720,T111,43.545807,-96.718505,31.1,33.1,41.6,2.0,8.5,10.5,hot,Track-related
UP,1114TC011,2014-11-27,2:30 AM,Side collision,0,SKYLINE,MN,0,4.0,Dark,Cloudy,Main,Freight Train,25,160205,210567,409305,H603,44.15572,-94.039818,22.4,-1.3,17.2,-23.7,18.5,-5.199999999999999,cold,Other
CP,1000148704,2014-11-27,2:31 AM,Side collision,0,SKYLINE,MN,0,4.0,Dark,Clear,Main,Freight Train,8,38533,0,409305,H603,44.154631,-94.042973,22.4,-1.3,17.2,-23.7,18.5,-5.199999999999999,cold,Other
KNWA,170226001,2017-02-26,11:00 PM,Obstruction,0,SMITHERS,WV,40,4.0,Dark,Clear,Industry,Freight Train,2,30000,5000,35000,H999,38.1943,-81.2959,48.4,35.3,43.3,-13.100000000000001,8.0,-5.100000000000001,hot,Other
BNSF,CH1118204,2018-11-28,5:28 AM,Hwy-rail crossing,0,SMITHSHIRE,IL,8,1.0,Dawn,Clear,Main,Freight Train,64,10000,15000,25000,M308,40.803635,-90.74992,15.6,19.6,28.5,4.000000000000002,8.899999999999999,12.9,moderate,Other
LI,69011,2019-01-07,3:53 PM,Other (describe in narrative),0,SMITHTOWN,NY,29,2.0,Day,Cloudy,Main,Passenger Train - Pulling,45,0,13744,13744,M599,40.855362,-73.123036,40.2,27.9,42.0,-12.300000000000004,14.100000000000001,1.7999999999999972,hot,Other
UP,0321RM030,2021-03-30,11:15 PM,Derailment,0,SODA SPRINGS,ID,24,4.0,Dark,Clear,Industry,Freight Train,6,8812,21000,29812,T221,42.747849,-111.543661,29.8,19.7,27.0,-10.100000000000001,7.300000000000001,-2.8000000000000007,moderate,Other
NS,152108,2023-01-27,9:30 AM,Hwy-rail crossing,0,SOMERSET,KY,27,2.0,Day,Clear,Main,Freight Train,45,13549,0,13549,M302,37.121783,-84.627846,35.5,37.0,46.9,1.5,9.899999999999999,11.399999999999999,hot,Other
BNSF,RD1119127,2019-11-29,7:15 PM,Other impacts,0,SOMERVILLE,TX,70,3.0,Dusk,Clear,Siding,Freight Train,5,13710,0,13710,H302,30.362129,-96.541531,56.5,67.1,76.0,10.599999999999994,8.900000000000006,19.5,hot,Other
MBTA,YR202132,2021-05-08,5:20 AM,Fire/violent rupture,0,SOMERVILLE,MA,45,1.0,Dawn,Cloudy,Industry,Passenger Train - Pushing,0,209967,0,209967,E79L,42.376044,-71.07624,52.1,50.6,58.8,-1.5,8.199999999999996,6.699999999999996,hot,Other
MBTA,7048,2017-03-05,12:57 AM,Derailment,0,SOMERVILLE,MA,10,4.0,Dark,Clear,Yard,Passenger Train - Pulling,0,23947,1148,25095,H305,42.222359,-71.0418,16.2,20.2,26.9,4.0,6.699999999999999,10.7,moderate,Other
MBTA,19011,2019-01-17,3:00 AM,Derailment,0,SOMERVILLE,MA,20,4.0,Dark,Clear,Yard,Passenger Train - Pulling,3,18470,0,18470,H702,42.373587,-71.075377,32.4,25.1,34.1,-7.299999999999997,9.0,1.7000000000000028,moderate,Other
MBTA,19093,2019-04-02,7:00 AM,Derailment,0,SOMERVILLE,MA,34,1.0,Dawn,Clear,Main,Passenger Train - Pushing,24,42284,39302,81586,E51L,42.391854,-71.075757,41.3,41.7,48.4,0.4000000000000057,6.699999999999996,7.100000000000001,hot,Other
CSX,000166576,2017-02-06,4:28 AM,Hwy-rail crossing,0,SONORA,KY,45,1.0,Dawn,Clear,Main,Freight Train,23,10000,35000,45000,M303,37.580026,-85.904015,45.1,44.2,57.1,-0.8999999999999986,12.899999999999999,12.0,hot,Other
BNSF,HL0219101,2019-02-01,12:30 AM,Derailment,0,SOUTH BEND,NE,10,4.0,Dark,Clear,Main,Freight Train,20,11195,81000,92195,E09C,41.023368,-96.299879,7.7,23.4,38.9,15.7,15.5,31.2,moderate,Other
BNSF,HL0221107,2021-02-09,5:23 AM,Other (describe in narrative),0,SOUTH BEND,NE,-17,1.0,Dawn,Clear,Main,Freight Train,2,0,47000,47000,H705,40.997963,-96.237362,1.6,2.3,10.6,0.6999999999999997,8.3,9.0,cold,Other
ATK,178583,2024-02-26,6:15 AM,Other (describe in narrative),0,SOUTH BRUNSWICK,NJ,40,1.0,Dawn,Cloudy,Main,Passenger Train - Pulling,130,54829,0,54829,E78L,40.379177,-74.54404,29.6,39.5,47.7,9.899999999999999,8.200000000000003,18.1,hot,Other
NS,144193,2022-01-30,12:46 AM,Derailment,0,SOUTH FORK,PA,19,4.0,Dark,Snow,Main,Freight Train,12,0,15108,15108,M204,40.374476,-78.831579,9.4,11.3,18.6,1.9000000000000004,7.300000000000001,9.200000000000001,cold,Other
UP,0219GL001,2019-02-01,12:01 PM,Derailment,0,SOUTH HOLLAND,IL,16,2.0,Day,Clear,Yard,Freight Train,2,1846,18490,20336,T101,41.622762,-87.612079,-9.5,10.4,30.0,19.9,19.6,39.5,cold,Track-related
UTAX,05112021,2021-05-11,5:12 PM,Fire/violent rupture,0,SOUTH SALT LAKE,UT,58,2.0,Day,Clear,Main,EMU,0,50000,0,50000,E53C,40.724204,-111.896832,52.1,52.5,59.6,0.3999999999999986,7.100000000000001,7.5,hot,Other
UTAX,04102023,2023-04-10,8:53 PM,Fire/violent rupture,0,SOUTH SALT LAKE,UT,65,4.0,Dark,Clear,Main,EMU,0,20000,0,20000,E71L,40.724412,-111.896876,55.6,61.1,69.3,5.5,8.199999999999996,13.699999999999996,hot,Other
UP,0323GL035,2023-03-14,12:00 PM,Other (describe in narrative),0,SOUTH ST PAUL,MN,50,2.0,Day,Clear,Yard,Single Car,0,16138,0,16138,M507,44.903753,-93.04344,24.3,21.7,36.9,-2.6000000000000014,15.2,12.599999999999998,moderate,Other
UP,0623GL008,2023-06-11,6:35 PM,Derailment,0,SOUTH ST PAUL,MN,68,3.0,Dusk,Clear,Yard,Freight Train,4,4281,7896,12177,H702,44.926089,-93.065683,70.4,59.7,66.9,-10.700000000000003,7.200000000000003,-3.5,hot,Other
NS,144095,2022-01-21,9:00 AM,Derailment,0,SOUTHERN VIEW,IL,5,2.0,Day,Clear,Main,Freight Train,46,676254,196231,872485,T220,39.749671,-89.662937,10.2,13.4,26.0,3.200000000000001,12.6,15.8,cold,Other
NS,152791,2023-04-11,10:15 PM,Other impacts,0,SOUTHMONT,NC,58,4.0,Dark,Clear,Yard,Single Car,0,8800,0,52275,H312,35.738906,-80.33295,50.0,56.1,64.0,6.100000000000001,7.899999999999999,14.0,hot,Other
NS,152791,2023-04-11,10:15 PM,Other impacts,0,SOUTHMONT,NC,58,4.0,Dark,Clear,Yard,Single Car,0,175,0,52275,H312,35.738906,-80.33295,50.0,56.1,64.0,6.100000000000001,7.899999999999999,14.0,hot,Other
NS,152791,2023-04-11,10:15 PM,Other impacts,0,SOUTHMONT,NC,58,4.0,Dark,Clear,Yard,Single Car,3,43300,0,52275,H312,35.738906,-80.33295,50.0,56.1,64.0,6.100000000000001,7.899999999999999,14.0,hot,Other
UP,0316SL001,2016-03-06,3:40 AM,Derailment,0,SPARTA,IL,40,4.0,Dark,Cloudy,Industry,Freight Train,2,80119,7500,87619,M101,38.161208,-89.654309,43.5,44.9,61.3,1.3999999999999986,16.4,17.799999999999997,hot,Other
NYSW,220314SD1,2022-03-14,5:46 PM,Derailment,0,SPARTA,NJ,47,3.0,Dusk,Clear,Siding,Freight Train,5,35000,3598,38598,H018,41.066379,-74.666443,25.6,39.4,51.9,13.799999999999997,12.5,26.299999999999997,hot,Other
CSX,000203198,2022-02-20,12:18 AM,Obstruction,0,SPENCER,MA,25,4.0,Dark,Clear,Main,Freight Train,0,9597,0,946604,M501,42.200337,-71.994189,22.3,20.1,38.7,-2.1999999999999993,18.6,16.400000000000002,moderate,Other
CSX,000203198,2022-02-20,12:18 AM,Obstruction,0,SPENCER,MA,25,4.0,Dark,Clear,Main,Spec. MoW Equip.,21,936927,80,946604,M501,42.200337,-71.994189,22.3,20.1,38.7,-2.1999999999999993,18.6,16.400000000000002,moderate,Other
NS,128528,2018-02-14,1:14 PM,Derailment,0,SPENCER,NC,60,2.0,Day,Clear,Yard,Freight Train,12,90900,0,90900,H601,35.728973,-80.345439,42.2,46.1,64.0,3.8999999999999986,17.9,21.799999999999997,hot,Other
LI,69826,2019-05-25,3:02 AM,Side collision,0,SPEONK,NY,56,4.0,Dark,Clear,Main,Passenger Train - Pulling,30,245702,32566,450301,S009,40.820376,-72.698667,67.9,57.6,68.8,-10.300000000000004,11.199999999999996,0.8999999999999915,hot,Other
LI,69826,2019-05-25,3:02 AM,Side collision,0,SPEONK,NY,56,4.0,Dark,Clear,Siding,Passenger Train - Pulling,0,100000,72033,450301,S009,40.820376,-72.698667,67.9,57.6,68.8,-10.300000000000004,11.199999999999996,0.8999999999999915,hot,Other
UP,0223HO017,2023-02-13,7:28 AM,Hwy-rail crossing,0,SPLENDORA,TX,40,2.0,Day,Cloudy,Main,Freight Train,59,421442,1047270,1468712,M302,30.267531,-95.139042,48.7,55.1,67.3,6.399999999999999,12.199999999999996,18.599999999999994,hot,Other
BNSF,NW1221116,2021-12-21,8:15 PM,Derailment,0,SPOKANE,WA,25,3.0,Dusk,Snow,Yard,Freight Train,8,26893,11200,38093,H307,47.667755,-117.344998,25.2,23.3,34.2,-1.8999999999999986,10.900000000000002,9.000000000000004,moderate,Other
UP,0116PD001,2016-01-02,5:44 AM,Derailment,0,SPOKANE,WA,5,4.0,Dark,Clear,Yard,Freight Train,9,91404,0,194224,T207,47.666029,-117.368073,11.4,9.7,16.9,-1.700000000000001,7.199999999999999,5.499999999999998,cold,Track-related
BNSF,NW0116100,2016-01-02,5:44 AM,Derailment,0,SPOKANE,WA,4,1.0,Dawn,Clear,Yard,Freight Train,0,0,102820,194224,T207,47.666029,-117.368073,11.4,9.7,16.9,-1.700000000000001,7.199999999999999,5.499999999999998,cold,Track-related
ATK,173190,2022-12-26,6:08 PM,Hwy-rail crossing,0,SPOTSYLVANIA,VA,40,4.0,Dark,Clear,Main,Passenger Train - Pulling,40,22412,0,22634,M302,38.240885,-77.435624,22.7,24.8,32.9,2.1000000000000014,8.099999999999998,10.2,moderate,Other
VREX,030517,2017-03-05,6:35 PM,Derailment,0,SPOTSYLVANIA,VA,43,2.0,Day,Cloudy,Yard,Light loco(s),3,13120,1929,15049,H607,38.213406,-77.437591,33.6,32.5,43.0,-1.1000000000000014,10.5,9.399999999999999,hot,Other
CSX,000208986,2022-12-26,6:08 PM,Hwy-rail crossing,0,SPOTSYLVANIA,VA,40,3.0,Dusk,Clear,Main,Freight Train,0,0,222,22634,M302,38.240885,-77.435624,22.7,24.8,32.9,2.1000000000000014,8.099999999999998,10.2,moderate,Other
BNSF,HL1220111,2020-12-17,9:54 AM,Side collision,0,SPRINGFIELD,MO,40,2.0,Day,Clear,Yard,Freight Train,0,16445,500,26945,H607,37.226888,-93.33132,28.4,34.7,41.5,6.300000000000004,6.799999999999997,13.100000000000001,hot,Other
BNSF,HL1220111,2020-12-17,9:54 AM,Side collision,0,SPRINGFIELD,MO,40,2.0,Day,Clear,Yard,Yard/switching,8,10000,0,26945,H607,37.226888,-93.33132,28.4,34.7,41.5,6.300000000000004,6.799999999999997,13.100000000000001,hot,Other
IMRR,IMR420720O,2020-05-13,11:30 AM,Derailment,0,SPRINGFIELD,IL,55,2.0,Day,Cloudy,Yard,Freight Train,0,0,681,24364,E64L,39.814998,-89.633707,49.7,51.2,66.4,1.5,15.200000000000003,16.700000000000003,hot,Other
BNSF,HL1220116,2020-12-25,5:41 PM,Derailment,0,SPRINGFIELD,MO,60,3.0,Dusk,Clear,Yard,Yard/switching,4,7168,120000,127168,M411,37.228108,-93.324097,23.3,21.5,43.5,-1.8000000000000007,22.0,20.2,moderate,Other
KCS,20051301,2020-05-13,11:30 AM,Derailment,0,SPRINGFIELD,IL,55,2.0,Day,Cloudy,Yard,Light loco(s),7,23683,0,24364,T319,39.814998,-89.633707,49.7,51.2,66.4,1.5,15.200000000000003,16.700000000000003,hot,Track-related
BNSF,HL0120103,2020-01-07,9:50 AM,Derailment,0,SPRINGFIELD,MO,45,2.0,Day,Clear,Yard,Light loco(s),5,15200,500,15700,T403,37.213843,-93.306974,37.5,39.1,46.3,1.6000000000000014,7.199999999999996,8.799999999999997,hot,Track-related
BNSF,HL0118200,2018-01-02,3:36 PM,Hwy-rail crossing,0,ST JOSEPH,MO,24,2.0,Day,Cloudy,Main,Freight Train,44,10000,300068,310068,M308,39.71223,-94.874848,-5.5,6.3,17.5,11.8,11.2,23.0,cold,Other
BNSF,HL1218122,2018-12-26,12:15 AM,Derailment,0,ST LOUIS,MO,37,4.0,Dark,Clear,Yard,Freight Train,6,11000,800,16800,H607,38.602702,-90.312251,40.5,41.2,51.6,0.7000000000000028,10.399999999999999,11.100000000000001,hot,Other
NS,140085,2020-12-22,6:18 PM,Derailment,0,ST LOUIS,MO,72,3.0,Dusk,Clear,Yard,Freight Train,9,46882,10878,57760,H503,38.685945,-90.210692,48.5,43.0,49.7,-5.5,6.700000000000003,1.2000000000000028,hot,Other
BNSF,HL1218122,2018-12-26,12:15 AM,Derailment,0,ST LOUIS,MO,37,4.0,Dark,Clear,Yard,Freight Train,0,5000,0,16800,H607,38.602702,-90.312251,40.5,41.2,51.6,0.7000000000000028,10.399999999999999,11.100000000000001,hot,Other
TRRA,23029,2023-05-05,11:00 PM,Hwy-rail crossing,0,ST LOUIS,MO,68,4.0,Dark,Clear,Industry,Freight Train,10,4000,45400,49400,M308,38.707617,-90.226167,58.7,62.3,70.4,3.5999999999999943,8.100000000000009,11.700000000000003,hot,Other
BNSF,SF0716100,2016-07-03,8:15 PM,Derailment,0,ST LOUIS,MO,70,3.0,Dusk,Cloudy,Yard,Freight Train,3,14940,120000,134940,T210,38.605448,-90.310731,66.6,66.9,74.7,0.30000000000001137,7.799999999999997,8.100000000000009,hot,Track-related
UP,0122GL024,2022-01-26,1:50 PM,Other impacts,0,ST PAUL,MN,9,2.0,Day,Cloudy,Yard,Yard/switching,2,37371,0,38903,H312,44.93565,-93.046719,-4.1,3.5,23.9,7.6,20.4,28.0,cold,Other
UP,0122GL024,2022-01-26,1:50 PM,Other impacts,0,ST PAUL,MN,9,2.0,Day,Cloudy,Yard,Single Car,0,1532,0,38903,H312,44.93565,-93.046719,-4.1,3.5,23.9,7.6,20.4,28.0,cold,Other
MNNR,0423001,2023-04-06,12:20 AM,Derailment,0,ST PAUL,MN,25,4.0,Dark,Clear,Industry,Yard/switching,5,0,41490,41490,T110,44.984054,-93.205629,32.6,30.1,37.3,-2.5,7.199999999999996,4.699999999999996,hot,Track-related
MNCW,79075,2023-02-12,9:35 PM,Derailment,0,STAMFORD,CT,35,4.0,Dark,Clear,Yard,Yard/switching,4,12969,11371,24340,H702,41.049304,-73.533316,38.3,36.7,45.8,-1.5999999999999943,9.099999999999994,7.5,hot,Other
UP,0221PN027,2021-02-20,10:55 AM,Other impacts,0,STANFIELD,OR,29,2.0,Day,Cloudy,Yard,Cut of cars,0,65338,0,168514,E30C,45.795178,-119.257077,34.1,35.4,42.9,1.2999999999999972,7.5,8.799999999999997,hot,Other
UP,0322PN017,2022-03-21,11:29 PM,Derailment,0,STANFIELD,OR,50,4.0,Dark,Cloudy,Yard,Yard/switching,7,2044,15422,17466,H704,45.794817,-119.254629,45.5,47.9,55.4,2.3999999999999986,7.5,9.899999999999999,hot,Other
UP,0221PN027,2021-02-20,10:55 AM,Other impacts,0,STANFIELD,OR,29,2.0,Day,Cloudy,Yard,Yard/switching,2,92616,10560,168514,E30C,45.795178,-119.257077,34.1,35.4,42.9,1.2999999999999972,7.5,8.799999999999997,hot,Other
UP,0118PD040,2018-01-23,7:34 AM,Derailment,0,STANFIELD,OR,40,2.0,Day,Cloudy,Yard,Light loco(s),2,38034,1056,39090,T221,45.796309,-119.301539,39.6,35.6,48.2,-4.0,12.600000000000001,8.600000000000001,hot,Other
UP,1120PN006,2020-11-09,2:16 PM,Derailment,0,STANFIELD,OR,39,2.0,Day,Cloudy,Yard,Yard/switching,7,1272,21025,22297,T205,45.796228,-119.2681,37.6,36.7,44.9,-0.8999999999999986,8.199999999999996,7.299999999999997,hot,Track-related
NS,136294,2019-11-23,12:00 PM,Derailment,0,STANLEY,VA,34,2.0,Day,Cloudy,Main,Freight Train,3,180000,8013,188013,H506,38.559962,-78.546156,48.4,34.7,42.4,-13.699999999999996,7.699999999999996,-6.0,hot,Other
CSX,000174206,2017-03-05,3:10 AM,Fire/violent rupture,0,STANTON,TN,40,4.0,Dark,Clear,Main,Freight Train,45,21655,32,21687,E74L,35.462591,-89.399326,51.7,53.1,63.2,1.3999999999999986,10.100000000000001,11.5,hot,Other
CSX,000210343,2023-03-15,3:25 PM,Hwy-rail crossing,0,STANTON,TN,53,2.0,Day,Clear,Main,Freight Train,46,21601,1628,23229,M303,35.435881,-89.470431,36.1,40.5,55.0,4.399999999999999,14.5,18.9,hot,Other
UP,0519ES039,2019-05-21,10:20 AM,Hwy-rail crossing,0,STANWOOD,IA,47,2.0,Day,Cloudy,Main,Spec. MoW Equip.,3,13265,0,13265,M302,41.891105,-91.08384,49.3,50.3,64.9,1.0,14.600000000000009,15.600000000000009,hot,Other
NS,152254,2023-02-07,8:41 PM,Derailment,0,STAPLETON,GA,40,4.0,Dark,Clear,Industry,Light loco(s),4,38,27808,27846,T102,33.25748,-82.437849,51.3,50.5,57.6,-0.7999999999999972,7.100000000000001,6.300000000000004,hot,Track-related
UP,0318KC031,2018-03-25,6:35 PM,Derailment,0,STARK,KS,43,2.0,Day,Cloudy,Main,Freight Train,30,104136,15878,120014,E27C,37.70004,-95.145748,58.2,45.3,57.3,-12.900000000000006,12.0,-0.9000000000000057,hot,Other
CRSH,136525,2019-12-13,4:00 PM,Other impacts,0,STATEN ISLAND,NY,45,3.0,Dusk,Rain,Yard,Cut of cars,5,15017,0,49672,H008,40.633216,-74.181525,31.4,39.6,50.5,8.200000000000003,10.899999999999999,19.1,hot,Other
CRSH,136525,2019-12-13,4:00 PM,Other impacts,0,STATEN ISLAND,NY,45,3.0,Dusk,Rain,Yard,Freight Train,5,34655,0,49672,H008,40.633216,-74.181525,31.4,39.6,50.5,8.200000000000003,10.899999999999999,19.1,hot,Other
BNSF,PR0917110,2017-09-20,6:15 PM,Derailment,0,STERLING,CO,72,3.0,Dusk,Clear,Yard,Cut of cars,5,9762,1500,11262,H020,40.641237,-103.192394,62.7,58.1,65.1,-4.600000000000001,6.999999999999993,2.3999999999999915,hot,Other
CRSH,124882,2017-04-30,9:13 AM,Derailment,0,STERLING,MI,47,2.0,Day,Cloudy,Yard,Yard/switching,6,9455,3800,13255,H702,42.578727,-83.039847,45.9,40.3,49.3,-5.600000000000001,9.0,3.3999999999999986,hot,Other
WC,1142377,2023-10-17,1:00 PM,Other (describe in narrative),0,STEVENS POINT,WI,60,2.0,Day,Clear,Yard,Yard/switching,4,12000,0,12000,M204,44.513243,-89.553426,45.3,44.3,53.0,-1.0,8.700000000000003,7.700000000000003,hot,Other
CSX,000181714,2019-03-06,4:11 PM,Derailment,0,STOYSTOWN,PA,10,3.0,Dusk,Snow,Industry,Freight Train,8,39484,30000,69484,T221,40.065382,-78.936975,11.6,11.5,19.3,-0.09999999999999964,7.800000000000001,7.700000000000001,cold,Other
MQT,MQT178516A,2016-12-19,10:00 PM,Other (describe in narrative),0,STRONACH,MI,19,4.0,Dark,Clear,Main,Freight Train,19,24166,0,24166,E74L,44.210289,-86.26791,14.1,16.8,31.3,2.700000000000001,14.5,17.200000000000003,moderate,Other
NS,123833,2017-02-04,6:50 AM,Derailment,0,SUFFOLK,VA,28,1.0,Dawn,Clear,Main,Freight Train,48,2204242,769984,2974226,T308,36.725348,-76.589996,39.3,33.0,39.8,-6.299999999999997,6.799999999999997,0.5,hot,Track-related
BLR,11092015,2015-11-09,9:30 PM,Derailment,0,SULPHUR SPRINGS,TX,56,4.0,Dark,Clear,Siding,Yard/switching,0,111788,500000,611788,E08C,33.145904,-95.514688,55.0,56.7,64.4,1.7000000000000028,7.700000000000003,9.400000000000006,hot,Other