reportingrailroadcode,accidentnumber,date,time,accidenttype,hazmatreleasedcars,station,stateabbr,temperature,visibility_code,visibility,weathercondition,tracktype,equipmenttype,trainspeed,equipmentdamagecost,trackdamagecost,totaldamagecost,primaryaccidentcausecode,latitude,longitude,prior_temp,actual_temp,following_temp,before_temp_change,after_temp_change,across_temp_change,temp_category,accident_category
UP,0120GL009,2020-01-11,3:52 PM,Derailment,0,SUPERIOR,WI,16,2.0,Day,Snow,Yard,Yard/switching,2,52612,300,52912,M101,46.65356,-92.001725,13.3,8.5,18.2,-4.800000000000001,9.7,4.899999999999999,cold,Other
BNSF,TC0120114,2020-01-17,8:30 AM,Derailment,0,SUPERIOR,WI,4,1.0,Dawn,Clear,Yard,Yard/switching,5,1200,21318,22518,E35C,46.726895,-92.111632,-5.9,6.8,20.3,12.7,13.5,26.200000000000003,cold,Other
WC,961512,2018-06-02,3:57 PM,Derailment,0,SUPERIOR,WI,39,2.0,Day,Rain,Main,Freight Train,28,200,13513,13713,H220,46.65312,-92.016581,44.7,41.7,53.2,-3.0,11.5,8.5,hot,Other
WC,1091596,2022-01-02,8:10 PM,Other (describe in narrative),0,SUPERIOR,WI,-3,4.0,Dark,Clear,Main,Light loco(s),3,0,15000,15000,H702,46.65194,-92.157028,-8.9,-7.7,5.4,1.2000000000000002,13.100000000000001,14.3,cold,Other
BNSF,TC1221108,2021-12-25,5:00 AM,Derailment,0,SUPERIOR,WI,25,1.0,Dawn,Cloudy,Yard,Yard/switching,5,1000,149171,150171,T102,46.666497,-92.043538,32.0,14.2,22.2,-17.8,8.0,-9.8,cold,Track-related
BNSF,RD0317105,2017-03-04,7:30 PM,Derailment,0,SWEETWATER,TX,64,3.0,Dusk,Clear,Yard,Freight Train,4,76878,4000,80878,E25C,32.506202,-100.396188,52.0,54.9,64.1,2.8999999999999986,9.199999999999996,12.099999999999994,hot,Other
BNSF,GC1015111,2015-10-26,11:00 AM,Derailment,0,SWEETWATER,TX,70,2.0,Day,Clear,Yard,Yard/switching,6,25000,250,25250,H607,32.503312,-100.398649,55.8,55.9,64.1,0.10000000000000142,8.199999999999996,8.299999999999997,hot,Other
UP,0318FW019,2018-03-14,1:50 PM,Hwy-rail crossing,0,SWEETWATER,TX,69,2.0,Day,Clear,Main,Freight Train,47,49734,300,50034,M302,32.525858,-100.275968,50.9,53.8,62.5,2.8999999999999986,8.700000000000003,11.600000000000001,hot,Other
NYSW,150110A,2015-01-10,9:33 AM,Derailment,0,SYRACUSE,NY,15,2.0,Day,Clear,Main,Freight Train,3,6996,105000,111996,M204,43.048548,-76.16053,18.3,11.7,22.2,-6.600000000000001,10.5,3.8999999999999986,cold,Other
CSX,000207919,2022-10-20,1:30 AM,Derailment,0,SYRACUSE,NY,41,4.0,Dark,Rain,Industry,Freight Train,4,16380,96,16476,T112,43.087235,-76.124076,42.1,44.7,51.4,2.6000000000000014,6.699999999999996,9.299999999999997,hot,Track-related
TMBL,04302016A,2016-04-30,2:30 AM,Derailment,0,TACOMA,WA,45,4.0,Dark,Clear,Yard,Freight Train,0,0,500,41228,H503,47.260775,-122.398707,52.3,54.4,61.1,2.1000000000000014,6.700000000000003,8.800000000000004,hot,Other
BNSF,NW0416120,2016-04-30,2:30 AM,Derailment,0,TACOMA,WA,45,4.0,Dark,Clear,Yard,Freight Train,5,40728,0,41228,H503,47.260775,-122.398707,52.3,54.4,61.1,2.1000000000000014,6.700000000000003,8.800000000000004,hot,Other
BNSF,NW0222120,2022-02-26,8:15 PM,Derailment,0,TACOMA,WA,41,3.0,Dusk,Cloudy,Yard,Yard/switching,2,26283,2500,28783,T207,47.260286,-122.440533,34.2,36.5,46.7,2.299999999999997,10.200000000000003,12.5,hot,Track-related
NS,127180,2017-10-26,6:25 AM,Hwy-rail crossing,0,TALLAPOOSA,GA,40,1.0,Dawn,Clear,Main,Freight Train,26,5092,21845,26937,M303,33.744173,-85.287306,48.8,50.4,57.2,1.6000000000000014,6.800000000000004,8.400000000000006,hot,Other
RBMN,R11292301,2023-11-29,4:15 PM,Derailment,0,TAMAQUA,PA,27,2.0,Day,Clear,Main,Freight Train,7,3174,21296,24470,T221,40.808149,-75.942459,29.9,27.0,36.5,-2.8999999999999986,9.5,6.600000000000001,hot,Other
BNSF,RD1119101,2019-11-01,3:30 AM,Derailment,0,TEAGUE,TX,45,4.0,Dark,Cloudy,Main,Freight Train,5,7393,163500,185893,H607,31.627244,-96.285931,40.5,44.2,51.9,3.700000000000003,7.699999999999996,11.399999999999999,hot,Other
BNSF,RD1119101,2019-11-01,3:30 AM,Derailment,0,TEAGUE,TX,45,4.0,Dark,Cloudy,Main,Light loco(s),0,15000,0,185893,H607,31.627244,-96.285931,40.5,44.2,51.9,3.700000000000003,7.699999999999996,11.399999999999999,hot,Other
BNSF,GC0416105,2016-04-10,8:15 AM,Derailment,0,TEMPLE,TX,71,2.0,Day,Cloudy,Yard,Yard/switching,7,3999,275000,278999,H601,31.108612,-97.348619,63.1,69.1,76.9,5.999999999999993,7.800000000000011,13.800000000000004,hot,Other
BNSF,RD1219105,2019-12-07,1:14 PM,Derailment,0,TEMPLE,TX,70,2.0,Day,Clear,Yard,Single Car,5,37025,1500,38525,E0HC,31.077502,-97.332894,58.9,51.3,58.7,-7.600000000000001,7.400000000000006,-0.19999999999999574,hot,Other
BNSF,RD0218126,2018-02-26,11:48 AM,Other impacts,0,TEMPLE,TX,75,2.0,Day,Clear,Yard,Yard/switching,0,10667,0,47424,H020,31.1062,-97.348889,54.6,53.9,62.5,-0.7000000000000028,8.600000000000001,7.899999999999999,hot,Other
BNSF,RD0218126,2018-02-26,11:48 AM,Other impacts,0,TEMPLE,TX,75,2.0,Day,Clear,Yard,Yard/switching,10,10667,26090,47424,H020,31.1062,-97.348889,54.6,53.9,62.5,-0.7000000000000028,8.600000000000001,7.899999999999999,hot,Other
BNSF,GC0116106,2016-01-11,7:00 PM,Derailment,0,TEMPLE,TX,45,3.0,Dusk,Clear,Yard,Yard/switching,7,33473,16000,49473,H318,31.107762,-97.34866,36.1,39.3,46.2,3.1999999999999957,6.900000000000006,10.100000000000001,hot,Other
BNSF,GC0316116,2016-03-29,1:40 PM,Derailment,0,TENAHA,TX,75,2.0,Day,Cloudy,Main,Freight Train,6,8000,8000,16000,E31C,31.947505,-94.254357,57.8,62.1,71.7,4.300000000000004,9.600000000000001,13.900000000000006,hot,Other
BNSF,RD0118118,2018-01-26,3:00 PM,Derailment,0,TENAHA,TX,68,2.0,Day,Cloudy,Yard,Freight Train,5,18759,900,19659,H511,31.945201,-94.252493,42.0,49.4,59.4,7.399999999999999,10.0,17.4,hot,Other
INRD,644237,2018-02-22,10:44 AM,Derailment,0,TERRE HAUTE,IN,40,2.0,Day,Cloudy,Industry,Freight Train,3,10000,15000,25000,T202,39.442917,-87.416406,38.3,41.9,48.8,3.6000000000000014,6.899999999999999,10.5,hot,Track-related
UP,0320TO019,2020-03-17,1:19 PM,Derailment,0,TERRELL,TX,65,2.0,Day,Cloudy,Industry,Yard/switching,5,38514,2400,40914,T110,32.729803,-96.330403,57.2,63.8,71.9,6.599999999999994,8.100000000000009,14.700000000000003,hot,Track-related
UP,0622MA016,2022-06-11,3:45 PM,Derailment,0,TEXARKANA,AR,89,2.0,Day,Clear,Yard,Freight Train,3,6463,9380,15843,T110,33.428733,-94.029554,76.7,79.8,86.8,3.0999999999999943,7.0,10.099999999999994,hot,Track-related
UP,1117HO029,2017-11-24,3:30 PM,Derailment,0,TEXAS CITY,TX,62,2.0,Day,Clear,Yard,Freight Train,5,267126,3290,270416,T221,29.34745,-94.939972,55.6,60.3,67.9,4.699999999999996,7.6000000000000085,12.300000000000004,hot,Other
GDLK,180102003,2018-01-02,2:00 PM,Hwy-rail crossing,0,THREE RIVERS,MI,8,2.0,Day,Clear,Main,Freight Train,25,1140,27335,28475,M302,41.954695,-85.639436,7.3,-0.1,12.7,-7.3999999999999995,12.799999999999999,5.3999999999999995,cold,Other
IC,1097598,2022-03-21,3:03 PM,Hwy-rail crossing,0,TICKFAW,LA,77,2.0,Day,Clear,Main,Passenger Train - Pulling,0,0,0,29362,M302,30.557091,-90.477028,58.0,62.5,72.1,4.5,9.599999999999994,14.099999999999994,hot,Other
ATK,170074,2022-03-21,3:03 PM,Hwy-rail crossing,0,TICKFAW,LA,77,2.0,Day,Clear,Main,Passenger Train - Pulling,77,29362,0,29362,M302,30.557091,-90.477028,58.0,62.5,72.1,4.5,9.599999999999994,14.099999999999994,hot,Other
CSX,000196792,2021-04-03,8:41 AM,Fire/violent rupture,0,TIFFIN,OH,36,2.0,Day,Cloudy,Main,Freight Train,25,26016,0,26016,E99L,41.115664,-83.134998,33.7,45.9,54.8,12.199999999999996,8.899999999999999,21.099999999999994,hot,Other
NS,118632,2015-12-20,3:25 PM,Derailment,0,TILTON,IL,49,2.0,Day,Clear,Yard,Yard/switching,5,17200,500,17700,H399,40.09566,-87.652393,25.9,40.5,48.4,14.600000000000001,7.899999999999999,22.5,hot,Other
NS,156180,2024-03-28,5:20 AM,Derailment,0,TIPTON,IN,28,1.0,Dawn,Clear,Industry,Freight Train,3,55508,0,55508,T113,40.288163,-86.004789,36.6,41.2,49.3,4.600000000000001,8.099999999999994,12.699999999999996,hot,Track-related
NS,132234,2018-12-30,6:30 PM,Derailment,0,TOLEDO,OH,32,3.0,Dusk,Clear,Yard,Yard/switching,5,21010,3547,24557,H020,41.638049,-83.554031,33.9,32.1,39.3,-1.7999999999999972,7.199999999999996,5.399999999999999,hot,Other
UP,0120HL031,2020-01-21,4:25 PM,Other impacts,0,TOPEKA,KS,34,2.0,Day,Clear,Yard,Cut of cars,0,0,0,93893,H307,39.072138,-95.683865,15.9,20.9,35.6,4.999999999999998,14.700000000000003,19.700000000000003,moderate,Other
UP,0120HL031,2020-01-21,4:25 PM,Other impacts,0,TOPEKA,KS,34,2.0,Day,Clear,Yard,Freight Train,8,91115,2778,93893,H307,39.072138,-95.683865,15.9,20.9,35.6,4.999999999999998,14.700000000000003,19.700000000000003,moderate,Other
UP,0720HL018,2020-07-16,6:00 PM,Side collision,0,TOPEKA,KS,82,3.0,Dusk,Clear,Yard,Freight Train,0,35184,0,102686,H307,39.072841,-95.685403,77.5,76.2,83.3,-1.2999999999999972,7.099999999999994,5.799999999999997,hot,Other
BNSF,KS0315110,2015-03-20,10:30 AM,Derailment,0,TOPEKA,KS,70,2.0,Day,Clear,Yard,Light loco(s),3,79122,50000,129122,H995,39.054435,-95.643293,39.7,47.9,57.4,8.199999999999996,9.5,17.699999999999996,hot,Other
UP,0220HL008,2020-02-08,3:00 PM,Derailment,0,TOPEKA,KS,45,2.0,Day,Clear,Yard,Yard/switching,3,13662,67170,80832,H525,39.06636,-95.668822,33.0,31.8,40.6,-1.1999999999999993,8.8,7.600000000000001,hot,Other
UP,0221HL021,2021-02-19,7:51 PM,Derailment,0,TOPEKA,KS,32,3.0,Dusk,Cloudy,Main,Freight Train,12,3369,53913,57282,E60C,39.066255,-95.674337,15.5,22.6,29.7,7.100000000000001,7.099999999999998,14.2,moderate,Other
UP,0720HL018,2020-07-16,6:00 PM,Side collision,0,TOPEKA,KS,82,3.0,Dusk,Clear,Yard,Freight Train,1,61982,5520,102686,H307,39.072841,-95.685403,77.5,76.2,83.3,-1.2999999999999972,7.099999999999994,5.799999999999997,hot,Other
BNSF,KS1120107,2020-11-13,5:30 PM,Derailment,0,TOPEKA,KS,60,3.0,Dusk,Clear,Yard,Light loco(s),4,23952,250,24202,H703,39.054293,-95.644769,41.5,34.5,56.0,-7.0,21.5,14.5,hot,Other
CRSH,140701,2021-02-22,12:45 AM,Derailment,0,TRAINER,PA,30,4.0,Dark,Clear,Yard,Work train,3,26334,5000,31334,M101,39.806265,-74.434205,28.5,32.6,40.2,4.100000000000001,7.600000000000001,11.700000000000003,hot,Other
SNJX,20190201,2019-02-01,11:36 AM,Other (describe in narrative),0,TRENTON,NJ,22,2.0,Day,Clear,Main,EMU,0,40000,0,40000,M406,40.255268,-74.703926,9.2,13.2,21.4,4.0,8.2,12.2,cold,Other
IC,839947,2015-02-05,4:45 PM,Derailment,0,TRIMBLE,TN,50,2.0,Day,Clear,Main,Freight Train,42,2396,354162,356558,E53C,36.203176,-89.19249,38.9,24.5,32.7,-14.399999999999999,8.200000000000003,-6.199999999999996,moderate,Other
UP,0321LA040,2021-03-27,3:15 AM,Other impacts,0,TUCSON,AZ,51,4.0,Dark,Cloudy,Yard,Single Car,5,13406,0,14778,H307,32.203168,-110.938679,56.0,58.0,65.8,2.0,7.799999999999997,9.799999999999997,hot,Other
UP,0321LA040,2021-03-27,3:15 AM,Other impacts,0,TUCSON,AZ,51,4.0,Dark,Cloudy,Yard,Freight Train,4,272,1100,14778,H307,32.203168,-110.938679,56.0,58.0,65.8,2.0,7.799999999999997,9.799999999999997,hot,Other
BNSF,RD1021104,2021-10-07,6:00 AM,Side collision,0,TULSA,OK,65,1.0,Dawn,Clear,Yard,Yard/switching,2,32585,3000,60386,H308,36.126069,-96.010941,67.6,70.9,78.1,3.3000000000000114,7.199999999999989,10.5,hot,Other
BNSF,RD1021104,2021-10-07,6:00 AM,Side collision,0,TULSA,OK,65,1.0,Dawn,Clear,Yard,Yard/switching,5,24801,0,60386,H308,36.126069,-96.010941,67.6,70.9,78.1,3.3000000000000114,7.199999999999989,10.5,hot,Other
BNSF,SF1214107,2014-12-04,1:30 PM,Obstruction,0,TULSA,OK,50,2.0,Day,Clear,Main,Maint./inspect Car,2,1000,13052,14052,H022,36.188122,-95.813931,43.6,47.3,54.5,3.6999999999999957,7.200000000000003,10.899999999999999,hot,Other
BNSF,RD0522132,2022-05-28,6:17 AM,Derailment,0,TULSA,OK,60,1.0,Dawn,Clear,Yard,Yard/switching,9,35610,390000,425610,M407,36.121797,-96.012154,67.6,73.7,81.0,6.1000000000000085,7.299999999999997,13.400000000000006,hot,Other
BNSF,RD0221118,2021-02-20,12:27 AM,Derailment,0,TULSA,OK,10,4.0,Dark,Clear,Yard,Yard/switching,6,15284,63757,79041,S011,36.107977,-96.019672,20.7,33.7,44.5,13.000000000000004,10.799999999999997,23.8,hot,Other
BNSF,RD0223101,2023-02-01,1:12 PM,Derailment,0,TULSA,OK,30,2.0,Day,Cloudy,Yard,Light loco(s),5,2500,14000,16500,M404,36.11792,-96.012848,22.5,25.3,33.4,2.8000000000000007,8.099999999999998,10.899999999999999,moderate,Other
SKOL,180625003,2018-06-25,6:00 PM,Derailment,0,TULSA,OK,91,2.0,Day,Clear,Siding,Cut of cars,0,12000,0,12000,M599,36.176476,-95.983325,73.2,74.7,85.1,1.5,10.399999999999991,11.899999999999991,hot,Other
BNSF,RD0517100,2017-05-01,8:15 PM,Side collision,0,TULSA,OK,60,3.0,Dusk,Clear,Yard,Yard/switching,7,4000,0,20374,M408,36.122884,-96.010654,52.1,56.6,63.9,4.5,7.299999999999997,11.799999999999997,hot,Other
BNSF,RD0219122,2019-02-22,2:36 AM,Derailment,0,TULSA,OK,41,4.0,Dark,Cloudy,Yard,Yard/switching,7,12439,32000,44439,H507,36.112271,-96.015032,42.4,44.1,51.3,1.7000000000000028,7.199999999999996,8.899999999999999,hot,Other
TSU,212018,2018-10-29,1:05 PM,Derailment,0,TULSA,OK,75,2.0,Day,Clear,Main,Freight Train,7,3000,15000,18000,T111,36.067392,-95.98643,61.6,61.6,68.5,0.0,6.899999999999999,6.899999999999999,hot,Track-related
BNSF,RD0323122,2023-03-21,8:48 PM,Derailment,0,TULSA,OK,50,3.0,Dusk,Clear,Industry,Light loco(s),7,2000,16849,18849,T403,36.1889,-95.812691,45.7,50.1,70.6,4.399999999999999,20.499999999999993,24.89999999999999,hot,Track-related
ABS,210129004,2021-01-29,8:15 PM,Derailment,0,TUSCALOOSA,AL,35,4.0,Dark,Clear,Industry,Yard/switching,4,12200,10300,22500,H510,33.202585,-87.603737,42.0,40.8,52.6,-1.2000000000000028,11.800000000000004,10.600000000000001,hot,Other
NS,114625,2015-03-02,11:58 AM,Hwy-rail crossing,0,TUSCALOOSA,AL,60,2.0,Day,Cloudy,Main,Freight Train,43,11239,39001,50240,M302,33.138536,-87.573351,53.8,52.8,60.3,-1.0,7.5,6.5,hot,Other
KCS,15030201,2015-03-02,12:15 PM,Other impacts,0,UNION,MS,55,2.0,Day,Cloudy,Yard,Cut of cars,1,8768,0,27006,H318,32.566917,-89.120556,53.3,54.4,62.5,1.1000000000000014,8.100000000000001,9.200000000000003,hot,Other
SWP,211201SWP,2021-12-01,7:48 AM,Derailment,0,UNIONTOWN,PA,36,1.0,Dawn,Cloudy,Industry,Freight Train,9,4700,28000,32700,T110,39.875642,-79.713005,39.9,42.4,53.3,2.5,10.899999999999999,13.399999999999999,hot,Track-related
UP,1119SX001,2019-11-01,12:30 AM,Derailment,0,UVALDE,TX,38,4.0,Dark,Clear,Main,Freight Train,37,27429,280772,308201,E62C,29.238511,-99.978394,43.9,46.8,53.9,2.8999999999999986,7.100000000000001,10.0,hot,Other
MNCW,2015020343,2015-02-03,6:27 PM,Hwy-rail crossing,0,VALHALLA,NY,16,4.0,Dark,Clear,Main,EMU,58,3600000,100000,3700000,M308,41.086275,-73.788032,23.5,16.5,27.0,-7.0,10.5,3.5,moderate,Other
MNCW,2017051722,2017-05-17,3:42 PM,Obstruction,0,VALHALLA,NY,70,2.0,Day,Clear,Main,EMU,28,145204,43311,188515,M404,41.072515,-73.772175,66.8,71.9,83.1,5.1000000000000085,11.199999999999989,16.299999999999997,hot,Other
BNSF,MT0217101,2017-02-09,5:02 PM,Derailment,0,VALIER,MT,30,3.0,Dusk,Clear,Main,Cut of cars,10,16600,2000,18600,M502,48.300468,-112.2164,-12.1,23.3,35.9,35.4,12.599999999999998,48.0,moderate,Other
BNSF,RD1023126,2023-10-17,7:30 PM,Other (describe in narrative),0,VALLEY VIEW,TX,65,3.0,Dusk,Cloudy,Main,Spec. MoW Equip.,10,0,25000,25000,H607,33.495889,-97.162634,51.5,54.5,64.8,3.0,10.299999999999997,13.299999999999997,hot,Other
UP,1117SL017,2017-11-23,6:40 PM,Fire/violent rupture,0,VALMEYER,IL,32,4.0,Dark,Cloudy,Main,Freight Train,40,234513,2747,237260,E73L,38.209166,-90.271033,31.6,40.3,51.7,8.699999999999996,11.400000000000006,20.1,hot,Other
UP,1119ST002,2019-11-02,3:33 AM,Fire/violent rupture,0,VAN HORN,TX,41,4.0,Dark,Clear,Main,Freight Train,30,281641,0,281641,E73L,31.097548,-104.118797,52.4,48.1,59.2,-4.299999999999997,11.100000000000001,6.800000000000004,hot,Other
NS,156032,2024-03-13,3:15 PM,Hwy-rail crossing,0,VANCE,AL,78,2.0,Day,Clear,Main,Freight Train,50,314,25000,25314,M303,33.174832,-87.233324,55.6,60.4,68.5,4.799999999999997,8.100000000000001,12.899999999999999,hot,Other
BNSF,NW0718113,2018-07-14,9:15 AM,Derailment,0,VANCOUVER,WA,70,2.0,Day,Clear,Yard,Yard/switching,5,50300,211888,262188,H306,45.634707,-122.686575,77.1,74.3,81.0,-2.799999999999997,6.700000000000003,3.9000000000000057,hot,Other
PNWR,PNW865624R,2024-07-15,2:49 PM,Derailment,0,VANCOUVER,WA,86,2.0,Day,Clear,Yard,Freight Train,9,45000,0,45000,H702,45.650972,-122.688444,75.2,70.6,77.7,-4.6000000000000085,7.1000000000000085,2.5,hot,Other
BNSF,NW0724114,2024-07-15,2:49 PM,Derailment,0,VANCOUVER,WA,82,2.0,Day,Clear,Yard,Yard/switching,0,0,18153,18153,H307,45.645791,-122.687643,75.2,70.6,77.7,-4.6000000000000085,7.1000000000000085,2.5,hot,Other
NS,114587,2015-02-28,12:30 PM,Derailment,0,VANSANT,VA,19,2.0,Day,Snow,Industry,Freight Train,3,35500,0,35500,M101,37.202809,-82.093854,22.3,28.5,41.6,6.199999999999999,13.100000000000001,19.3,hot,Other
TRRA,19027,2019-11-12,7:58 AM,Derailment,0,VENICE,IL,17,1.0,Dawn,Clear,Yard,Yard/switching,8,30000,17864,47864,T311,38.661335,-90.159645,31.9,15.6,24.2,-16.299999999999997,8.6,-7.699999999999999,moderate,Track-related
TRRA,16020,2016-12-15,12:33 PM,Derailment,0,VENICE,IL,22,2.0,Day,Clear,Yard,Yard/switching,10,4410,13130,17540,T399,38.663925,-90.159716,23.9,18.8,26.0,-5.099999999999998,7.199999999999999,2.1000000000000014,moderate,Track-related
KCS,14111902,2014-11-19,6:00 PM,Derailment,0,VICKSBURG,MS,40,4.0,Dark,Clear,Yard,Spec. MoW Equip.,5,35053,13898,48951,T110,32.345688,-90.872804,33.4,42.6,52.2,9.200000000000003,9.600000000000001,18.800000000000004,hot,Track-related
KCS,18041601,2018-04-16,6:17 AM,Derailment,0,VIDOR,TX,47,1.0,Dawn,Clear,Siding,Freight Train,9,287003,182948,469951,T207,30.124415,-94.013166,54.0,57.8,67.6,3.799999999999997,9.799999999999997,13.599999999999994,hot,Track-related
CSX,000180079,2018-11-28,6:30 AM,Derailment,0,VINCENNES,IN,19,1.0,Dawn,Clear,Yard,Freight Train,4,75518,1590,77108,H702,38.676928,-87.519565,23.7,24.7,41.9,1.0,17.2,18.2,moderate,Other
IANR,VID0221211,2021-02-21,10:20 PM,Derailment,0,VINTON,IA,29,4.0,Dark,Snow,Industry,Freight Train,6,24621,10600,35221,M599,42.164748,-92.03161,14.8,25.2,33.7,10.399999999999999,8.500000000000004,18.900000000000002,moderate,Other
BNSF,TC1214100,2014-12-01,6:00 AM,Derailment,0,WADENA,MN,-11,1.0,Dawn,Clear,Main,Freight Train,53,1667508,168466,1835974,T201,46.457979,-95.181902,3.3,-4.0,12.4,-7.3,16.4,9.100000000000001,cold,Track-related
UP,0215SA025,2015-02-24,5:49 AM,Other (describe in narrative),0,WAELDER,TX,33,4.0,Dark,Cloudy,Main,Freight Train,38,9554,14058,23612,E34C,29.679239,-97.221274,35.7,34.7,45.4,-1.0,10.699999999999996,9.699999999999996,hot,Other
CSX,000204452,2022-04-23,7:00 AM,Derailment,0,WALBRIDGE,OH,55,1.0,Dawn,Clear,Yard,Yard/switching,4,40576,1000,41576,H702,41.589911,-83.496929,48.8,66.4,74.0,17.60000000000001,7.599999999999994,25.200000000000003,hot,Other
CSX,000194125,2020-11-24,10:50 PM,Other impacts,0,WALBRIDGE,OH,35,4.0,Dark,Cloudy,Yard,Cut of cars,4,2204,0,33801,H318,41.58993,-83.49686,39.2,36.3,46.6,-2.9000000000000057,10.300000000000004,7.399999999999999,hot,Other
CSX,000167054,2017-02-26,2:42 AM,Derailment,0,WALBRIDGE,OH,25,4.0,Dark,Cloudy,Yard,Yard/switching,4,166572,17304,183876,E67C,41.586779,-83.537302,36.4,33.0,40.7,-3.3999999999999986,7.700000000000003,4.300000000000004,hot,Other
CSX,000194125,2020-11-24,10:50 PM,Other impacts,0,WALBRIDGE,OH,35,4.0,Dark,Cloudy,Yard,Cut of cars,4,31247,0,33801,H318,41.58993,-83.49686,39.2,36.3,46.6,-2.9000000000000057,10.300000000000004,7.399999999999999,hot,Other
CSX,000194125,2020-11-24,10:50 PM,Other impacts,0,WALBRIDGE,OH,35,4.0,Dark,Cloudy,Yard,Single Car,4,350,0,33801,H318,41.58993,-83.49686,39.2,36.3,46.6,-2.9000000000000057,10.300000000000004,7.399999999999999,hot,Other
GRS,20230320B1,2023-03-20,2:05 PM,Derailment,0,WALES,ME,40,2.0,Day,Clear,Siding,Freight Train,4,141665,18000,159665,T314,44.20603,-70.079785,29.7,31.7,38.4,2.0,6.699999999999999,8.7,hot,Track-related
NS,120610,2016-05-23,12:15 AM,Derailment,0,WALKERTOWN,NC,60,4.0,Dark,Clear,Main,Freight Train,2,5150,56731,61881,H525,36.172579,-80.166503,64.2,60.5,67.6,-3.700000000000003,7.099999999999994,3.3999999999999915,hot,Other
MCRL,MC160322A,2016-03-22,5:19 AM,Derailment,0,WALPOLE,MA,35,1.0,Dawn,Cloudy,Yard,Freight Train,0,0,26648,28034,T110,42.144701,-71.257939,35.0,39.8,50.2,4.799999999999997,10.400000000000006,15.200000000000003,hot,Track-related
UP,1019HL039,2019-10-30,4:10 PM,Derailment,0,WALSENBURG,CO,18,2.0,Day,Snow,Industry,Freight Train,0,0,744,1488,H017,38.185176,-104.613996,19.1,8.5,21.0,-10.600000000000001,12.5,1.8999999999999986,cold,Other
CSX,000210559,2023-03-31,3:20 AM,Derailment,0,WAPPINGERS FALLS,NY,44,4.0,Dark,Clear,Main,Freight Train,40,3211,0,1608211,E54C,41.555723,-73.967515,36.5,38.2,56.2,1.7000000000000028,18.0,19.700000000000003,hot,Other
MNCW,79492,2023-03-31,3:20 AM,Derailment,0,WAPPINGERS FALLS,NY,44,4.0,Dark,Clear,Main,Freight Train,0,0,1605000,1608211,E54C,41.555723,-73.967515,36.5,38.2,56.2,1.7000000000000028,18.0,19.700000000000003,hot,Other
BNSF,TC0118112,2018-01-18,2:30 PM,Obstruction,0,WARREN,MN,25,2.0,Day,Clear,Main,Freight Train,23,10000,0,160000,H221,48.192404,-96.769531,16.3,26.2,32.9,9.899999999999999,6.699999999999999,16.599999999999998,moderate,Other
NPR,GX011801,2018-01-18,2:30 PM,Obstruction,0,WARREN,MN,29,2.0,Day,Clear,Main,Spec. MoW Equip.,15,150000,0,160000,H221,48.192409,-96.769534,16.3,26.2,32.9,9.899999999999999,6.699999999999999,16.599999999999998,moderate,Other
CSX,000137940,2014-11-23,5:00 AM,Derailment,0,WASHINGTON,DC,50,1.0,Dawn,Cloudy,Yard,Freight Train,5,18027,200,18227,T220,38.88197,-76.966246,38.2,48.9,65.5,10.699999999999996,16.6,27.299999999999997,hot,Other
ATK,165656,2020-10-18,1:30 AM,Derailment,0,WASHINGTON,DC,46,4.0,Dark,Clear,Yard,Yard/switching,3,20400,968,21368,H702,38.898654,-77.006668,53.9,55.9,62.7,2.0,6.800000000000004,8.800000000000004,hot,Other
ATK,160975,2019-09-08,5:25 PM,Obstruction,0,WASHINGTON,MO,79,2.0,Day,Cloudy,Main,Passenger Train - Pulling,33,52963,0,53563,M404,38.549061,-90.9851,70.7,71.1,79.9,0.3999999999999915,8.800000000000011,9.200000000000003,hot,Other
CSX,000138125,2014-11-28,9:19 AM,Hwy-rail crossing,0,WASHINGTON,WV,31,2.0,Day,Clear,Main,Freight Train,29,47089,0,47089,M308,39.245344,-81.68533,32.3,28.9,41.5,-3.3999999999999986,12.600000000000001,9.200000000000003,hot,Other
UP,0919MA019,2019-09-08,5:25 PM,Obstruction,0,WASHINGTON,MO,81,2.0,Day,Cloudy,Main,Passenger Train - Pulling,0,0,600,53563,M404,38.551677,-90.991262,70.7,71.1,79.9,0.3999999999999915,8.800000000000011,9.200000000000003,hot,Other