reportingrailroadcode,accidentnumber,date,time,accidenttype,hazmatreleasedcars,station,stateabbr,temperature,visibility_code,visibility,weathercondition,tracktype,equipmenttype,trainspeed,equipmentdamagecost,trackdamagecost,totaldamagecost,primaryaccidentcausecode,latitude,longitude,prior_temp,actual_temp,following_temp,before_temp_change,after_temp_change,across_temp_change,temp_category,accident_category
ATK,169659,2022-02-02,7:00 PM,Derailment,0,WASHINGTON,DC,45,4.0,Dark,Clear,Yard,Yard/switching,0,114518,1854,116372,T319,38.913492,-76.993173,32.8,37.5,46.8,4.700000000000003,9.299999999999997,14.0,hot,Track-related
CSX,000159422,2016-05-01,6:35 AM,Derailment,2,WASHINGTON DC,DC,50,4.0,Dark,Rain,Main,Freight Train,27,421774,487085,908859,E54C,38.929578,-76.993878,53.9,54.9,62.7,1.0,7.800000000000004,8.800000000000004,hot,Other
ATK,136447,2015-02-20,7:55 AM,Other impacts,0,"WASHINGTON, DC",DC,8,1.0,Dawn,Clear,Yard,Light loco(s),0,19646,0,19646,H401,38.903591,-77.004097,16.1,13.4,22.8,-2.700000000000001,9.4,6.699999999999999,cold,Other
ATK,136447,2015-02-20,7:55 AM,Other impacts,0,"WASHINGTON, DC",DC,8,1.0,Dawn,Clear,Yard,Yard/switching,5,0,0,19646,H401,38.903591,-77.004097,16.1,13.4,22.8,-2.700000000000001,9.4,6.699999999999999,cold,Other
ATK,136348,2015-02-21,4:30 AM,Derailment,0,"WASHINGTON, DC",DC,5,4.0,Dark,Clear,Yard,Light loco(s),4,20200,0,20200,H303,38.911556,-76.999483,13.4,22.8,39.8,9.4,16.999999999999996,26.4,moderate,Other
UP,0221MA003,2021-02-03,7:41 AM,Hwy-rail crossing,0,WASKOM,TX,33,1.0,Dawn,Clear,Main,Freight Train,54,17083,53384,70467,M302,32.475961,-94.049928,42.6,47.3,58.9,4.699999999999996,11.600000000000001,16.299999999999997,hot,Other
IANR,WLD0213191,2019-02-13,12:01 AM,Other impacts,0,WATERLOO,IA,8,4.0,Dark,Snow,Yard,Light loco(s),7,12461,3500,35662,H525,42.465371,-92.314843,22.4,11.7,24.3,-10.7,12.600000000000001,1.9000000000000021,cold,Other
IANR,WLD0213191,2019-02-13,12:01 AM,Other impacts,0,WATERLOO,IA,8,4.0,Dark,Snow,Yard,Light loco(s),0,19701,0,35662,H525,42.465371,-92.314843,22.4,11.7,24.3,-10.7,12.600000000000001,1.9000000000000021,cold,Other
CSX,000209794,2023-02-14,8:45 AM,Derailment,0,WAYCROSS,GA,55,2.0,Day,Clear,Yard,Freight Train,10,65218,5766,70984,H702,31.21353,-82.353568,53.4,56.1,62.9,2.700000000000003,6.799999999999997,9.5,hot,Other
CSX,000174143,2018-01-20,7:30 AM,Derailment,0,WAYCROSS,GA,29,1.0,Dawn,Clear,Yard,Freight Train,5,44625,1613,46238,H522,31.207189,-82.336591,39.1,45.2,54.1,6.100000000000001,8.899999999999999,15.0,hot,Other
CSX,000158583,2016-03-30,4:05 AM,Derailment,0,WAYCROSS,GA,50,4.0,Dark,Clear,Yard,Freight Train,8,12450,19153,31603,T220,31.213524,-82.353588,66.4,66.0,74.8,-0.4000000000000057,8.799999999999997,8.399999999999991,hot,Other
CSX,000216898,2024-03-20,6:00 PM,Derailment,0,WAYCROSS,GA,75,3.0,Dusk,Clear,Yard,Yard/switching,7,5841,29559,35400,M411,31.213509,-82.353557,50.5,55.8,62.8,5.299999999999997,7.0,12.299999999999997,hot,Other
CSX,000142366,2015-03-02,3:15 PM,Derailment,0,WAYCROSS,GA,65,2.0,Day,Clear,Yard,Yard/switching,7,91447,29453,120900,M411,31.213524,-82.353589,52.3,61.5,70.8,9.200000000000003,9.299999999999997,18.5,hot,Other
CSX,000179789,2018-11-11,11:28 PM,Derailment,0,WAYCROSS,GA,54,4.0,Dark,Clear,Yard,Freight Train,0,0,97,13607,H399,31.213524,-82.353588,59.6,54.1,61.7,-5.5,7.600000000000001,2.1000000000000014,hot,Other
NS,143728,2021-12-09,1:28 AM,Derailment,0,WAYNESBURG,PA,21,4.0,Dark,Clear,Main,Freight Train,17,391650,303134,694784,E53C,39.911809,-80.220421,28.8,34.1,52.3,5.300000000000001,18.199999999999996,23.499999999999996,hot,Other
BNSF,KS1115102,2015-11-09,6:30 PM,Derailment,0,WAYNOKA,OK,60,3.0,Dusk,Clear,Yard,Yard/switching,3,32800,0,32800,H008,36.6036,-98.874363,48.2,52.0,59.5,3.799999999999997,7.5,11.299999999999997,hot,Other
UP,0419TO004,2019-04-03,4:15 AM,Derailment,0,WEATHERFORD,TX,51,1.0,Dawn,Cloudy,Main,Freight Train,0,0,268151,1648151,H519,32.783178,-97.900207,56.8,59.8,71.4,3.0,11.600000000000009,14.600000000000009,hot,Other
BNSF,RD0419103,2019-04-03,4:15 AM,Derailment,0,WEATHERFORD,TX,51,1.0,Dawn,Clear,Main,Freight Train,28,1380000,0,1648151,H519,32.783178,-97.900207,56.8,59.8,71.4,3.0,11.600000000000009,14.600000000000009,hot,Other
UP,1115WH006,2015-11-09,12:10 AM,Derailment,0,WELCH,OK,35,4.0,Dark,Cloudy,Main,Freight Train,43,16535,10000,26535,H503,36.981998,-95.095365,45.6,47.8,57.9,2.1999999999999957,10.100000000000001,12.299999999999997,hot,Other
UP,0323HL005,2023-03-04,5:13 PM,Derailment,0,WELLINGTON,KS,61,2.0,Day,Clear,Main,Freight Train,29,1101365,136878,1238243,T220,37.368384,-97.392025,45.1,50.6,59.9,5.5,9.299999999999997,14.799999999999997,hot,Other
BNSF,KS0324110,2024-03-23,10:00 AM,Derailment,0,WELLINGTON,KS,37,2.0,Day,Cloudy,Yard,Freight Train,10,30079,36711,66790,T207,37.260921,-97.391692,52.6,43.1,52.1,-9.5,9.0,-0.5,hot,Track-related
UP,0119RM043,2019-01-15,10:26 AM,Derailment,0,WELLSVILLE,UT,19,2.0,Day,Snow,Main,Freight Train,5,14073,1089,15162,T101,41.656192,-111.934506,12.5,14.5,27.5,2.0,13.0,15.0,cold,Track-related
NS,133421,2019-04-01,11:45 PM,Derailment,0,WENTZVILLE,MO,72,4.0,Dark,Clear,Industry,Yard/switching,6,300,12361,12661,H303,38.812783,-90.836192,37.5,41.5,49.8,4.0,8.299999999999997,12.299999999999997,hot,Other
NS,139776,2020-11-18,4:40 PM,Derailment,0,WENTZVILLE,MO,52,3.0,Dusk,Clear,Yard,Light loco(s),4,27438,450,27888,T207,38.812284,-90.831317,42.6,47.2,62.5,4.600000000000001,15.299999999999997,19.9,hot,Track-related
UP,1222PR002,2022-12-04,9:01 AM,Derailment,0,WEST CHICAGO,IL,24,2.0,Day,Clear,Yard,Yard/switching,7,15657,54816,70473,H702,41.883662,-88.21864,27.5,27.2,35.1,-0.3000000000000007,7.900000000000002,7.600000000000001,hot,Other
WC,1061560,2021-02-15,8:15 AM,Derailment,0,WEST CHICAGO,IL,21,2.0,Day,Snow,Main,Freight Train,27,173731,235674,409405,E51C,41.887634,-88.209397,-2.2,3.1,10.6,5.300000000000001,7.5,12.8,cold,Other
NS,123784,2017-01-31,9:50 PM,Other impacts,0,WEST FAIRVIEW,PA,32,4.0,Dark,Clear,Yard,Yard/switching,4,18795,0,37591,E08C,40.279807,-76.922451,30.5,32.1,42.9,1.6000000000000014,10.799999999999997,12.399999999999999,hot,Other
NS,152723,2023-03-20,11:30 AM,Derailment,0,WEST FAIRVIEW,PA,60,2.0,Day,Clear,Yard,Yard/switching,7,27100,5341,32441,H503,40.279833,-76.922472,32.8,39.6,46.4,6.800000000000004,6.799999999999997,13.600000000000001,hot,Other
NS,140792,2021-03-02,4:00 AM,Other impacts,0,WEST FAIRVIEW,PA,21,1.0,Dawn,Clear,Yard,Cut of cars,6,46906,0,185222,M404,40.279807,-76.922451,41.4,32.1,41.6,-9.299999999999997,9.5,0.20000000000000284,hot,Other
NS,140792,2021-03-02,4:00 AM,Other impacts,0,WEST FAIRVIEW,PA,21,1.0,Dawn,Clear,Yard,Yard/switching,7,136294,2022,185222,M404,40.279807,-76.922451,41.4,32.1,41.6,-9.299999999999997,9.5,0.20000000000000284,hot,Other
NS,123784,2017-01-31,9:50 PM,Other impacts,0,WEST FAIRVIEW,PA,32,4.0,Dark,Clear,Yard,Cut of cars,0,18796,0,37591,E08C,40.279807,-76.922451,30.5,32.1,42.9,1.6000000000000014,10.799999999999997,12.399999999999999,hot,Other
BNSF,MT1122103,2022-11-20,7:50 PM,Derailment,0,WEST GLACIER,MT,18,3.0,Dusk,Clear,Main,Freight Train,37,8738,11475,20213,E33C,48.495178,-113.950971,14.0,16.8,23.9,2.8000000000000007,7.099999999999998,9.899999999999999,moderate,Other
KBSR,03082024,2024-03-11,11:07 AM,Derailment,0,WEST LAFAYETTE,IN,55,2.0,Day,Rain,Main,Freight Train,10,50000,150000,200000,T202,40.427107,-86.944174,37.1,43.2,55.3,6.100000000000001,12.099999999999994,18.199999999999996,hot,Track-related
NS,127478,2017-11-20,7:30 AM,Derailment,0,WEST MIFFLIN,PA,34,1.0,Dawn,Cloudy,Yard,Freight Train,3,50000,60320,110320,T110,40.394334,-79.870305,37.3,34.7,45.9,-2.5999999999999943,11.199999999999996,8.600000000000001,hot,Track-related
CSX,000202198,2020-05-21,3:35 PM,Obstruction,0,WEST SPRINGFIELD,MA,70,2.0,Day,Clear,Main,Passenger Train - Pulling,0,0,0,12641,M404,42.101332,-72.599464,57.1,57.8,66.7,0.6999999999999957,8.900000000000006,9.600000000000001,hot,Other
ATK,164453,2020-05-21,3:35 PM,Obstruction,0,WEST SPRINGFIELD,MA,70,2.0,Day,Clear,Main,Passenger Train - Pulling,0,12641,0,12641,M404,42.099247,-72.602325,57.1,57.8,66.7,0.6999999999999957,8.900000000000006,9.600000000000001,hot,Other
CSX,000156656,2016-01-30,5:10 PM,Derailment,0,WEST SPRINGFIELD,MA,35,3.0,Dusk,Clear,Yard,Freight Train,4,332010,6506,338516,T220,42.098671,-72.620755,32.6,31.7,42.1,-0.9000000000000021,10.400000000000002,9.5,hot,Other
CSX,000155846,2016-01-08,1:45 AM,Derailment,0,WEST SPRINGFIELD,MA,23,4.0,Dark,Clear,Yard,Freight Train,7,22642,1052,23694,T311,42.098671,-72.620755,22.1,28.3,38.1,6.199999999999999,9.8,16.0,hot,Track-related
DMVW,DM221018A,2022-10-18,8:20 PM,Hwy-rail crossing,0,WESTBY,MT,46,4.0,Dark,Clear,Industry,Freight Train,3,30000,0,30000,M302,48.872946,-104.051468,39.5,43.0,51.6,3.5,8.600000000000001,12.100000000000001,hot,Other
GRS,20161101L1,2016-11-01,7:15 PM,Derailment,0,WESTFORD,MA,45,4.0,Dark,Clear,Main,Freight Train,10,40100,19324,59424,M201,42.599424,-71.427258,42.4,39.1,54.6,-3.299999999999997,15.5,12.200000000000003,hot,Other
BNSF,PR0219104,2019-02-04,3:00 PM,Rear end collision,0,WHEATLAND,WY,27,2.0,Day,Cloudy,Main,Freight Train,0,527667,0,1735220,H605,42.347817,-104.899184,40.6,16.7,23.9,-23.900000000000002,7.199999999999999,-16.700000000000003,moderate,Other
BNSF,PR0219104,2019-02-04,3:00 PM,Rear end collision,0,WHEATLAND,WY,27,2.0,Day,Cloudy,Main,Freight Train,23,997553,210000,1735220,H605,42.347817,-104.899184,40.6,16.7,23.9,-23.900000000000002,7.199999999999999,-16.700000000000003,moderate,Other
BNSF,MT0115101,2015-01-09,8:30 AM,Derailment,0,WHITEFISH,MT,6,1.0,Dawn,Clear,Yard,Freight Train,8,21000,39000,60000,T110,48.413709,-114.330503,17.5,9.0,17.8,-8.5,8.8,0.3000000000000007,cold,Track-related
BNSF,KS0121105,2021-01-03,12:30 PM,Other impacts,0,WICHITA,KS,42,2.0,Day,Clear,Yard,Yard/switching,7,15144,0,15144,H318,37.73114,-97.335162,32.3,32.3,40.9,0.0,8.600000000000001,8.600000000000001,hot,Other
UP,0121HL022,2021-01-28,7:30 AM,Derailment,0,WICHITA,KS,22,1.0,Dawn,Cloudy,Yard,Freight Train,5,32834,5380,38214,T220,37.736867,-97.319192,24.0,29.2,41.1,5.199999999999999,11.900000000000002,17.1,hot,Other
BNSF,KS0119106,2019-01-20,2:20 AM,Obstruction,0,WICHITA,KS,13,4.0,Dark,Clear,Main,Freight Train,37,350,15000,15350,M402,37.727144,-97.335682,20.5,25.1,36.6,4.600000000000001,11.5,16.1,moderate,Other
UP,1017KC024,2017-10-31,2:50 AM,Derailment,0,WICHITA,KS,30,4.0,Dark,Clear,Yard,Yard/switching,0,0,18594,28534,M503,37.71452,-97.33046,48.6,35.8,47.6,-12.800000000000004,11.800000000000004,-1.0,hot,Other
WTA,220315WTA,2022-03-15,2:30 PM,Derailment,0,WICHITA,KS,59,2.0,Day,Clear,Yard,Yard/switching,4,40413,2350,42763,E64C,37.730706,-97.330981,52.2,49.0,57.7,-3.200000000000003,8.700000000000003,5.5,hot,Other
WTA,171031WTA,2017-10-31,2:50 AM,Derailment,0,WICHITA,KS,30,4.0,Dark,Clear,Yard,Yard/switching,5,8390,1550,28534,M503,37.71452,-97.33046,48.6,35.8,47.6,-12.800000000000004,11.800000000000004,-1.0,hot,Other
BNSF,RD0222106,2022-02-07,9:10 PM,Derailment,0,WICHITA FALLS,TX,32,4.0,Dark,Clear,Yard,Freight Train,6,37500,4800,42300,H303,33.929626,-98.532507,36.8,41.7,49.6,4.900000000000006,7.899999999999999,12.800000000000004,hot,Other
CSX,000175443,2018-03-25,5:13 PM,Other impacts,0,WILLARD,OH,35,2.0,Day,Cloudy,Yard,Cut of cars,4,39111,32,39143,H318,41.059857,-82.723964,30.8,31.0,42.2,0.1999999999999993,11.200000000000003,11.400000000000002,hot,Other
CSX,000209882,2023-02-18,4:16 AM,Side collision,0,WILLARD,OH,23,1.0,Dawn,Clear,Yard,Light loco(s),8,11392,0,55449,H607,41.0599,-82.724084,27.5,31.5,44.3,4.0,12.799999999999997,16.799999999999997,hot,Other
CSX,000209882,2023-02-18,4:16 AM,Side collision,0,WILLARD,OH,23,1.0,Dawn,Clear,Yard,Freight Train,5,44057,0,55449,H607,41.0599,-82.724084,27.5,31.5,44.3,4.0,12.799999999999997,16.799999999999997,hot,Other
CSX,000166016,2017-01-16,7:35 PM,Other impacts,0,WILLARD,OH,38,4.0,Dark,Clear,Yard,Freight Train,0,0,180,35583,H021,41.059857,-82.723964,26.8,33.5,49.6,6.699999999999999,16.1,22.8,hot,Other
CSX,000216358,2024-02-24,9:31 PM,Other impacts,0,WILLARD,OH,25,4.0,Dark,Clear,Yard,Yard/switching,3,21500,0,34000,H318,41.059877,-82.72407,42.1,24.1,33.9,-18.0,9.799999999999997,-8.200000000000003,moderate,Other
CSX,000216358,2024-02-24,9:31 PM,Other impacts,0,WILLARD,OH,25,4.0,Dark,Clear,Yard,Single Car,3,12500,0,34000,H318,41.059877,-82.72407,42.1,24.1,33.9,-18.0,9.799999999999997,-8.200000000000003,moderate,Other
CSX,000170137,2017-07-10,12:40 PM,Other impacts,0,WILLARD,OH,70,2.0,Day,Cloudy,Yard,Cut of cars,0,24014,0,295254,H302,41.059857,-82.723964,68.2,67.1,75.1,-1.1000000000000085,8.0,6.8999999999999915,hot,Other
CSX,000166016,2017-01-16,7:35 PM,Other impacts,0,WILLARD,OH,38,4.0,Dark,Clear,Yard,Cut of cars,2,35403,0,35583,H021,41.059857,-82.723964,26.8,33.5,49.6,6.699999999999999,16.1,22.8,hot,Other
CSX,000203197,2022-02-19,5:51 PM,Derailment,0,WILLARD,OH,17,2.0,Day,Clear,Yard,Yard/switching,6,22847,8997,31844,H312,41.059877,-82.72407,20.9,21.3,32.2,0.40000000000000213,10.900000000000002,11.300000000000004,moderate,Other
CSX,000188953,2020-03-07,5:31 PM,Derailment,0,WILLARD,OH,41,3.0,Dusk,Clear,Yard,Freight Train,4,13224,2896,16120,T207,41.063277,-82.74352,34.9,33.5,46.1,-1.3999999999999986,12.600000000000001,11.200000000000003,hot,Track-related
NS,141346,2021-04-26,5:30 AM,Derailment,0,WILLIAMSTOWN,KY,42,1.0,Dawn,Clear,Main,Freight Train,43,10000,25768,35768,E61C,38.574937,-84.585461,51.9,56.6,67.7,4.700000000000003,11.100000000000001,15.800000000000004,hot,Other
BNSF,MT0215105,2015-02-18,9:35 PM,Derailment,0,WILLISTON,ND,10,4.0,Dark,Clear,Main,Freight Train,6,3000,130521,133521,H605,48.142997,-103.607234,3.0,4.9,25.2,1.9000000000000004,20.299999999999997,22.2,cold,Other
BNSF,TC1121109,2021-11-25,3:47 AM,Derailment,0,WILLMAR,MN,9,4.0,Dark,Clear,Yard,Freight Train,4,39886,0,39886,H018,45.123581,-95.046033,31.7,15.0,28.1,-16.7,13.100000000000001,-3.599999999999998,cold,Other
BNSF,TC0118101,2018-01-06,1:45 PM,Other impacts,0,WILLMAR,MN,10,2.0,Day,Cloudy,Yard,Yard/switching,5,49277,0,49277,H310,45.125733,-95.032045,-6.8,0.9,25.1,7.7,24.200000000000003,31.900000000000002,cold,Other
BNSF,CH0217102,2017-02-10,5:15 AM,Derailment,0,WILLOW SPRINGS,IL,25,1.0,Dawn,Clear,Yard,Yard/switching,8,27588,500,28088,H703,41.737905,-87.881171,18.9,30.7,42.5,11.8,11.8,23.6,hot,Other
ATK,157715,2019-02-20,1:30 AM,Other (describe in narrative),0,WILMINGTON,DE,31,4.0,Dark,Cloudy,Main,Maint./inspect Car,5,23000,0,23000,H999,39.739071,-75.539787,31.7,30.6,41.5,-1.0999999999999979,10.899999999999999,9.8,hot,Other
CSX,000192664,2020-09-16,1:25 PM,Other impacts,0,WILMINGTON,DE,76,2.0,Day,Clear,Yard,Single Car,3,4000,0,14516,H318,39.759472,-75.560376,58.5,60.4,67.4,1.8999999999999986,7.000000000000007,8.900000000000006,hot,Other
CSX,000192664,2020-09-16,1:25 PM,Other impacts,0,WILMINGTON,DE,76,2.0,Day,Clear,Yard,Single Car,3,10516,0,14516,H318,39.759472,-75.560376,58.5,60.4,67.4,1.8999999999999986,7.000000000000007,8.900000000000006,hot,Other
MBTA,7072,2017-11-20,8:22 AM,Derailment,0,WILMINGTON,MA,38,2.0,Day,Clear,Main,Passenger Train - Pushing,12,42696,1657,44353,H605,42.581217,-71.168538,49.0,37.2,46.1,-11.799999999999997,8.899999999999999,-2.8999999999999986,hot,Other
WTRY,WTR693520,2020-11-19,7:55 AM,Derailment,0,WILMINGTON,NC,45,1.0,Dawn,Clear,Yard,Yard/switching,3,40000,7647,47647,T202,34.193374,-77.949744,44.3,46.6,56.3,2.3000000000000043,9.699999999999996,12.0,hot,Track-related
CSX,000213053,2023-08-23,10:12 AM,Hwy-rail crossing,0,WINDBER,PA,67,2.0,Day,Clear,Main,Freight Train,23,109251,0,109251,M302,40.243384,-78.88221,66.5,62.6,70.3,-3.8999999999999986,7.699999999999996,3.799999999999997,hot,Other
CSX,000167591,2017-03-20,12:10 AM,Derailment,0,WINDER,GA,48,4.0,Dark,Clear,Main,Freight Train,45,203634,639,204273,E30C,33.977243,-83.645691,52.7,56.3,69.3,3.5999999999999943,13.0,16.599999999999994,hot,Other
TXN,220308001,2022-03-08,3:40 AM,Derailment,0,WINK,TX,32,4.0,Dark,Clear,Main,Freight Train,10,9200,113000,122200,T202,31.791176,-103.119658,39.9,41.7,48.7,1.8000000000000043,7.0,8.800000000000004,hot,Track-related
CP,1000656068,2017-11-19,10:40 AM,Derailment,0,WINONA,MN,37,2.0,Day,Cloudy,Yard,Yard/switching,9,192961,5458,198419,T221,43.84769,-91.297749,35.5,29.5,43.0,-6.0,13.5,7.5,hot,Other
BNSF,SW1216102,2016-12-10,2:30 PM,Derailment,0,WINSLOW,AZ,60,2.0,Day,Clear,Yard,Freight Train,9,15385,250,15635,H607,35.030056,-110.720732,37.4,41.7,49.4,4.300000000000004,7.699999999999996,12.0,hot,Other
BNSF,SW0319104,2019-03-05,5:43 AM,Derailment,0,WINSLOW,AZ,58,1.0,Dawn,Clear,Yard,Freight Train,5,22444,30000,52444,T307,35.031618,-110.725292,50.1,50.4,58.9,0.29999999999999716,8.5,8.799999999999997,hot,Track-related
NS,140400,2021-01-26,8:40 AM,Obstruction,0,WINSTON SALEM,NC,35,2.0,Day,Cloudy,Siding,Spec. MoW Equip.,3,0,0,14000,H997,36.146337,-80.26014,42.2,39.0,48.5,-3.200000000000003,9.5,6.299999999999997,hot,Other
NS,140400,2021-01-26,8:40 AM,Obstruction,0,WINSTON SALEM,NC,35,2.0,Day,Cloudy,Siding,Spec. MoW Equip.,0,14000,0,14000,H997,36.146337,-80.26014,42.2,39.0,48.5,-3.200000000000003,9.5,6.299999999999997,hot,Other
NS,114509,2015-02-24,8:15 PM,Derailment,0,WINSTON-SALEM,NC,25,4.0,Dark,Cloudy,Yard,Freight Train,6,4200,20862,25062,T110,36.128758,-80.233452,40.6,26.0,34.0,-14.600000000000001,8.0,-6.600000000000001,moderate,Track-related
UP,1020MA010,2020-10-06,11:19 AM,Hwy-rail crossing,0,WOLF LAKE,IL,65,2.0,Day,Clear,Main,Freight Train,47,42148,0,42148,M302,37.4751,-89.410282,47.2,55.8,65.4,8.599999999999994,9.600000000000009,18.200000000000003,hot,Other
BNSF,MT0717106,2017-07-12,2:30 AM,Derailment,0,WOLF POINT,MT,62,4.0,Dark,Clear,Industry,Freight Train,6,73140,20000,93140,T309,48.094961,-105.62486,75.7,67.4,76.6,-8.299999999999997,9.199999999999989,0.8999999999999915,hot,Track-related
RCPE,RCP358323D,2023-03-18,6:00 PM,Derailment,0,WOLSEY,SD,15,2.0,Day,Clear,Main,Freight Train,40,182000,151012,333012,T204,44.432203,-98.581234,12.8,9.9,23.5,-2.9000000000000004,13.6,10.7,cold,Track-related
NS,123095,2016-12-11,4:50 AM,Derailment,0,WOODBOURNE,PA,28,1.0,Dawn,Clear,Yard,Freight Train,7,26434,20466,46900,H303,40.191353,-74.883778,31.0,30.0,40.5,-1.0,10.5,9.5,hot,Other
CRSH,146837,2024-03-01,7:50 AM,Derailment,0,WOODBRIDGE,NJ,38,1.0,Dawn,Clear,Yard,Yard/switching,5,39122,10647,49769,T220,40.567988,-74.248719,36.8,37.9,46.5,1.1000000000000014,8.600000000000001,9.700000000000003,hot,Other
CSX,000156336,2016-01-24,5:36 AM,Derailment,0,WOODLAND,GA,23,1.0,Dawn,Clear,Main,Freight Train,23,268636,50069,318705,T207,32.811216,-84.552571,32.6,34.7,42.4,2.1000000000000014,7.699999999999996,9.799999999999997,hot,Track-related
CSX,000165343,2016-12-20,11:05 PM,Derailment,0,WORCESTER,MA,24,4.0,Dark,Clear,Yard,Yard/switching,3,16593,314,16907,H303,42.255139,-71.805321,19.2,21.2,28.8,2.0,7.600000000000001,9.600000000000001,moderate,Other
PW,161202,2016-12-26,5:18 PM,Derailment,0,WORCESTER,MA,34,3.0,Dusk,Cloudy,Yard,Yard/switching,6,1427,70000,71427,T314,42.248511,-71.808625,33.3,27.6,44.8,-5.699999999999996,17.199999999999996,11.5,hot,Track-related
BNSF,PR0920202,2020-09-10,1:30 PM,Hwy-rail crossing,0,WORLAND,WY,85,2.0,Day,Clear,Main,Spec. MoW Equip.,15,50000,0,50000,M302,43.993442,-107.978753,42.9,51.9,59.9,9.0,8.0,17.0,hot,Other
UP,0823GL031,2023-08-15,4:15 PM,Hwy-rail crossing,0,WORTHINGTON,MN,76,2.0,Day,Clear,Main,Freight Train,34,12555,300,12855,M302,43.587921,-95.643917,60.9,63.9,72.0,3.0,8.100000000000001,11.100000000000001,hot,Other
CARR,CRR050801,2017-05-08,9:15 AM,Side collision,0,WORTHVILLE,KY,55,2.0,Day,Clear,Yard,Freight Train,5,24670,0,24670,M506,38.609276,-85.069229,52.6,53.2,61.9,0.6000000000000014,8.699999999999996,9.299999999999997,hot,Other
CARR,CRR050801,2017-05-08,9:15 AM,Side collision,0,WORTHVILLE,KY,55,2.0,Day,Clear,Yard,Single Car,0,0,0,24670,M506,38.609276,-85.069229,52.6,53.2,61.9,0.6000000000000014,8.699999999999996,9.299999999999997,hot,Other
BNSF,PR1016109,2016-10-20,10:50 AM,Derailment,0,WRIGHT,WY,46,2.0,Day,Clear,Industry,Freight Train,0,20000,5000,25000,H607,43.728553,-105.361189,38.1,43.5,51.2,5.399999999999999,7.700000000000003,13.100000000000001,hot,Other
NS,123074,2016-12-09,6:50 AM,Hwy-rail crossing,0,WRIGHT CITY,MO,30,1.0,Dawn,Clear,Main,Spec. MoW Equip.,25,24547,0,24547,M302,38.826893,-91.035876,24.7,21.9,30.0,-2.8000000000000007,8.100000000000001,5.300000000000001,moderate,Other
NS,151872,2022-12-31,10:00 AM,Hwy-rail crossing,0,WRIGHT CITY,MO,46,2.0,Day,Clear,Main,Freight Train,53,25000,0,25000,M302,38.820619,-90.98063,45.5,41.8,51.9,-3.700000000000003,10.100000000000001,6.399999999999999,hot,Other
NYA,032915,2015-03-29,11:50 PM,Derailment,0,WYANDANCH,NY,38,4.0,Dark,Clear,Siding,Freight Train,4,42000,400000,442000,H210,40.752558,-73.368133,34.2,33.0,42.1,-1.2000000000000028,9.100000000000001,7.899999999999999,hot,Other
UP,0223GL009,2023-02-03,7:15 PM,Derailment,0,WYEVILLE,WI,1,3.0,Dusk,Cloudy,Industry,Light loco(s),7,2045,21310,23355,T313,44.044479,-90.403138,11.3,-2.7,19.5,-14.0,22.2,8.2,cold,Track-related
SEPA,38242,2020-01-02,9:58 AM,Hwy-rail crossing,0,WYNCOTE,PA,35,2.0,Day,Clear,Main,EMU,40,12754,0,12754,M308,40.095707,-75.139272,36.5,37.0,46.3,0.5,9.299999999999997,9.799999999999997,hot,Other
SEPA,SEPA122122,2022-12-21,11:03 AM,Side collision,0,YARDLEY,PA,30,2.0,Day,Clear,Main,Spec. MoW Equip.,0,180000,0,180000,H212,40.202742,-74.876415,31.7,29.5,36.3,-2.1999999999999993,6.799999999999997,4.599999999999998,hot,Other
BNSF,SW0517101,2017-05-01,4:35 PM,Derailment,0,YESO,NM,75,2.0,Day,Clear,Main,Maint./inspect Car,6,34700,0,34700,H402,34.43741,-104.61251,45.8,58.8,66.1,13.0,7.299999999999997,20.299999999999997,hot,Other
NS,118255,2015-11-18,6:54 AM,Derailment,0,YORK HAVEN,PA,40,1.0,Dawn,Clear,Industry,Freight Train,6,93000,100,93100,H514,40.101021,-76.706308,47.8,51.5,60.6,3.700000000000003,9.100000000000001,12.800000000000004,hot,Other
UP,0915WH006,2015-09-20,8:01 PM,Derailment,0,YUKON,OK,65,4.0,Dark,Cloudy,Main,Freight Train,48,195547,44084,239631,M503,35.481737,-97.715293,69.0,66.6,73.3,-2.4000000000000057,6.700000000000003,4.299999999999997,hot,Other
NS,155384,2024-01-17,1:45 PM,Hwy-rail crossing,0,BAYLIS,IL,20,2.0,Day,Clear,Main,Freight Train,45,8000,9800,17800,M303,39.715791,-90.894907,39.6,38.5,45.3,-1.1000000000000014,6.799999999999997,5.699999999999996,hot,Other